id,tipo,descripcion,valor,fecha_creacion,activo
172.0,POR_MES,tarifa estándar para bicicleta,72502.0,2026-04-28,True
996.0,POR_HORA,tarifa estándar para carro,4753.0,2026-05-06,False
446.0,POR_HORA,tarifa estándar para moto,185973.0,2026-02-23,False
589.0,POR_MES,tarifa estándar para camioneta,148471.0,2026-05-11,False
87.0,POR_DIA,tarifa estándar para carro,20008.0,2026-01-08,True
265.0,POR_DIA,tarifa estándar para camioneta,185424.0,2026-05-08,True
499.0,POR_DIA,tarifa estándar para bicicleta,216997.0,2026-01-01,False
907.0,POR_DIA,tarifa estándar para camioneta,60572.0,2026-05-03,True
126.0,POR_MES,tarifa estándar para moto,186850.0,2026-06-17,True
352.0,POR_DIA,tarifa estándar para carro,178534.0,2026-04-15,False
503.0,POR_MES,tarifa estándar para carro,208709.0,2026-04-06,False
275.0,POR_DIA,tarifa estándar para carro,40450.0,2026-03-17,False
11.0,POR_HORA,tarifa estándar para bicicleta,90756.0,2026-01-15,False
557.0,POR_DIA,tarifa estándar para moto,206416.0,2026-06-22,False
122.0,POR_MES,tarifa estándar para carro,240827.0,2026-01-01,True
680.0,POR_MES,tarifa estándar para moto,91314.0,2026-03-06,False
560.0,POR_DIA,tarifa estándar para bicicleta,160700.0,2026-01-01,False
202.0,POR_HORA,tarifa estándar para carro,184748.0,2026-05-10,False
598.0,POR_DIA,tarifa estándar para carro,99260.0,2026-04-06,True
346.0,POR_MES,tarifa estándar para camioneta,52789.0,2026-04-11,False
80.0,POR_MES,tarifa estándar para bicicleta,148386.0,2026-03-28,False
859.0,POR_MES,tarifa estándar para moto,46222.0,2026-03-28,False
859.0,POR_DIA,tarifa estándar para bicicleta,152419.0,2026-06-07,True
271.0,POR_HORA,tarifa estándar para bicicleta,98702.0,2026-02-06,False
390.0,POR_MES,tarifa estándar para moto,138382.0,2026-02-15,False
706.0,POR_HORA,tarifa estándar para carro,166043.0,2026-06-10,False
488.0,POR_MES,tarifa estándar para moto,141851.0,2026-04-12,True
57.0,POR_DIA,tarifa estándar para bicicleta,212734.0,2026-03-06,True
918.0,POR_HORA,tarifa estándar para camioneta,143514.0,2026-03-08,False
427.0,POR_HORA,tarifa estándar para moto,147809.0,2026-02-22,True
835.0,POR_HORA,tarifa estándar para bicicleta,224179.0,2026-01-23,False
107.0,POR_DIA,tarifa estándar para bicicleta,25927.0,2026-02-09,True
463.0,POR_DIA,tarifa estándar para moto,154563.0,2026-03-05,False
557.0,POR_DIA,tarifa estándar para camioneta,214227.0,2026-05-14,True
252.0,POR_MES,tarifa estándar para moto,223414.0,2026-01-01,False
884.0,POR_HORA,tarifa estándar para moto,57940.0,2026-01-01,True
712.0,POR_HORA,tarifa estándar para bicicleta,77879.0,2026-06-05,False
784.0,POR_MES,tarifa estándar para camioneta,158284.0,2026-06-12,False
236.0,POR_MES,tarifa estándar para carro,200659.0,2026-01-01,True
188.0,POR_DIA,tarifa estándar para bicicleta,67525.0,2026-01-31,False
540.0,POR_MES,tarifa estándar para bicicleta,56327.0,2026-05-15,True
396.0,POR_MES,tarifa estándar para bicicleta,175919.0,2026-02-14,True
835.0,POR_MES,tarifa estándar para bicicleta,118322.0,2026-02-05,True
174.0,POR_MES,tarifa estándar para carro,172754.0,2026-04-30,False
11.0,POR_MES,tarifa estándar para bicicleta,52225.0,2026-06-16,False
799.0,POR_DIA,tarifa estándar para moto,51917.0,2026-03-27,False
628.0,POR_HORA,tarifa estándar para moto,49935.0,2026-03-31,False
238.0,POR_DIA,tarifa estándar para carro,214604.0,2026-04-17,True
94.0,POR_DIA,tarifa estándar para carro,55904.0,2026-03-15,True
55.0,POR_MES,tarifa estándar para moto,142169.0,2026-04-11,False
665.0,POR_DIA,tarifa estándar para moto,197544.0,2026-02-26,False
736.0,POR_HORA,tarifa estándar para carro,116315.0,2026-03-21,True
642.0,POR_HORA,tarifa estándar para carro,197449.0,2026-01-01,True
804.0,POR_MES,tarifa estándar para carro,136700.0,2026-01-04,False
156.0,POR_MES,tarifa estándar para moto,65100.0,2026-05-08,True
942.0,POR_MES,tarifa estándar para carro,174128.0,2026-01-01,True
173.0,POR_HORA,tarifa estándar para camioneta,8191.0,2026-06-17,True
768.0,POR_DIA,tarifa estándar para moto,172571.0,2026-01-25,True
302.0,POR_MES,tarifa estándar para moto,214054.0,2026-01-01,True
290.0,POR_HORA,tarifa estándar para carro,117909.0,2026-05-15,True
534.0,POR_DIA,tarifa estándar para bicicleta,137230.0,2026-05-05,True
940.0,POR_HORA,tarifa estándar para bicicleta,66519.0,2026-01-16,True
855.0,POR_DIA,tarifa estándar para camioneta,32936.0,2026-01-02,False
432.0,POR_HORA,tarifa estándar para camioneta,40344.0,2026-01-01,True
467.0,POR_DIA,tarifa estándar para carro,184667.0,2026-04-07,True
583.0,POR_HORA,tarifa estándar para moto,172919.0,2026-06-19,True
886.0,POR_HORA,tarifa estándar para carro,41067.0,2026-04-16,True
719.0,POR_HORA,tarifa estándar para moto,186201.0,2026-04-06,True
509.0,POR_HORA,tarifa estándar para camioneta,182805.0,2026-04-07,True
573.0,POR_HORA,tarifa estándar para carro,138033.0,2026-06-30,True
921.0,POR_MES,tarifa estándar para carro,72979.0,2026-03-19,False
525.0,POR_DIA,tarifa estándar para moto,142399.0,2026-01-01,False
259.0,POR_HORA,tarifa estándar para bicicleta,225075.0,2026-01-01,True
61.0,POR_HORA,tarifa estándar para camioneta,177050.0,2026-01-01,True
670.0,POR_MES,tarifa estándar para camioneta,63086.0,2026-04-30,False
761.0,POR_MES,tarifa estándar para carro,19611.0,2026-01-29,True
469.0,POR_MES,tarifa estándar para moto,177930.0,2026-05-12,True
91.0,POR_DIA,tarifa estándar para camioneta,114817.0,2026-01-01,False
657.0,POR_HORA,tarifa estándar para carro,7584.0,2026-02-19,True
482.0,POR_HORA,tarifa estándar para carro,236446.0,2026-04-10,True
450.0,POR_MES,tarifa estándar para carro,25835.0,2026-02-15,True
74.0,POR_HORA,tarifa estándar para camioneta,51410.0,2026-03-01,True
71.0,POR_MES,tarifa estándar para moto,14040.0,2026-03-16,False
947.0,POR_MES,tarifa estándar para moto,243637.0,2026-02-20,False
452.0,POR_MES,tarifa estándar para carro,51965.0,2026-05-03,True
772.0,POR_MES,tarifa estándar para bicicleta,228060.0,2026-02-05,False
37.0,POR_MES,tarifa estándar para moto,115753.0,2026-05-14,True
835.0,POR_HORA,tarifa estándar para camioneta,243596.0,2026-01-01,False
814.0,POR_HORA,tarifa estándar para camioneta,249188.0,2026-04-25,True
985.0,POR_MES,tarifa estándar para camioneta,78459.0,2026-05-12,False
68.0,POR_HORA,tarifa estándar para camioneta,161158.0,2026-04-25,False
952.0,POR_HORA,tarifa estándar para carro,235320.0,2026-05-28,False
645.0,POR_DIA,tarifa estándar para carro,95167.0,2026-06-02,False
146.0,POR_HORA,tarifa estándar para carro,64773.0,2026-01-01,True
778.0,POR_MES,tarifa estándar para bicicleta,184863.0,2026-04-23,False
507.0,POR_DIA,tarifa estándar para camioneta,57652.0,2026-05-16,False
47.0,POR_DIA,tarifa estándar para bicicleta,97846.0,2026-06-21,True
779.0,POR_DIA,tarifa estándar para moto,117148.0,2026-04-21,True
119.0,POR_DIA,tarifa estándar para carro,199117.0,2026-02-18,True
508.0,POR_HORA,tarifa estándar para camioneta,74880.0,2026-02-18,False
56.0,POR_DIA,tarifa estándar para carro,15073.0,2026-02-15,False
469.0,POR_HORA,tarifa estándar para moto,192503.0,2026-02-18,True
437.0,POR_MES,tarifa estándar para camioneta,186933.0,2026-01-01,True
736.0,POR_HORA,tarifa estándar para moto,61374.0,2026-02-03,False
889.0,POR_MES,tarifa estándar para carro,22568.0,2026-01-01,False
135.0,POR_HORA,tarifa estándar para camioneta,137383.0,2026-01-01,True
356.0,POR_MES,tarifa estándar para bicicleta,120699.0,2026-01-01,True
450.0,POR_HORA,tarifa estándar para bicicleta,236318.0,2026-04-18,False
672.0,POR_MES,tarifa estándar para camioneta,32533.0,2026-01-11,True
310.0,POR_DIA,tarifa estándar para bicicleta,27825.0,2026-03-12,True
809.0,POR_MES,tarifa estándar para bicicleta,151131.0,2026-06-21,True
665.0,POR_HORA,tarifa estándar para bicicleta,104409.0,2026-04-28,False
362.0,POR_DIA,tarifa estándar para carro,202349.0,2026-01-01,False
258.0,POR_HORA,tarifa estándar para camioneta,53744.0,2026-01-01,False
977.0,POR_MES,tarifa estándar para carro,79499.0,2026-03-09,True
620.0,POR_HORA,tarifa estándar para bicicleta,83814.0,2026-06-02,False
558.0,POR_DIA,tarifa estándar para moto,52040.0,2026-01-14,True
56.0,POR_MES,tarifa estándar para camioneta,187764.0,2026-01-01,True
498.0,POR_HORA,tarifa estándar para camioneta,3330.0,2026-01-27,False
473.0,POR_DIA,tarifa estándar para carro,163617.0,2026-01-08,True
210.0,POR_DIA,tarifa estándar para moto,16132.0,2026-01-01,False
186.0,POR_MES,tarifa estándar para bicicleta,91661.0,2026-03-21,False
908.0,POR_MES,tarifa estándar para bicicleta,206916.0,2026-01-01,True
548.0,POR_HORA,tarifa estándar para moto,84472.0,2026-06-15,False
553.0,POR_MES,tarifa estándar para bicicleta,160326.0,2026-05-02,True
318.0,POR_MES,tarifa estándar para bicicleta,235058.0,2026-01-01,False
971.0,POR_MES,tarifa estándar para bicicleta,28414.0,2026-04-29,True
153.0,POR_DIA,tarifa estándar para bicicleta,107002.0,2026-01-24,True
834.0,POR_MES,tarifa estándar para camioneta,184977.0,2026-05-18,False
556.0,POR_MES,tarifa estándar para carro,55059.0,2026-03-30,False
847.0,POR_DIA,tarifa estándar para moto,98511.0,2026-03-11,True
436.0,POR_HORA,tarifa estándar para carro,220725.0,2026-06-27,False
874.0,POR_MES,tarifa estándar para bicicleta,35461.0,2026-03-13,False
582.0,POR_HORA,tarifa estándar para camioneta,74747.0,2026-01-01,False
771.0,POR_MES,tarifa estándar para carro,17274.0,2026-02-19,True
326.0,POR_DIA,tarifa estándar para camioneta,240402.0,2026-01-27,True
997.0,POR_HORA,tarifa estándar para camioneta,34055.0,2026-06-07,False
684.0,POR_DIA,tarifa estándar para bicicleta,122486.0,2026-05-31,False
369.0,POR_MES,tarifa estándar para moto,115441.0,2026-02-11,False
790.0,POR_MES,tarifa estándar para carro,81263.0,2026-01-01,True
940.0,POR_DIA,tarifa estándar para moto,213105.0,2026-01-01,True
357.0,POR_DIA,tarifa estándar para carro,104549.0,2026-01-01,True
431.0,POR_MES,tarifa estándar para moto,102313.0,2026-04-16,False
27.0,POR_DIA,tarifa estándar para bicicleta,156521.0,2026-01-29,True
361.0,POR_HORA,tarifa estándar para bicicleta,155046.0,2026-05-07,False
655.0,POR_MES,tarifa estándar para moto,134804.0,2026-06-12,False
366.0,POR_DIA,tarifa estándar para bicicleta,39870.0,2026-06-26,True
261.0,POR_DIA,tarifa estándar para moto,209545.0,2026-02-10,True
125.0,POR_MES,tarifa estándar para camioneta,97396.0,2026-02-23,False
916.0,POR_HORA,tarifa estándar para carro,99666.0,2026-01-08,True
567.0,POR_HORA,tarifa estándar para camioneta,242991.0,2026-01-01,True
803.0,POR_MES,tarifa estándar para carro,38741.0,2026-05-16,True
761.0,POR_DIA,tarifa estándar para camioneta,188880.0,2026-05-20,False
956.0,POR_DIA,tarifa estándar para camioneta,228843.0,2026-06-23,True
284.0,POR_MES,tarifa estándar para moto,159097.0,2026-03-02,False
370.0,POR_DIA,tarifa estándar para camioneta,45100.0,2026-05-09,False
777.0,POR_DIA,tarifa estándar para moto,33720.0,2026-05-21,False
154.0,POR_HORA,tarifa estándar para camioneta,150990.0,2026-01-01,True
232.0,POR_HORA,tarifa estándar para camioneta,181713.0,2026-01-10,True
504.0,POR_MES,tarifa estándar para moto,159338.0,2026-06-25,False
981.0,POR_MES,tarifa estándar para bicicleta,39685.0,2026-02-17,False
648.0,POR_DIA,tarifa estándar para camioneta,197510.0,2026-03-18,True
986.0,POR_DIA,tarifa estándar para camioneta,182862.0,2026-04-08,False
178.0,POR_HORA,tarifa estándar para bicicleta,45324.0,2026-01-28,False
448.0,POR_MES,tarifa estándar para moto,193142.0,2026-02-26,False
250.0,POR_DIA,tarifa estándar para moto,220433.0,2026-04-03,False
777.0,POR_HORA,tarifa estándar para camioneta,170454.0,2026-06-23,True
963.0,POR_HORA,tarifa estándar para carro,184869.0,2026-01-01,False
153.0,POR_DIA,tarifa estándar para bicicleta,165306.0,2026-04-25,True
128.0,POR_DIA,tarifa estándar para moto,187107.0,2026-04-17,True
270.0,POR_HORA,tarifa estándar para camioneta,206016.0,2026-01-01,False
335.0,POR_MES,tarifa estándar para moto,45065.0,2026-02-20,False
90.0,POR_DIA,tarifa estándar para bicicleta,12624.0,2026-05-02,False
489.0,POR_DIA,tarifa estándar para bicicleta,33058.0,2026-01-01,False
722.0,POR_DIA,tarifa estándar para camioneta,185324.0,2026-05-06,False
799.0,POR_MES,tarifa estándar para camioneta,112027.0,2026-04-27,True
496.0,POR_HORA,tarifa estándar para bicicleta,56597.0,2026-02-28,False
712.0,POR_DIA,tarifa estándar para camioneta,102766.0,2026-01-10,False
855.0,POR_HORA,tarifa estándar para carro,206466.0,2026-05-21,False
296.0,POR_MES,tarifa estándar para bicicleta,120402.0,2026-05-15,True
215.0,POR_HORA,tarifa estándar para camioneta,116430.0,2026-05-01,True
227.0,POR_HORA,tarifa estándar para carro,194519.0,2026-04-06,False
526.0,POR_HORA,tarifa estándar para moto,65398.0,2026-02-22,False
922.0,POR_MES,tarifa estándar para bicicleta,24937.0,2026-05-07,True
286.0,POR_HORA,tarifa estándar para camioneta,203304.0,2026-03-26,True
367.0,POR_DIA,tarifa estándar para camioneta,145758.0,2026-06-10,True
498.0,POR_HORA,tarifa estándar para camioneta,46991.0,2026-01-01,False
166.0,POR_DIA,tarifa estándar para camioneta,245269.0,2026-04-25,True
39.0,POR_DIA,tarifa estándar para moto,224920.0,2026-05-11,True
544.0,POR_HORA,tarifa estándar para moto,24444.0,2026-01-20,False
519.0,POR_MES,tarifa estándar para bicicleta,131355.0,2026-05-05,False
436.0,POR_HORA,tarifa estándar para camioneta,82851.0,2026-01-01,False
38.0,POR_MES,tarifa estándar para carro,98447.0,2026-01-23,True
233.0,POR_MES,tarifa estándar para moto,237944.0,2026-02-22,True
131.0,POR_MES,tarifa estándar para camioneta,106610.0,2026-01-06,True
92.0,POR_DIA,tarifa estándar para carro,218587.0,2026-05-22,False
92.0,POR_HORA,tarifa estándar para moto,20495.0,2026-01-01,False
354.0,POR_HORA,tarifa estándar para bicicleta,158705.0,2026-05-22,True
408.0,POR_MES,tarifa estándar para carro,95515.0,2026-04-15,True
917.0,POR_MES,tarifa estándar para carro,129662.0,2026-02-01,False
87.0,POR_HORA,tarifa estándar para bicicleta,211922.0,2026-01-01,False
777.0,POR_HORA,tarifa estándar para moto,28966.0,2026-02-25,True
334.0,POR_HORA,tarifa estándar para carro,171106.0,2026-06-22,False
44.0,POR_DIA,tarifa estándar para bicicleta,77623.0,2026-01-01,True
598.0,POR_DIA,tarifa estándar para camioneta,243566.0,2026-03-29,True
438.0,POR_DIA,tarifa estándar para moto,22580.0,2026-03-07,True
472.0,POR_MES,tarifa estándar para bicicleta,151265.0,2026-03-08,True
687.0,POR_HORA,tarifa estándar para carro,156405.0,2026-01-01,True
311.0,POR_HORA,tarifa estándar para bicicleta,99732.0,2026-03-15,False
341.0,POR_MES,tarifa estándar para moto,33064.0,2026-03-20,False
85.0,POR_HORA,tarifa estándar para camioneta,166901.0,2026-01-01,False
230.0,POR_HORA,tarifa estándar para moto,46342.0,2026-03-08,True
285.0,POR_DIA,tarifa estándar para camioneta,218439.0,2026-04-19,False
743.0,POR_MES,tarifa estándar para bicicleta,162438.0,2026-06-17,False
971.0,POR_MES,tarifa estándar para moto,189952.0,2026-04-13,False
104.0,POR_HORA,tarifa estándar para camioneta,37677.0,2026-04-15,True
322.0,POR_HORA,tarifa estándar para camioneta,109627.0,2026-05-05,True
410.0,POR_DIA,tarifa estándar para moto,18193.0,2026-01-01,False
406.0,POR_MES,tarifa estándar para camioneta,57093.0,2026-01-03,True
78.0,POR_DIA,tarifa estándar para bicicleta,135139.0,2026-05-27,True
412.0,POR_MES,tarifa estándar para bicicleta,44410.0,2026-01-01,True
218.0,POR_DIA,tarifa estándar para carro,137969.0,2026-03-20,False
90.0,POR_HORA,tarifa estándar para bicicleta,203207.0,2026-01-09,False
283.0,POR_DIA,tarifa estándar para carro,11256.0,2026-01-31,False
117.0,POR_DIA,tarifa estándar para bicicleta,219122.0,2026-04-03,True
248.0,POR_DIA,tarifa estándar para camioneta,153120.0,2026-01-20,True
646.0,POR_DIA,tarifa estándar para camioneta,3966.0,2026-01-07,True
806.0,POR_MES,tarifa estándar para moto,29146.0,2026-05-26,True
228.0,POR_MES,tarifa estándar para camioneta,71282.0,2026-05-16,False
926.0,POR_HORA,tarifa estándar para camioneta,206025.0,2026-01-01,True
954.0,POR_HORA,tarifa estándar para camioneta,190333.0,2026-02-04,False
722.0,POR_DIA,tarifa estándar para camioneta,157215.0,2026-01-01,False
334.0,POR_HORA,tarifa estándar para camioneta,95170.0,2026-01-24,False
449.0,POR_MES,tarifa estándar para camioneta,146183.0,2026-05-22,True
671.0,POR_DIA,tarifa estándar para camioneta,16768.0,2026-01-01,False
327.0,POR_MES,tarifa estándar para bicicleta,229178.0,2026-01-30,False
762.0,POR_HORA,tarifa estándar para carro,19568.0,2026-01-01,False
827.0,POR_HORA,tarifa estándar para camioneta,210078.0,2026-05-03,True
830.0,POR_MES,tarifa estándar para camioneta,52813.0,2026-06-30,False
733.0,POR_HORA,tarifa estándar para moto,15131.0,2026-05-27,True
204.0,POR_HORA,tarifa estándar para carro,5062.0,2026-01-28,True
656.0,POR_MES,tarifa estándar para carro,150922.0,2026-04-28,True
13.0,POR_HORA,tarifa estándar para carro,107242.0,2026-01-03,False
635.0,POR_DIA,tarifa estándar para carro,113998.0,2026-02-18,False
651.0,POR_MES,tarifa estándar para bicicleta,11350.0,2026-01-05,True
223.0,POR_MES,tarifa estándar para moto,106646.0,2026-04-28,True
887.0,POR_MES,tarifa estándar para moto,54756.0,2026-02-15,False
361.0,POR_DIA,tarifa estándar para bicicleta,163632.0,2026-04-04,True
766.0,POR_HORA,tarifa estándar para bicicleta,130606.0,2026-03-28,True
546.0,POR_DIA,tarifa estándar para moto,240518.0,2026-02-08,False
482.0,POR_MES,tarifa estándar para carro,228373.0,2026-05-25,True
788.0,POR_HORA,tarifa estándar para camioneta,77615.0,2026-03-31,False
245.0,POR_HORA,tarifa estándar para moto,240966.0,2026-06-07,False
447.0,POR_MES,tarifa estándar para moto,106150.0,2026-01-01,False
533.0,POR_MES,tarifa estándar para bicicleta,202116.0,2026-03-15,False
913.0,POR_MES,tarifa estándar para bicicleta,18437.0,2026-03-28,True
966.0,POR_DIA,tarifa estándar para bicicleta,121008.0,2026-02-26,False
2.0,POR_DIA,tarifa estándar para bicicleta,96333.0,2026-05-30,False
534.0,POR_MES,tarifa estándar para camioneta,14472.0,2026-01-02,True
964.0,POR_DIA,tarifa estándar para bicicleta,95322.0,2026-01-01,False
249.0,POR_HORA,tarifa estándar para camioneta,223628.0,2026-05-15,False
804.0,POR_MES,tarifa estándar para moto,197419.0,2026-05-01,True
639.0,POR_HORA,tarifa estándar para carro,105630.0,2026-01-09,True
680.0,POR_MES,tarifa estándar para bicicleta,26417.0,2026-01-01,True
508.0,POR_HORA,tarifa estándar para bicicleta,2291.0,2026-03-01,False
578.0,POR_HORA,tarifa estándar para moto,158581.0,2026-01-14,False
779.0,POR_MES,tarifa estándar para camioneta,102358.0,2026-01-01,False
673.0,POR_DIA,tarifa estándar para moto,191259.0,2026-04-03,False
500.0,POR_MES,tarifa estándar para camioneta,49343.0,2026-01-01,False
153.0,POR_DIA,tarifa estándar para bicicleta,183026.0,2026-01-28,False
281.0,POR_MES,tarifa estándar para bicicleta,96139.0,2026-01-09,True
120.0,POR_MES,tarifa estándar para moto,110113.0,2026-02-02,True
643.0,POR_DIA,tarifa estándar para camioneta,238457.0,2026-06-20,False
442.0,POR_MES,tarifa estándar para camioneta,28342.0,2026-03-26,True
7.0,POR_HORA,tarifa estándar para bicicleta,28153.0,2026-05-10,True
436.0,POR_MES,tarifa estándar para bicicleta,38342.0,2026-05-25,True
361.0,POR_DIA,tarifa estándar para bicicleta,89243.0,2026-03-06,False
249.0,POR_HORA,tarifa estándar para bicicleta,79689.0,2026-05-29,True
999.0,POR_DIA,tarifa estándar para bicicleta,87014.0,2026-01-01,True
559.0,POR_DIA,tarifa estándar para carro,216538.0,2026-01-01,True
328.0,POR_DIA,tarifa estándar para bicicleta,163106.0,2026-04-05,True
522.0,POR_DIA,tarifa estándar para carro,201218.0,2026-01-08,False
643.0,POR_HORA,tarifa estándar para moto,81178.0,2026-03-24,False
548.0,POR_MES,tarifa estándar para camioneta,57110.0,2026-01-06,False
363.0,POR_DIA,tarifa estándar para camioneta,133207.0,2026-01-26,False
562.0,POR_HORA,tarifa estándar para carro,91481.0,2026-03-27,False
930.0,POR_MES,tarifa estándar para carro,39049.0,2026-05-01,True
887.0,POR_HORA,tarifa estándar para camioneta,46815.0,2026-01-01,False
49.0,POR_HORA,tarifa estándar para bicicleta,13280.0,2026-05-28,True
485.0,POR_DIA,tarifa estándar para moto,182535.0,2026-01-11,True
887.0,POR_HORA,tarifa estándar para carro,93131.0,2026-05-22,True
4.0,POR_DIA,tarifa estándar para camioneta,57540.0,2026-03-28,False
291.0,POR_DIA,tarifa estándar para camioneta,133982.0,2026-04-02,True
517.0,POR_DIA,tarifa estándar para moto,95400.0,2026-06-20,True
556.0,POR_MES,tarifa estándar para bicicleta,238166.0,2026-06-02,False
366.0,POR_MES,tarifa estándar para bicicleta,145495.0,2026-01-05,False
309.0,POR_HORA,tarifa estándar para bicicleta,12341.0,2026-04-02,False
874.0,POR_HORA,tarifa estándar para moto,151625.0,2026-03-25,False
966.0,POR_DIA,tarifa estándar para moto,33507.0,2026-01-11,True
601.0,POR_MES,tarifa estándar para bicicleta,42289.0,2026-02-05,False
381.0,POR_MES,tarifa estándar para camioneta,183164.0,2026-04-06,False
404.0,POR_MES,tarifa estándar para camioneta,133785.0,2026-06-11,False
871.0,POR_MES,tarifa estándar para moto,83189.0,2026-06-09,False
343.0,POR_MES,tarifa estándar para carro,85573.0,2026-05-17,False
972.0,POR_HORA,tarifa estándar para bicicleta,11270.0,2026-01-04,False
323.0,POR_DIA,tarifa estándar para bicicleta,128850.0,2026-01-01,True
12.0,POR_MES,tarifa estándar para camioneta,237128.0,2026-05-06,False
687.0,POR_MES,tarifa estándar para camioneta,155514.0,2026-02-25,True
643.0,POR_MES,tarifa estándar para bicicleta,191700.0,2026-06-25,False
423.0,POR_DIA,tarifa estándar para moto,184499.0,2026-04-05,False
562.0,POR_HORA,tarifa estándar para moto,108726.0,2026-01-01,True
113.0,POR_MES,tarifa estándar para camioneta,99991.0,2026-03-25,True
607.0,POR_MES,tarifa estándar para camioneta,194411.0,2026-02-01,False
880.0,POR_DIA,tarifa estándar para camioneta,125100.0,2026-01-01,True
322.0,POR_DIA,tarifa estándar para bicicleta,77249.0,2026-04-18,False
27.0,POR_MES,tarifa estándar para carro,201830.0,2026-01-08,False
577.0,POR_DIA,tarifa estándar para carro,16803.0,2026-03-18,False
658.0,POR_DIA,tarifa estándar para carro,82326.0,2026-05-04,True
126.0,POR_DIA,tarifa estándar para bicicleta,225893.0,2026-01-02,True
23.0,POR_HORA,tarifa estándar para bicicleta,27664.0,2026-01-31,True
485.0,POR_HORA,tarifa estándar para moto,57861.0,2026-06-27,False
617.0,POR_HORA,tarifa estándar para camioneta,14305.0,2026-03-29,True
172.0,POR_DIA,tarifa estándar para camioneta,77407.0,2026-03-21,True
682.0,POR_MES,tarifa estándar para carro,37648.0,2026-05-24,False
840.0,POR_MES,tarifa estándar para bicicleta,105893.0,2026-01-01,False
672.0,POR_HORA,tarifa estándar para carro,42439.0,2026-03-08,True
416.0,POR_MES,tarifa estándar para bicicleta,22834.0,2026-06-02,False
779.0,POR_DIA,tarifa estándar para moto,40348.0,2026-03-15,False
496.0,POR_MES,tarifa estándar para camioneta,57708.0,2026-05-13,True
241.0,POR_DIA,tarifa estándar para bicicleta,155653.0,2026-01-01,True
561.0,POR_MES,tarifa estándar para carro,102370.0,2026-02-22,False
541.0,POR_DIA,tarifa estándar para bicicleta,64849.0,2026-05-14,True
32.0,POR_HORA,tarifa estándar para carro,51191.0,2026-03-18,True
901.0,POR_MES,tarifa estándar para camioneta,90956.0,2026-01-01,False
268.0,POR_HORA,tarifa estándar para camioneta,15201.0,2026-04-09,True
408.0,POR_DIA,tarifa estándar para camioneta,67444.0,2026-04-23,True
731.0,POR_MES,tarifa estándar para bicicleta,137902.0,2026-06-01,False
31.0,POR_MES,tarifa estándar para carro,21574.0,2026-05-18,True
265.0,POR_DIA,tarifa estándar para bicicleta,220381.0,2026-03-11,True
437.0,POR_MES,tarifa estándar para moto,221657.0,2026-01-01,False
637.0,POR_DIA,tarifa estándar para moto,157822.0,2026-06-13,True
763.0,POR_HORA,tarifa estándar para camioneta,231705.0,2026-01-19,True
363.0,POR_DIA,tarifa estándar para carro,181499.0,2026-03-09,True
672.0,POR_MES,tarifa estándar para camioneta,37088.0,2026-01-21,False
474.0,POR_HORA,tarifa estándar para bicicleta,91956.0,2026-02-28,False
354.0,POR_MES,tarifa estándar para carro,197469.0,2026-04-21,True
864.0,POR_DIA,tarifa estándar para moto,237083.0,2026-01-21,True
451.0,POR_HORA,tarifa estándar para carro,25484.0,2026-05-17,True
592.0,POR_HORA,tarifa estándar para carro,182345.0,2026-04-26,True
404.0,POR_MES,tarifa estándar para carro,33049.0,2026-03-03,True
4.0,POR_DIA,tarifa estándar para carro,20453.0,2026-01-09,False
810.0,POR_DIA,tarifa estándar para bicicleta,81490.0,2026-01-25,True
867.0,POR_HORA,tarifa estándar para bicicleta,215266.0,2026-06-27,True
2.0,POR_MES,tarifa estándar para moto,238089.0,2026-01-01,False
613.0,POR_HORA,tarifa estándar para bicicleta,144601.0,2026-03-21,False
1.0,POR_DIA,tarifa estándar para carro,53971.0,2026-05-21,True
793.0,POR_MES,tarifa estándar para carro,42889.0,2026-01-01,False
601.0,POR_HORA,tarifa estándar para carro,229812.0,2026-01-01,False
658.0,POR_DIA,tarifa estándar para camioneta,232962.0,2026-02-15,True
192.0,POR_MES,tarifa estándar para camioneta,132572.0,2026-06-02,True
598.0,POR_HORA,tarifa estándar para carro,218964.0,2026-01-01,False
782.0,POR_MES,tarifa estándar para carro,17215.0,2026-01-01,False
652.0,POR_HORA,tarifa estándar para camioneta,47350.0,2026-05-24,False
607.0,POR_DIA,tarifa estándar para carro,217374.0,2026-02-28,True
657.0,POR_MES,tarifa estándar para moto,215163.0,2026-06-26,False
573.0,POR_MES,tarifa estándar para carro,221663.0,2026-02-26,False
673.0,POR_DIA,tarifa estándar para moto,5596.0,2026-01-11,False
629.0,POR_HORA,tarifa estándar para carro,157694.0,2026-03-06,True
912.0,POR_HORA,tarifa estándar para bicicleta,89508.0,2026-01-06,False
673.0,POR_HORA,tarifa estándar para carro,144299.0,2026-02-13,False
216.0,POR_HORA,tarifa estándar para bicicleta,85516.0,2026-01-01,True
261.0,POR_DIA,tarifa estándar para carro,148448.0,2026-03-07,False
696.0,POR_DIA,tarifa estándar para bicicleta,7092.0,2026-01-24,False
70.0,POR_MES,tarifa estándar para bicicleta,107352.0,2026-03-10,True
10.0,POR_HORA,tarifa estándar para bicicleta,168135.0,2026-03-18,True
367.0,POR_MES,tarifa estándar para carro,85287.0,2026-06-13,True
374.0,POR_DIA,tarifa estándar para bicicleta,78541.0,2026-04-19,True
272.0,POR_DIA,tarifa estándar para camioneta,213849.0,2026-02-28,False
572.0,POR_DIA,tarifa estándar para moto,190717.0,2026-06-04,True
718.0,POR_DIA,tarifa estándar para carro,50701.0,2026-01-24,True
952.0,POR_MES,tarifa estándar para carro,190445.0,2026-03-22,True
302.0,POR_DIA,tarifa estándar para moto,150463.0,2026-01-11,False
433.0,POR_MES,tarifa estándar para bicicleta,200948.0,2026-03-21,False
142.0,POR_DIA,tarifa estándar para bicicleta,62589.0,2026-04-02,False
451.0,POR_HORA,tarifa estándar para bicicleta,32216.0,2026-02-04,True
38.0,POR_HORA,tarifa estándar para bicicleta,200872.0,2026-01-01,True
269.0,POR_MES,tarifa estándar para camioneta,208799.0,2026-02-05,False
818.0,POR_HORA,tarifa estándar para camioneta,87333.0,2026-03-14,False
881.0,POR_DIA,tarifa estándar para camioneta,59805.0,2026-02-18,True
666.0,POR_HORA,tarifa estándar para camioneta,122072.0,2026-01-01,True
943.0,POR_DIA,tarifa estándar para bicicleta,21516.0,2026-02-24,True
308.0,POR_DIA,tarifa estándar para camioneta,75450.0,2026-01-01,False
586.0,POR_HORA,tarifa estándar para carro,180467.0,2026-01-01,True
200.0,POR_HORA,tarifa estándar para carro,155242.0,2026-01-01,False
11.0,POR_MES,tarifa estándar para carro,67303.0,2026-01-05,True
674.0,POR_HORA,tarifa estándar para moto,106997.0,2026-06-09,False
228.0,POR_HORA,tarifa estándar para camioneta,14253.0,2026-01-23,False
605.0,POR_HORA,tarifa estándar para bicicleta,50597.0,2026-06-21,False
226.0,POR_DIA,tarifa estándar para carro,76389.0,2026-02-27,True
439.0,POR_HORA,tarifa estándar para carro,41714.0,2026-05-29,False
950.0,POR_HORA,tarifa estándar para moto,153924.0,2026-04-16,True
226.0,POR_DIA,tarifa estándar para camioneta,150897.0,2026-02-06,True
408.0,POR_MES,tarifa estándar para camioneta,98705.0,2026-01-01,False
574.0,POR_MES,tarifa estándar para camioneta,11619.0,2026-03-27,True
492.0,POR_HORA,tarifa estándar para camioneta,140307.0,2026-06-08,False
425.0,POR_HORA,tarifa estándar para carro,157902.0,2026-04-11,False
40.0,POR_DIA,tarifa estándar para carro,164451.0,2026-06-13,False
876.0,POR_MES,tarifa estándar para camioneta,244497.0,2026-06-22,False
220.0,POR_DIA,tarifa estándar para carro,13690.0,2026-04-07,False
572.0,POR_DIA,tarifa estándar para bicicleta,13332.0,2026-01-01,False
103.0,POR_HORA,tarifa estándar para carro,137757.0,2026-06-11,True
1000.0,POR_MES,tarifa estándar para carro,190791.0,2026-05-22,True
101.0,POR_HORA,tarifa estándar para carro,170516.0,2026-04-24,False
332.0,POR_MES,tarifa estándar para camioneta,63145.0,2026-01-01,True
697.0,POR_MES,tarifa estándar para carro,111760.0,2026-01-20,True
373.0,POR_DIA,tarifa estándar para carro,242903.0,2026-01-01,True
389.0,POR_MES,tarifa estándar para carro,39816.0,2026-05-20,True
423.0,POR_MES,tarifa estándar para bicicleta,53038.0,2026-01-01,False
846.0,POR_MES,tarifa estándar para camioneta,68150.0,2026-01-01,False
175.0,POR_DIA,tarifa estándar para carro,2858.0,2026-01-01,True
813.0,POR_MES,tarifa estándar para moto,192170.0,2026-01-24,True
757.0,POR_DIA,tarifa estándar para moto,40327.0,2026-06-03,True
611.0,POR_HORA,tarifa estándar para bicicleta,149408.0,2026-06-20,False
56.0,POR_HORA,tarifa estándar para bicicleta,221831.0,2026-06-11,True
235.0,POR_HORA,tarifa estándar para bicicleta,42296.0,2026-05-31,True
68.0,POR_MES,tarifa estándar para camioneta,203605.0,2026-02-19,True
427.0,POR_DIA,tarifa estándar para moto,191812.0,2026-01-01,True
723.0,POR_MES,tarifa estándar para moto,225675.0,2026-03-14,True
103.0,POR_MES,tarifa estándar para camioneta,89661.0,2026-06-11,True
731.0,POR_MES,tarifa estándar para moto,157248.0,2026-05-10,True
949.0,POR_DIA,tarifa estándar para bicicleta,150538.0,2026-04-24,False
940.0,POR_MES,tarifa estándar para moto,26951.0,2026-06-25,False
889.0,POR_MES,tarifa estándar para camioneta,189467.0,2026-03-06,False
945.0,POR_DIA,tarifa estándar para bicicleta,141447.0,2026-06-24,False
591.0,POR_DIA,tarifa estándar para bicicleta,198369.0,2026-04-03,False
259.0,POR_HORA,tarifa estándar para carro,73845.0,2026-01-01,True
525.0,POR_MES,tarifa estándar para camioneta,92686.0,2026-06-26,True
399.0,POR_MES,tarifa estándar para camioneta,240808.0,2026-02-19,False
220.0,POR_MES,tarifa estándar para moto,240691.0,2026-06-16,False
319.0,POR_DIA,tarifa estándar para carro,72415.0,2026-06-04,False
144.0,POR_MES,tarifa estándar para camioneta,125429.0,2026-05-28,False
966.0,POR_HORA,tarifa estándar para carro,158977.0,2026-03-13,True
764.0,POR_MES,tarifa estándar para camioneta,231071.0,2026-04-23,True
98.0,POR_MES,tarifa estándar para moto,173172.0,2026-05-29,True
472.0,POR_MES,tarifa estándar para carro,144025.0,2026-01-01,False
1000.0,POR_MES,tarifa estándar para carro,155197.0,2026-01-04,True
503.0,POR_HORA,tarifa estándar para moto,157900.0,2026-06-25,True
208.0,POR_HORA,tarifa estándar para camioneta,17654.0,2026-01-14,True
531.0,POR_MES,tarifa estándar para bicicleta,211080.0,2026-06-21,False
214.0,POR_MES,tarifa estándar para moto,180844.0,2026-06-15,False
951.0,POR_MES,tarifa estándar para moto,249305.0,2026-06-03,True
147.0,POR_DIA,tarifa estándar para carro,126681.0,2026-01-15,False
403.0,POR_DIA,tarifa estándar para moto,132473.0,2026-01-01,True
851.0,POR_MES,tarifa estándar para bicicleta,197230.0,2026-06-28,True
684.0,POR_DIA,tarifa estándar para bicicleta,173582.0,2026-01-01,False
933.0,POR_MES,tarifa estándar para carro,132989.0,2026-01-01,True
10.0,POR_MES,tarifa estándar para bicicleta,142849.0,2026-01-01,True
449.0,POR_HORA,tarifa estándar para bicicleta,19107.0,2026-02-25,True
883.0,POR_MES,tarifa estándar para moto,248788.0,2026-05-14,True
633.0,POR_DIA,tarifa estándar para camioneta,34130.0,2026-01-01,False
802.0,POR_DIA,tarifa estándar para carro,46316.0,2026-05-19,True
341.0,POR_DIA,tarifa estándar para carro,69818.0,2026-03-24,True
737.0,POR_MES,tarifa estándar para carro,160952.0,2026-05-07,True
311.0,POR_HORA,tarifa estándar para carro,124483.0,2026-01-04,False
433.0,POR_HORA,tarifa estándar para camioneta,158286.0,2026-05-15,True
388.0,POR_MES,tarifa estándar para bicicleta,200021.0,2026-02-11,True
632.0,POR_MES,tarifa estándar para bicicleta,60264.0,2026-02-14,False
615.0,POR_MES,tarifa estándar para camioneta,13010.0,2026-03-07,False
764.0,POR_DIA,tarifa estándar para moto,64207.0,2026-01-01,False
442.0,POR_DIA,tarifa estándar para moto,59435.0,2026-01-20,False
643.0,POR_DIA,tarifa estándar para bicicleta,233485.0,2026-05-25,False
489.0,POR_DIA,tarifa estándar para bicicleta,6306.0,2026-04-12,True
368.0,POR_MES,tarifa estándar para moto,58338.0,2026-01-06,True
258.0,POR_DIA,tarifa estándar para camioneta,177124.0,2026-06-27,True
497.0,POR_MES,tarifa estándar para moto,152479.0,2026-01-01,True
426.0,POR_HORA,tarifa estándar para camioneta,34864.0,2026-01-01,True
962.0,POR_HORA,tarifa estándar para carro,24423.0,2026-05-23,True
735.0,POR_MES,tarifa estándar para carro,173193.0,2026-02-08,True
313.0,POR_MES,tarifa estándar para camioneta,139879.0,2026-06-12,True
544.0,POR_DIA,tarifa estándar para carro,38903.0,2026-01-01,True
951.0,POR_HORA,tarifa estándar para moto,160155.0,2026-05-09,True
740.0,POR_HORA,tarifa estándar para moto,27445.0,2026-01-10,True
198.0,POR_HORA,tarifa estándar para carro,178214.0,2026-03-01,False
558.0,POR_MES,tarifa estándar para bicicleta,154691.0,2026-01-01,False
642.0,POR_DIA,tarifa estándar para moto,66401.0,2026-01-11,True
812.0,POR_MES,tarifa estándar para carro,114612.0,2026-01-17,True
238.0,POR_MES,tarifa estándar para carro,242977.0,2026-04-15,False
478.0,POR_HORA,tarifa estándar para carro,16023.0,2026-02-26,False
109.0,POR_DIA,tarifa estándar para moto,88727.0,2026-02-19,False
311.0,POR_HORA,tarifa estándar para camioneta,247567.0,2026-01-01,True
175.0,POR_HORA,tarifa estándar para carro,16810.0,2026-03-14,True
808.0,POR_MES,tarifa estándar para camioneta,217697.0,2026-05-28,True
466.0,POR_DIA,tarifa estándar para moto,149818.0,2026-01-01,False
401.0,POR_MES,tarifa estándar para bicicleta,165505.0,2026-01-01,True
599.0,POR_MES,tarifa estándar para camioneta,236281.0,2026-03-24,False
155.0,POR_DIA,tarifa estándar para camioneta,169488.0,2026-02-04,False
169.0,POR_DIA,tarifa estándar para bicicleta,122988.0,2026-06-05,True
514.0,POR_MES,tarifa estándar para camioneta,184732.0,2026-03-26,False
434.0,POR_DIA,tarifa estándar para carro,86843.0,2026-05-20,False
338.0,POR_MES,tarifa estándar para carro,57144.0,2026-05-01,False
2.0,POR_HORA,tarifa estándar para bicicleta,191076.0,2026-02-05,True
404.0,POR_HORA,tarifa estándar para carro,236139.0,2026-02-28,False
812.0,POR_HORA,tarifa estándar para moto,237247.0,2026-01-01,False
694.0,POR_DIA,tarifa estándar para carro,13886.0,2026-06-26,False
838.0,POR_HORA,tarifa estándar para bicicleta,20500.0,2026-02-14,False
514.0,POR_DIA,tarifa estándar para carro,110786.0,2026-01-01,False
543.0,POR_MES,tarifa estándar para carro,76210.0,2026-01-01,False
737.0,POR_DIA,tarifa estándar para moto,203983.0,2026-01-20,False
358.0,POR_HORA,tarifa estándar para bicicleta,149893.0,2026-02-26,False
33.0,POR_DIA,tarifa estándar para moto,66053.0,2026-06-05,True
868.0,POR_MES,tarifa estándar para carro,172646.0,2026-06-06,False
485.0,POR_DIA,tarifa estándar para carro,240750.0,2026-04-10,True
39.0,POR_MES,tarifa estándar para carro,181074.0,2026-01-01,False
113.0,POR_HORA,tarifa estándar para carro,192895.0,2026-01-14,False
364.0,POR_DIA,tarifa estándar para bicicleta,194877.0,2026-04-28,True
226.0,POR_DIA,tarifa estándar para moto,101831.0,2026-04-08,True
475.0,POR_MES,tarifa estándar para moto,83172.0,2026-02-12,True
258.0,POR_MES,tarifa estándar para bicicleta,25484.0,2026-03-18,False
833.0,POR_MES,tarifa estándar para carro,203087.0,2026-01-01,False
798.0,POR_MES,tarifa estándar para carro,164200.0,2026-05-19,True
245.0,POR_MES,tarifa estándar para bicicleta,156572.0,2026-05-06,False
75.0,POR_DIA,tarifa estándar para moto,188979.0,2026-03-27,True
412.0,POR_HORA,tarifa estándar para moto,203484.0,2026-01-17,True
134.0,POR_HORA,tarifa estándar para carro,33686.0,2026-05-19,True
739.0,POR_MES,tarifa estándar para bicicleta,247979.0,2026-06-19,False
91.0,POR_DIA,tarifa estándar para moto,101046.0,2026-05-04,True
450.0,POR_MES,tarifa estándar para moto,174296.0,2026-06-03,False
207.0,POR_HORA,tarifa estándar para bicicleta,247637.0,2026-05-16,False
299.0,POR_HORA,tarifa estándar para bicicleta,196431.0,2026-01-01,True
838.0,POR_MES,tarifa estándar para moto,170149.0,2026-01-21,False
81.0,POR_HORA,tarifa estándar para moto,80331.0,2026-01-01,True
965.0,POR_DIA,tarifa estándar para bicicleta,20208.0,2026-01-25,True
124.0,POR_DIA,tarifa estándar para bicicleta,128707.0,2026-04-26,True
424.0,POR_MES,tarifa estándar para moto,99229.0,2026-03-19,False
827.0,POR_MES,tarifa estándar para bicicleta,170468.0,2026-05-10,False
437.0,POR_DIA,tarifa estándar para camioneta,157025.0,2026-06-24,False
510.0,POR_HORA,tarifa estándar para bicicleta,9515.0,2026-05-13,False
820.0,POR_DIA,tarifa estándar para bicicleta,17249.0,2026-06-05,True
601.0,POR_MES,tarifa estándar para bicicleta,154982.0,2026-05-24,True
875.0,POR_HORA,tarifa estándar para camioneta,57196.0,2026-01-01,True
717.0,POR_DIA,tarifa estándar para bicicleta,90128.0,2026-06-06,False
783.0,POR_DIA,tarifa estándar para bicicleta,35993.0,2026-06-05,True
471.0,POR_DIA,tarifa estándar para camioneta,125868.0,2026-06-06,False
392.0,POR_HORA,tarifa estándar para bicicleta,214970.0,2026-06-06,True
432.0,POR_MES,tarifa estándar para moto,110410.0,2026-01-23,True
925.0,POR_HORA,tarifa estándar para camioneta,110643.0,2026-01-01,True
390.0,POR_MES,tarifa estándar para camioneta,198512.0,2026-05-27,True
224.0,POR_MES,tarifa estándar para bicicleta,161612.0,2026-06-27,False
307.0,POR_MES,tarifa estándar para camioneta,22963.0,2026-04-22,False
116.0,POR_MES,tarifa estándar para carro,53407.0,2026-04-21,False
344.0,POR_MES,tarifa estándar para carro,39898.0,2026-01-01,True
172.0,POR_HORA,tarifa estándar para camioneta,97083.0,2026-02-06,False
834.0,POR_HORA,tarifa estándar para moto,91679.0,2026-01-01,False
518.0,POR_MES,tarifa estándar para carro,219968.0,2026-06-24,True
310.0,POR_DIA,tarifa estándar para camioneta,85525.0,2026-01-01,False
416.0,POR_MES,tarifa estándar para carro,188997.0,2026-05-22,True
991.0,POR_HORA,tarifa estándar para carro,249586.0,2026-05-16,False
148.0,POR_MES,tarifa estándar para moto,35366.0,2026-06-21,True
607.0,POR_DIA,tarifa estándar para carro,148546.0,2026-01-05,True
833.0,POR_DIA,tarifa estándar para bicicleta,153849.0,2026-05-31,True
111.0,POR_MES,tarifa estándar para bicicleta,19196.0,2026-02-08,False
916.0,POR_HORA,tarifa estándar para carro,170110.0,2026-02-17,False
526.0,POR_MES,tarifa estándar para moto,183240.0,2026-03-13,False
272.0,POR_DIA,tarifa estándar para moto,184217.0,2026-06-11,True
171.0,POR_DIA,tarifa estándar para bicicleta,244713.0,2026-01-01,True
928.0,POR_HORA,tarifa estándar para carro,123088.0,2026-02-09,True
243.0,POR_HORA,tarifa estándar para bicicleta,242450.0,2026-01-01,True
205.0,POR_HORA,tarifa estándar para bicicleta,93626.0,2026-01-16,True
456.0,POR_MES,tarifa estándar para moto,160809.0,2026-06-15,False
585.0,POR_MES,tarifa estándar para camioneta,90569.0,2026-01-01,False
408.0,POR_HORA,tarifa estándar para carro,14298.0,2026-04-01,False
260.0,POR_HORA,tarifa estándar para carro,141008.0,2026-06-01,False
38.0,POR_MES,tarifa estándar para bicicleta,113779.0,2026-01-06,True
368.0,POR_DIA,tarifa estándar para carro,19870.0,2026-01-10,True
444.0,POR_DIA,tarifa estándar para bicicleta,154954.0,2026-03-15,False
240.0,POR_HORA,tarifa estándar para bicicleta,141642.0,2026-01-11,True
290.0,POR_MES,tarifa estándar para camioneta,71413.0,2026-03-06,True
582.0,POR_MES,tarifa estándar para camioneta,223859.0,2026-06-17,False
618.0,POR_MES,tarifa estándar para moto,133841.0,2026-06-30,False
530.0,POR_MES,tarifa estándar para moto,44209.0,2026-06-27,False
283.0,POR_MES,tarifa estándar para camioneta,227560.0,2026-05-23,False
316.0,POR_HORA,tarifa estándar para camioneta,22248.0,2026-01-01,True
806.0,POR_MES,tarifa estándar para carro,116084.0,2026-03-12,False
204.0,POR_MES,tarifa estándar para carro,202094.0,2026-01-24,False
653.0,POR_MES,tarifa estándar para moto,142112.0,2026-06-04,False
84.0,POR_DIA,tarifa estándar para moto,72300.0,2026-02-20,True
930.0,POR_DIA,tarifa estándar para moto,207057.0,2026-01-17,True
59.0,POR_MES,tarifa estándar para camioneta,105655.0,2026-01-21,True
404.0,POR_HORA,tarifa estándar para carro,154754.0,2026-04-10,True
260.0,POR_HORA,tarifa estándar para camioneta,52248.0,2026-01-10,False
680.0,POR_MES,tarifa estándar para bicicleta,204500.0,2026-01-26,True
271.0,POR_HORA,tarifa estándar para camioneta,212790.0,2026-01-25,True
851.0,POR_MES,tarifa estándar para camioneta,65757.0,2026-01-01,True
300.0,POR_DIA,tarifa estándar para camioneta,233634.0,2026-01-01,True
337.0,POR_HORA,tarifa estándar para bicicleta,142086.0,2026-03-20,False
541.0,POR_HORA,tarifa estándar para camioneta,26554.0,2026-01-01,True
100.0,POR_HORA,tarifa estándar para moto,240632.0,2026-03-22,False
274.0,POR_HORA,tarifa estándar para camioneta,63612.0,2026-01-19,False
363.0,POR_MES,tarifa estándar para camioneta,165647.0,2026-01-01,False
799.0,POR_HORA,tarifa estándar para carro,155149.0,2026-02-25,False
302.0,POR_MES,tarifa estándar para camioneta,150675.0,2026-06-17,True
702.0,POR_DIA,tarifa estándar para carro,7534.0,2026-06-11,True
795.0,POR_MES,tarifa estándar para moto,41034.0,2026-05-20,True
943.0,POR_HORA,tarifa estándar para bicicleta,135194.0,2026-01-01,True
792.0,POR_HORA,tarifa estándar para camioneta,6917.0,2026-05-09,True
922.0,POR_DIA,tarifa estándar para camioneta,241440.0,2026-01-21,True
659.0,POR_DIA,tarifa estándar para bicicleta,110465.0,2026-01-10,False
79.0,POR_DIA,tarifa estándar para camioneta,125911.0,2026-01-22,True
154.0,POR_DIA,tarifa estándar para carro,66860.0,2026-06-05,False
796.0,POR_MES,tarifa estándar para camioneta,25857.0,2026-01-25,False
41.0,POR_MES,tarifa estándar para camioneta,179291.0,2026-04-28,False
921.0,POR_DIA,tarifa estándar para moto,80259.0,2026-02-11,True
422.0,POR_MES,tarifa estándar para carro,46093.0,2026-05-06,False
175.0,POR_HORA,tarifa estándar para carro,42443.0,2026-01-01,False
347.0,POR_MES,tarifa estándar para moto,75036.0,2026-03-11,True
533.0,POR_MES,tarifa estándar para camioneta,141482.0,2026-02-21,True
413.0,POR_MES,tarifa estándar para bicicleta,180883.0,2026-04-28,False
181.0,POR_HORA,tarifa estándar para bicicleta,46017.0,2026-01-06,True
19.0,POR_MES,tarifa estándar para bicicleta,20148.0,2026-01-01,False
278.0,POR_MES,tarifa estándar para moto,138624.0,2026-05-11,True
159.0,POR_MES,tarifa estándar para bicicleta,45712.0,2026-05-16,False
838.0,POR_DIA,tarifa estándar para moto,100760.0,2026-03-04,True
604.0,POR_DIA,tarifa estándar para camioneta,83355.0,2026-04-18,False
448.0,POR_DIA,tarifa estándar para bicicleta,56673.0,2026-01-05,True
722.0,POR_HORA,tarifa estándar para camioneta,133961.0,2026-05-23,True
611.0,POR_MES,tarifa estándar para camioneta,183354.0,2026-01-01,True
418.0,POR_HORA,tarifa estándar para camioneta,78716.0,2026-05-26,True
741.0,POR_HORA,tarifa estándar para bicicleta,213078.0,2026-01-01,False
638.0,POR_MES,tarifa estándar para bicicleta,220886.0,2026-01-01,False
413.0,POR_MES,tarifa estándar para camioneta,244588.0,2026-06-02,True
139.0,POR_MES,tarifa estándar para bicicleta,170619.0,2026-06-04,False
125.0,POR_HORA,tarifa estándar para bicicleta,212948.0,2026-01-01,False
17.0,POR_HORA,tarifa estándar para carro,47413.0,2026-01-01,False
161.0,POR_DIA,tarifa estándar para moto,217269.0,2026-03-18,False
228.0,POR_DIA,tarifa estándar para moto,124796.0,2026-01-02,False
703.0,POR_DIA,tarifa estándar para camioneta,141426.0,2026-01-30,True
862.0,POR_HORA,tarifa estándar para bicicleta,238844.0,2026-05-10,False
414.0,POR_HORA,tarifa estándar para carro,111406.0,2026-02-13,True
331.0,POR_MES,tarifa estándar para moto,46223.0,2026-04-19,False
268.0,POR_DIA,tarifa estándar para moto,132312.0,2026-04-08,False
341.0,POR_MES,tarifa estándar para moto,89013.0,2026-06-26,False
951.0,POR_DIA,tarifa estándar para moto,13706.0,2026-06-04,True
772.0,POR_MES,tarifa estándar para moto,146550.0,2026-01-02,True
836.0,POR_DIA,tarifa estándar para bicicleta,10444.0,2026-06-09,True
398.0,POR_DIA,tarifa estándar para camioneta,113694.0,2026-05-09,False
811.0,POR_HORA,tarifa estándar para moto,145885.0,2026-03-15,False
839.0,POR_HORA,tarifa estándar para carro,192434.0,2026-02-24,False
153.0,POR_MES,tarifa estándar para moto,80600.0,2026-02-05,True
326.0,POR_DIA,tarifa estándar para moto,66484.0,2026-04-03,False
179.0,POR_DIA,tarifa estándar para moto,171669.0,2026-02-01,True
250.0,POR_MES,tarifa estándar para bicicleta,202411.0,2026-04-18,False
866.0,POR_HORA,tarifa estándar para camioneta,197256.0,2026-02-09,False
902.0,POR_DIA,tarifa estándar para carro,115063.0,2026-05-30,True
547.0,POR_MES,tarifa estándar para carro,241249.0,2026-01-23,True
756.0,POR_MES,tarifa estándar para camioneta,133949.0,2026-03-19,True
984.0,POR_HORA,tarifa estándar para camioneta,24143.0,2026-06-16,False
163.0,POR_DIA,tarifa estándar para bicicleta,84383.0,2026-05-07,True
626.0,POR_MES,tarifa estándar para camioneta,6741.0,2026-06-14,True
611.0,POR_DIA,tarifa estándar para carro,98683.0,2026-04-05,True
843.0,POR_MES,tarifa estándar para camioneta,180468.0,2026-01-01,False
159.0,POR_DIA,tarifa estándar para carro,196251.0,2026-04-25,True
216.0,POR_DIA,tarifa estándar para bicicleta,5659.0,2026-01-01,True
525.0,POR_HORA,tarifa estándar para camioneta,169999.0,2026-06-22,False
135.0,POR_MES,tarifa estándar para camioneta,160939.0,2026-03-27,False
389.0,POR_DIA,tarifa estándar para bicicleta,241990.0,2026-03-31,False
343.0,POR_HORA,tarifa estándar para camioneta,17586.0,2026-04-06,False
564.0,POR_MES,tarifa estándar para moto,67591.0,2026-05-09,True
598.0,POR_HORA,tarifa estándar para bicicleta,68952.0,2026-01-01,True
206.0,POR_DIA,tarifa estándar para moto,203885.0,2026-05-08,True
518.0,POR_DIA,tarifa estándar para bicicleta,94942.0,2026-02-21,True
45.0,POR_DIA,tarifa estándar para carro,7608.0,2026-04-27,False
929.0,POR_HORA,tarifa estándar para camioneta,147337.0,2026-05-16,False
878.0,POR_MES,tarifa estándar para carro,158396.0,2026-01-01,True
955.0,POR_DIA,tarifa estándar para carro,249603.0,2026-03-16,False
508.0,POR_DIA,tarifa estándar para carro,63178.0,2026-03-29,True
111.0,POR_DIA,tarifa estándar para moto,91269.0,2026-01-01,True
393.0,POR_HORA,tarifa estándar para camioneta,112024.0,2026-06-17,True
234.0,POR_MES,tarifa estándar para camioneta,12433.0,2026-03-27,False
993.0,POR_MES,tarifa estándar para moto,26867.0,2026-05-17,False
727.0,POR_DIA,tarifa estándar para carro,123147.0,2026-01-30,True
217.0,POR_DIA,tarifa estándar para bicicleta,150815.0,2026-05-17,False
937.0,POR_HORA,tarifa estándar para carro,110329.0,2026-05-30,True
816.0,POR_MES,tarifa estándar para camioneta,226331.0,2026-02-17,False
529.0,POR_DIA,tarifa estándar para moto,145422.0,2026-05-12,False
420.0,POR_DIA,tarifa estándar para carro,5444.0,2026-04-12,True
547.0,POR_DIA,tarifa estándar para bicicleta,8850.0,2026-01-01,True
642.0,POR_DIA,tarifa estándar para camioneta,219361.0,2026-04-16,False
106.0,POR_HORA,tarifa estándar para carro,198891.0,2026-05-05,True
406.0,POR_DIA,tarifa estándar para carro,190698.0,2026-01-01,True
872.0,POR_HORA,tarifa estándar para carro,137516.0,2026-02-17,True
99.0,POR_DIA,tarifa estándar para bicicleta,132155.0,2026-04-25,False
306.0,POR_HORA,tarifa estándar para moto,112353.0,2026-03-29,True
861.0,POR_MES,tarifa estándar para camioneta,215934.0,2026-06-24,True
799.0,POR_MES,tarifa estándar para bicicleta,145921.0,2026-03-13,False
314.0,POR_MES,tarifa estándar para carro,44661.0,2026-01-25,False
865.0,POR_MES,tarifa estándar para carro,214616.0,2026-05-12,True
569.0,POR_HORA,tarifa estándar para bicicleta,244425.0,2026-01-01,True
732.0,POR_DIA,tarifa estándar para camioneta,244485.0,2026-01-01,True
51.0,POR_HORA,tarifa estándar para moto,201298.0,2026-01-01,False
113.0,POR_MES,tarifa estándar para moto,93504.0,2026-01-01,False
983.0,POR_MES,tarifa estándar para carro,39264.0,2026-01-01,False
1.0,POR_MES,tarifa estándar para camioneta,192280.0,2026-02-12,False
476.0,POR_HORA,tarifa estándar para carro,25829.0,2026-01-01,False
625.0,POR_MES,tarifa estándar para carro,58942.0,2026-01-05,True
111.0,POR_DIA,tarifa estándar para moto,224490.0,2026-01-28,False
647.0,POR_MES,tarifa estándar para camioneta,196445.0,2026-06-17,False
657.0,POR_HORA,tarifa estándar para camioneta,219005.0,2026-01-01,True
470.0,POR_HORA,tarifa estándar para moto,210756.0,2026-02-06,False
405.0,POR_HORA,tarifa estándar para bicicleta,37584.0,2026-03-28,True
970.0,POR_DIA,tarifa estándar para bicicleta,73093.0,2026-01-19,True
905.0,POR_HORA,tarifa estándar para moto,198381.0,2026-03-19,False
285.0,POR_MES,tarifa estándar para carro,9869.0,2026-01-01,True
898.0,POR_HORA,tarifa estándar para camioneta,171480.0,2026-01-01,False
177.0,POR_MES,tarifa estándar para camioneta,29778.0,2026-01-01,False
267.0,POR_MES,tarifa estándar para bicicleta,181389.0,2026-01-14,True
571.0,POR_HORA,tarifa estándar para bicicleta,61062.0,2026-01-27,False
723.0,POR_MES,tarifa estándar para camioneta,51802.0,2026-06-16,False
699.0,POR_MES,tarifa estándar para camioneta,46216.0,2026-01-01,True
384.0,POR_MES,tarifa estándar para camioneta,44365.0,2026-01-10,False
464.0,POR_DIA,tarifa estándar para moto,211999.0,2026-01-01,True
970.0,POR_HORA,tarifa estándar para camioneta,104786.0,2026-05-12,False
775.0,POR_MES,tarifa estándar para moto,41761.0,2026-05-22,False
669.0,POR_MES,tarifa estándar para carro,210837.0,2026-03-05,False
370.0,POR_MES,tarifa estándar para bicicleta,214227.0,2026-01-30,True
315.0,POR_HORA,tarifa estándar para moto,151758.0,2026-05-12,False
247.0,POR_DIA,tarifa estándar para moto,156194.0,2026-04-03,True
149.0,POR_DIA,tarifa estándar para carro,173389.0,2026-03-20,False
265.0,POR_MES,tarifa estándar para bicicleta,26013.0,2026-01-01,False
801.0,POR_DIA,tarifa estándar para camioneta,243966.0,2026-01-01,True
14.0,POR_HORA,tarifa estándar para camioneta,197613.0,2026-02-20,True
512.0,POR_HORA,tarifa estándar para moto,186337.0,2026-03-02,False
311.0,POR_DIA,tarifa estándar para moto,120446.0,2026-02-14,False
992.0,POR_MES,tarifa estándar para carro,76499.0,2026-03-22,False
434.0,POR_MES,tarifa estándar para camioneta,217888.0,2026-02-16,False
406.0,POR_DIA,tarifa estándar para bicicleta,85644.0,2026-01-01,True
592.0,POR_DIA,tarifa estándar para moto,115989.0,2026-02-03,False
822.0,POR_DIA,tarifa estándar para bicicleta,205599.0,2026-01-01,True
960.0,POR_MES,tarifa estándar para carro,79751.0,2026-01-01,True
151.0,POR_MES,tarifa estándar para camioneta,32743.0,2026-06-02,False
848.0,POR_DIA,tarifa estándar para moto,144345.0,2026-01-01,False
447.0,POR_DIA,tarifa estándar para carro,153160.0,2026-02-19,False
515.0,POR_HORA,tarifa estándar para camioneta,96646.0,2026-04-22,True
929.0,POR_HORA,tarifa estándar para bicicleta,56061.0,2026-01-03,False
997.0,POR_HORA,tarifa estándar para moto,202377.0,2026-01-01,True
987.0,POR_DIA,tarifa estándar para camioneta,165569.0,2026-01-01,True
242.0,POR_MES,tarifa estándar para camioneta,57808.0,2026-03-31,False
575.0,POR_MES,tarifa estándar para moto,160895.0,2026-01-06,True
158.0,POR_MES,tarifa estándar para carro,57448.0,2026-01-01,True
318.0,POR_MES,tarifa estándar para camioneta,211535.0,2026-03-16,False
572.0,POR_MES,tarifa estándar para bicicleta,62159.0,2026-02-16,False
413.0,POR_MES,tarifa estándar para bicicleta,47644.0,2026-01-01,False
1.0,POR_MES,tarifa estándar para moto,169283.0,2026-01-14,True
885.0,POR_HORA,tarifa estándar para bicicleta,71646.0,2026-06-22,False
742.0,POR_MES,tarifa estándar para bicicleta,230891.0,2026-04-30,True
674.0,POR_MES,tarifa estándar para carro,135311.0,2026-01-12,True
994.0,POR_DIA,tarifa estándar para carro,113066.0,2026-01-01,True
906.0,POR_DIA,tarifa estándar para moto,21807.0,2026-01-28,True
85.0,POR_HORA,tarifa estándar para carro,183350.0,2026-06-05,True
734.0,POR_MES,tarifa estándar para moto,90010.0,2026-02-16,False
430.0,POR_DIA,tarifa estándar para moto,30675.0,2026-06-04,True
514.0,POR_DIA,tarifa estándar para carro,185958.0,2026-02-17,True
527.0,POR_DIA,tarifa estándar para carro,220364.0,2026-03-24,False
433.0,POR_MES,tarifa estándar para camioneta,244030.0,2026-04-05,True
805.0,POR_DIA,tarifa estándar para bicicleta,136716.0,2026-01-15,False
497.0,POR_DIA,tarifa estándar para moto,236467.0,2026-01-01,False
222.0,POR_DIA,tarifa estándar para moto,61741.0,2026-01-01,True
713.0,POR_HORA,tarifa estándar para carro,77829.0,2026-04-26,False
951.0,POR_HORA,tarifa estándar para bicicleta,231161.0,2026-06-02,False
966.0,POR_DIA,tarifa estándar para carro,221452.0,2026-01-01,True
61.0,POR_MES,tarifa estándar para camioneta,175976.0,2026-03-20,True
506.0,POR_HORA,tarifa estándar para moto,199026.0,2026-02-26,True
394.0,POR_MES,tarifa estándar para camioneta,218689.0,2026-02-15,True
606.0,POR_HORA,tarifa estándar para carro,80823.0,2026-06-13,True
394.0,POR_MES,tarifa estándar para carro,109430.0,2026-03-18,False
602.0,POR_DIA,tarifa estándar para bicicleta,18060.0,2026-02-21,False
203.0,POR_DIA,tarifa estándar para moto,38294.0,2026-01-01,True
710.0,POR_DIA,tarifa estándar para moto,142822.0,2026-01-01,False
31.0,POR_DIA,tarifa estándar para camioneta,87558.0,2026-01-01,True
588.0,POR_HORA,tarifa estándar para bicicleta,186938.0,2026-03-26,False
949.0,POR_DIA,tarifa estándar para moto,134976.0,2026-02-27,False
132.0,POR_HORA,tarifa estándar para carro,145020.0,2026-05-01,True
64.0,POR_DIA,tarifa estándar para carro,125630.0,2026-06-28,False
885.0,POR_HORA,tarifa estándar para bicicleta,201992.0,2026-06-20,False
646.0,POR_HORA,tarifa estándar para camioneta,103619.0,2026-01-01,False
805.0,POR_DIA,tarifa estándar para bicicleta,18443.0,2026-05-27,False
121.0,POR_DIA,tarifa estándar para moto,238889.0,2026-01-01,False
64.0,POR_MES,tarifa estándar para carro,238537.0,2026-02-25,False
564.0,POR_DIA,tarifa estándar para bicicleta,103964.0,2026-06-20,True
997.0,POR_HORA,tarifa estándar para bicicleta,100825.0,2026-06-26,True
172.0,POR_DIA,tarifa estándar para moto,234650.0,2026-05-28,True
327.0,POR_HORA,tarifa estándar para bicicleta,190229.0,2026-05-20,False
851.0,POR_MES,tarifa estándar para camioneta,211325.0,2026-01-19,True
440.0,POR_MES,tarifa estándar para moto,209713.0,2026-04-20,False
483.0,POR_MES,tarifa estándar para carro,154791.0,2026-04-07,False
291.0,POR_DIA,tarifa estándar para bicicleta,88319.0,2026-02-07,False
723.0,POR_HORA,tarifa estándar para bicicleta,161638.0,2026-06-20,True
352.0,POR_HORA,tarifa estándar para carro,183090.0,2026-01-01,True
353.0,POR_HORA,tarifa estándar para bicicleta,54316.0,2026-02-21,False
818.0,POR_DIA,tarifa estándar para camioneta,7996.0,2026-01-01,True
909.0,POR_DIA,tarifa estándar para camioneta,89257.0,2026-01-14,True
470.0,POR_MES,tarifa estándar para carro,248184.0,2026-06-19,True
992.0,POR_DIA,tarifa estándar para moto,58951.0,2026-06-07,True
519.0,POR_DIA,tarifa estándar para moto,138853.0,2026-01-01,False
828.0,POR_HORA,tarifa estándar para moto,174844.0,2026-01-01,False
500.0,POR_MES,tarifa estándar para camioneta,17355.0,2026-06-12,False
694.0,POR_DIA,tarifa estándar para carro,96380.0,2026-03-21,False
938.0,POR_MES,tarifa estándar para carro,146812.0,2026-02-26,False
323.0,POR_MES,tarifa estándar para camioneta,210721.0,2026-01-01,False
51.0,POR_MES,tarifa estándar para bicicleta,23938.0,2026-05-28,True
412.0,POR_HORA,tarifa estándar para moto,233590.0,2026-05-09,False
269.0,POR_HORA,tarifa estándar para camioneta,20198.0,2026-04-10,False
820.0,POR_DIA,tarifa estándar para moto,81782.0,2026-02-08,True
865.0,POR_MES,tarifa estándar para moto,121156.0,2026-06-25,True
878.0,POR_MES,tarifa estándar para camioneta,131978.0,2026-03-13,True
349.0,POR_DIA,tarifa estándar para bicicleta,231235.0,2026-04-11,False
268.0,POR_DIA,tarifa estándar para carro,78049.0,2026-01-01,False
249.0,POR_DIA,tarifa estándar para carro,245897.0,2026-05-30,True
924.0,POR_HORA,tarifa estándar para camioneta,232486.0,2026-06-09,True
575.0,POR_HORA,tarifa estándar para bicicleta,56686.0,2026-05-29,True
782.0,POR_MES,tarifa estándar para bicicleta,141076.0,2026-01-01,False
367.0,POR_HORA,tarifa estándar para bicicleta,160351.0,2026-01-01,True
899.0,POR_MES,tarifa estándar para carro,157744.0,2026-03-12,True
198.0,POR_MES,tarifa estándar para carro,194007.0,2026-02-02,False
851.0,POR_DIA,tarifa estándar para camioneta,45486.0,2026-01-01,True
911.0,POR_DIA,tarifa estándar para moto,219714.0,2026-01-01,False
701.0,POR_DIA,tarifa estándar para moto,163545.0,2026-01-25,False
168.0,POR_HORA,tarifa estándar para camioneta,198065.0,2026-01-12,False
431.0,POR_MES,tarifa estándar para bicicleta,25430.0,2026-04-06,True
592.0,POR_DIA,tarifa estándar para bicicleta,128762.0,2026-05-16,True
296.0,POR_MES,tarifa estándar para camioneta,65323.0,2026-01-17,True
574.0,POR_DIA,tarifa estándar para camioneta,141486.0,2026-02-09,True
905.0,POR_DIA,tarifa estándar para carro,195834.0,2026-01-31,False
139.0,POR_HORA,tarifa estándar para camioneta,153569.0,2026-01-01,True
237.0,POR_DIA,tarifa estándar para bicicleta,161918.0,2026-03-14,True
814.0,POR_HORA,tarifa estándar para bicicleta,79709.0,2026-06-25,True
759.0,POR_HORA,tarifa estándar para moto,75323.0,2026-03-16,True
213.0,POR_HORA,tarifa estándar para moto,169089.0,2026-05-28,False
304.0,POR_HORA,tarifa estándar para carro,16445.0,2026-04-01,False
822.0,POR_MES,tarifa estándar para carro,205173.0,2026-04-14,True
186.0,POR_HORA,tarifa estándar para bicicleta,103927.0,2026-03-27,False
892.0,POR_HORA,tarifa estándar para camioneta,146867.0,2026-04-01,True
168.0,POR_HORA,tarifa estándar para camioneta,32487.0,2026-02-18,True
775.0,POR_MES,tarifa estándar para camioneta,192647.0,2026-01-23,False
401.0,POR_HORA,tarifa estándar para bicicleta,197997.0,2026-05-06,False
874.0,POR_HORA,tarifa estándar para moto,13985.0,2026-06-13,True
722.0,POR_MES,tarifa estándar para bicicleta,90604.0,2026-03-07,True
527.0,POR_HORA,tarifa estándar para camioneta,235164.0,2026-04-29,True
401.0,POR_HORA,tarifa estándar para bicicleta,220919.0,2026-01-01,True
356.0,POR_MES,tarifa estándar para moto,231257.0,2026-01-01,True
784.0,POR_MES,tarifa estándar para carro,124272.0,2026-01-29,True
147.0,POR_DIA,tarifa estándar para carro,108206.0,2026-01-01,True
387.0,POR_DIA,tarifa estándar para bicicleta,89439.0,2026-05-08,True
484.0,POR_DIA,tarifa estándar para bicicleta,229354.0,2026-01-28,True
666.0,POR_HORA,tarifa estándar para camioneta,98885.0,2026-01-01,True
38.0,POR_HORA,tarifa estándar para carro,80530.0,2026-01-21,True
249.0,POR_HORA,tarifa estándar para carro,155694.0,2026-03-27,True
912.0,POR_HORA,tarifa estándar para moto,225448.0,2026-01-11,True
682.0,POR_MES,tarifa estándar para carro,122086.0,2026-05-27,False
121.0,POR_HORA,tarifa estándar para bicicleta,10820.0,2026-06-14,True
840.0,POR_HORA,tarifa estándar para camioneta,136791.0,2026-01-05,False
682.0,POR_HORA,tarifa estándar para carro,157154.0,2026-06-09,False
456.0,POR_DIA,tarifa estándar para bicicleta,173635.0,2026-06-13,True
237.0,POR_HORA,tarifa estándar para camioneta,126882.0,2026-03-28,False
277.0,POR_MES,tarifa estándar para camioneta,180144.0,2026-02-05,True
364.0,POR_HORA,tarifa estándar para carro,227523.0,2026-02-20,True
41.0,POR_DIA,tarifa estándar para bicicleta,39103.0,2026-03-24,True
163.0,POR_DIA,tarifa estándar para carro,113893.0,2026-03-07,True
800.0,POR_MES,tarifa estándar para bicicleta,124858.0,2026-02-02,True
948.0,POR_DIA,tarifa estándar para moto,24299.0,2026-04-04,False
809.0,POR_MES,tarifa estándar para carro,179921.0,2026-01-01,False
967.0,POR_MES,tarifa estándar para bicicleta,144150.0,2026-01-30,False
540.0,POR_HORA,tarifa estándar para camioneta,123802.0,2026-01-21,False
54.0,POR_HORA,tarifa estándar para moto,92757.0,2026-02-05,False
424.0,POR_MES,tarifa estándar para moto,213298.0,2026-01-01,False
36.0,POR_MES,tarifa estándar para moto,191094.0,2026-05-28,True
133.0,POR_HORA,tarifa estándar para moto,95690.0,2026-04-09,True
84.0,POR_HORA,tarifa estándar para camioneta,83317.0,2026-06-18,True
452.0,POR_DIA,tarifa estándar para camioneta,99296.0,2026-04-07,False
114.0,POR_MES,tarifa estándar para camioneta,3893.0,2026-03-16,True
574.0,POR_MES,tarifa estándar para moto,97476.0,2026-06-25,True
919.0,POR_DIA,tarifa estándar para moto,144064.0,2026-05-28,False
938.0,POR_HORA,tarifa estándar para carro,45035.0,2026-04-16,True
865.0,POR_HORA,tarifa estándar para bicicleta,193627.0,2026-04-17,False
154.0,POR_MES,tarifa estándar para camioneta,15548.0,2026-01-01,True
85.0,POR_MES,tarifa estándar para moto,51514.0,2026-03-06,False
362.0,POR_MES,tarifa estándar para moto,58210.0,2026-01-01,True
246.0,POR_HORA,tarifa estándar para bicicleta,7881.0,2026-03-22,True
492.0,POR_DIA,tarifa estándar para moto,158099.0,2026-06-21,False
15.0,POR_HORA,tarifa estándar para moto,32394.0,2026-01-14,True
789.0,POR_DIA,tarifa estándar para moto,114659.0,2026-01-01,True
278.0,POR_DIA,tarifa estándar para camioneta,4666.0,2026-03-23,False
407.0,POR_DIA,tarifa estándar para camioneta,10552.0,2026-05-16,False
246.0,POR_MES,tarifa estándar para bicicleta,207823.0,2026-02-05,True
618.0,POR_MES,tarifa estándar para bicicleta,230909.0,2026-03-27,True
646.0,POR_DIA,tarifa estándar para carro,61877.0,2026-02-09,False
473.0,POR_MES,tarifa estándar para moto,129967.0,2026-06-01,True
122.0,POR_DIA,tarifa estándar para carro,135637.0,2026-05-26,False
102.0,POR_DIA,tarifa estándar para camioneta,233238.0,2026-03-14,True
315.0,POR_DIA,tarifa estándar para bicicleta,12198.0,2026-05-02,False
936.0,POR_MES,tarifa estándar para bicicleta,238730.0,2026-04-26,True
958.0,POR_MES,tarifa estándar para moto,245934.0,2026-04-19,False
546.0,POR_HORA,tarifa estándar para bicicleta,215365.0,2026-01-01,False
809.0,POR_MES,tarifa estándar para camioneta,100871.0,2026-05-27,True
954.0,POR_DIA,tarifa estándar para camioneta,115257.0,2026-01-01,False
65.0,POR_DIA,tarifa estándar para moto,187959.0,2026-01-01,True
681.0,POR_MES,tarifa estándar para carro,178192.0,2026-01-01,False
518.0,POR_DIA,tarifa estándar para carro,99755.0,2026-03-09,True
258.0,POR_HORA,tarifa estándar para moto,230856.0,2026-03-18,True
257.0,POR_DIA,tarifa estándar para moto,169495.0,2026-02-12,True
717.0,POR_DIA,tarifa estándar para bicicleta,92272.0,2026-01-01,False
421.0,POR_DIA,tarifa estándar para bicicleta,249316.0,2026-05-17,True
475.0,POR_DIA,tarifa estándar para moto,244020.0,2026-06-27,False
643.0,POR_DIA,tarifa estándar para moto,32253.0,2026-01-01,False
84.0,POR_MES,tarifa estándar para bicicleta,234942.0,2026-05-01,False
376.0,POR_DIA,tarifa estándar para bicicleta,44566.0,2026-05-01,True
312.0,POR_MES,tarifa estándar para bicicleta,60535.0,2026-01-05,False
211.0,POR_HORA,tarifa estándar para carro,159186.0,2026-05-10,True
620.0,POR_MES,tarifa estándar para carro,69089.0,2026-03-15,False
692.0,POR_HORA,tarifa estándar para carro,242115.0,2026-04-06,True
363.0,POR_HORA,tarifa estándar para camioneta,11243.0,2026-01-01,True
545.0,POR_HORA,tarifa estándar para bicicleta,116750.0,2026-01-27,False
815.0,POR_MES,tarifa estándar para bicicleta,36581.0,2026-05-06,True
147.0,POR_MES,tarifa estándar para moto,103688.0,2026-06-05,True
259.0,POR_DIA,tarifa estándar para moto,156944.0,2026-06-22,True
70.0,POR_HORA,tarifa estándar para camioneta,94704.0,2026-01-26,True
970.0,POR_HORA,tarifa estándar para moto,246871.0,2026-02-11,True
433.0,POR_DIA,tarifa estándar para bicicleta,79927.0,2026-05-20,False
232.0,POR_MES,tarifa estándar para camioneta,179350.0,2026-04-10,True
388.0,POR_DIA,tarifa estándar para carro,198055.0,2026-02-23,True
299.0,POR_DIA,tarifa estándar para carro,220203.0,2026-06-08,False
667.0,POR_MES,tarifa estándar para bicicleta,77911.0,2026-02-18,True
876.0,POR_DIA,tarifa estándar para carro,203867.0,2026-06-23,False
550.0,POR_DIA,tarifa estándar para camioneta,128332.0,2026-01-11,True
356.0,POR_HORA,tarifa estándar para moto,166528.0,2026-05-02,False
784.0,POR_HORA,tarifa estándar para moto,184410.0,2026-01-01,False
531.0,POR_DIA,tarifa estándar para moto,231755.0,2026-01-07,True
33.0,POR_DIA,tarifa estándar para moto,154430.0,2026-05-28,True
345.0,POR_HORA,tarifa estándar para bicicleta,226692.0,2026-05-05,False
883.0,POR_MES,tarifa estándar para camioneta,58789.0,2026-06-27,False
438.0,POR_MES,tarifa estándar para camioneta,66134.0,2026-01-05,True
695.0,POR_DIA,tarifa estándar para bicicleta,160983.0,2026-03-26,False
564.0,POR_DIA,tarifa estándar para carro,97039.0,2026-01-01,True
864.0,POR_DIA,tarifa estándar para moto,45421.0,2026-04-20,False
914.0,POR_HORA,tarifa estándar para carro,86649.0,2026-06-12,False
747.0,POR_MES,tarifa estándar para camioneta,49582.0,2026-01-27,False
253.0,POR_HORA,tarifa estándar para moto,157071.0,2026-05-13,False
724.0,POR_MES,tarifa estándar para camioneta,120846.0,2026-01-21,False
132.0,POR_MES,tarifa estándar para carro,168009.0,2026-03-02,False
921.0,POR_HORA,tarifa estándar para carro,196527.0,2026-03-05,True
319.0,POR_DIA,tarifa estándar para bicicleta,139786.0,2026-01-01,True
939.0,POR_HORA,tarifa estándar para camioneta,57971.0,2026-02-11,False
639.0,POR_DIA,tarifa estándar para bicicleta,115708.0,2026-04-03,False
851.0,POR_HORA,tarifa estándar para bicicleta,45673.0,2026-02-24,False
888.0,POR_HORA,tarifa estándar para camioneta,238369.0,2026-02-08,False
563.0,POR_HORA,tarifa estándar para carro,63759.0,2026-01-01,False
578.0,POR_HORA,tarifa estándar para carro,143599.0,2026-05-07,True
270.0,POR_MES,tarifa estándar para bicicleta,22037.0,2026-01-11,True
757.0,POR_DIA,tarifa estándar para moto,11894.0,2026-03-24,True
509.0,POR_MES,tarifa estándar para bicicleta,27449.0,2026-03-29,False
118.0,POR_HORA,tarifa estándar para camioneta,119045.0,2026-04-05,True
99.0,POR_DIA,tarifa estándar para moto,184455.0,2026-01-01,True
975.0,POR_DIA,tarifa estándar para carro,209926.0,2026-06-28,True
662.0,POR_DIA,tarifa estándar para camioneta,49526.0,2026-04-11,False
1.0,POR_DIA,tarifa estándar para moto,41403.0,2026-04-19,False
851.0,POR_HORA,tarifa estándar para moto,12170.0,2026-01-29,False
740.0,POR_DIA,tarifa estándar para bicicleta,68584.0,2026-01-22,False
781.0,POR_DIA,tarifa estándar para carro,161953.0,2026-03-24,False
469.0,POR_DIA,tarifa estándar para bicicleta,53791.0,2026-04-04,False
524.0,POR_DIA,tarifa estándar para moto,230712.0,2026-05-03,False
91.0,POR_HORA,tarifa estándar para carro,57341.0,2026-01-09,True
890.0,POR_MES,tarifa estándar para bicicleta,45149.0,2026-04-12,True
668.0,POR_MES,tarifa estándar para carro,4151.0,2026-06-03,True
383.0,POR_HORA,tarifa estándar para moto,239362.0,2026-01-01,False
984.0,POR_MES,tarifa estándar para camioneta,94590.0,2026-03-25,True
685.0,POR_MES,tarifa estándar para carro,195331.0,2026-06-10,False
761.0,POR_MES,tarifa estándar para bicicleta,132323.0,2026-06-20,False
427.0,POR_MES,tarifa estándar para bicicleta,116898.0,2026-06-05,False
808.0,POR_DIA,tarifa estándar para carro,245171.0,2026-01-01,True
194.0,POR_HORA,tarifa estándar para carro,126088.0,2026-05-07,True
443.0,POR_HORA,tarifa estándar para bicicleta,9464.0,2026-01-01,True
827.0,POR_DIA,tarifa estándar para moto,125107.0,2026-01-27,False
525.0,POR_DIA,tarifa estándar para moto,56003.0,2026-02-12,False
383.0,POR_DIA,tarifa estándar para moto,149721.0,2026-01-05,True
982.0,POR_MES,tarifa estándar para camioneta,111693.0,2026-01-01,False
318.0,POR_HORA,tarifa estándar para bicicleta,98926.0,2026-01-01,True
675.0,POR_MES,tarifa estándar para bicicleta,133535.0,2026-03-06,False
818.0,POR_HORA,tarifa estándar para camioneta,145653.0,2026-06-03,False
92.0,POR_MES,tarifa estándar para moto,91345.0,2026-05-22,True
396.0,POR_MES,tarifa estándar para bicicleta,98984.0,2026-01-01,True
753.0,POR_HORA,tarifa estándar para bicicleta,166838.0,2026-01-16,False
729.0,POR_MES,tarifa estándar para bicicleta,166304.0,2026-01-01,False
978.0,POR_HORA,tarifa estándar para moto,36647.0,2026-05-01,False
547.0,POR_MES,tarifa estándar para moto,185696.0,2026-05-17,False
933.0,POR_MES,tarifa estándar para bicicleta,211763.0,2026-01-01,True
634.0,POR_HORA,tarifa estándar para camioneta,227609.0,2026-02-23,True
580.0,POR_DIA,tarifa estándar para carro,138347.0,2026-05-15,True
941.0,POR_HORA,tarifa estándar para moto,193539.0,2026-01-01,True
276.0,POR_HORA,tarifa estándar para bicicleta,77344.0,2026-05-15,False
447.0,POR_MES,tarifa estándar para carro,185186.0,2026-06-11,True
609.0,POR_DIA,tarifa estándar para carro,212124.0,2026-01-01,True
956.0,POR_HORA,tarifa estándar para camioneta,70242.0,2026-01-01,True
116.0,POR_HORA,tarifa estándar para carro,108702.0,2026-06-24,True
911.0,POR_HORA,tarifa estándar para moto,222664.0,2026-05-23,False
492.0,POR_DIA,tarifa estándar para carro,152541.0,2026-04-06,True
574.0,POR_HORA,tarifa estándar para bicicleta,54212.0,2026-02-25,False
167.0,POR_DIA,tarifa estándar para moto,87399.0,2026-06-02,False
645.0,POR_HORA,tarifa estándar para bicicleta,228501.0,2026-01-01,False
942.0,POR_HORA,tarifa estándar para carro,95051.0,2026-06-02,False
154.0,POR_DIA,tarifa estándar para bicicleta,232822.0,2026-06-09,False
51.0,POR_HORA,tarifa estándar para moto,211022.0,2026-01-09,True
26.0,POR_MES,tarifa estándar para camioneta,196811.0,2026-01-01,False
709.0,POR_MES,tarifa estándar para carro,227768.0,2026-06-02,False
733.0,POR_DIA,tarifa estándar para camioneta,54045.0,2026-02-13,True
261.0,POR_MES,tarifa estándar para camioneta,3459.0,2026-06-21,False
95.0,POR_DIA,tarifa estándar para carro,178026.0,2026-05-31,True
633.0,POR_DIA,tarifa estándar para carro,91003.0,2026-03-03,True
980.0,POR_HORA,tarifa estándar para camioneta,199030.0,2026-03-18,False
510.0,POR_DIA,tarifa estándar para bicicleta,138085.0,2026-02-21,False
33.0,POR_HORA,tarifa estándar para bicicleta,89079.0,2026-05-08,False
522.0,POR_DIA,tarifa estándar para carro,199558.0,2026-05-04,False
642.0,POR_DIA,tarifa estándar para bicicleta,11775.0,2026-04-15,False
999.0,POR_MES,tarifa estándar para moto,195502.0,2026-04-15,False
850.0,POR_DIA,tarifa estándar para camioneta,34639.0,2026-03-22,False
980.0,POR_HORA,tarifa estándar para carro,189218.0,2026-02-12,False
910.0,POR_HORA,tarifa estándar para camioneta,185020.0,2026-01-20,True
666.0,POR_HORA,tarifa estándar para camioneta,248987.0,2026-01-21,False
223.0,POR_DIA,tarifa estándar para moto,191149.0,2026-04-07,False
533.0,POR_MES,tarifa estándar para bicicleta,153459.0,2026-01-25,True
403.0,POR_MES,tarifa estándar para camioneta,131651.0,2026-04-15,True
213.0,POR_DIA,tarifa estándar para bicicleta,187188.0,2026-01-01,True
471.0,POR_HORA,tarifa estándar para bicicleta,197774.0,2026-06-14,True
962.0,POR_DIA,tarifa estándar para bicicleta,202406.0,2026-01-01,True
954.0,POR_DIA,tarifa estándar para camioneta,35783.0,2026-05-29,False
464.0,POR_DIA,tarifa estándar para moto,12142.0,2026-05-07,True
399.0,POR_DIA,tarifa estándar para camioneta,192103.0,2026-06-11,True
199.0,POR_MES,tarifa estándar para carro,164512.0,2026-01-01,True
290.0,POR_DIA,tarifa estándar para moto,245128.0,2026-01-30,True
205.0,POR_MES,tarifa estándar para camioneta,4746.0,2026-03-20,True
164.0,POR_MES,tarifa estándar para carro,245659.0,2026-04-27,True
450.0,POR_DIA,tarifa estándar para bicicleta,202656.0,2026-03-11,False
976.0,POR_MES,tarifa estándar para moto,220112.0,2026-02-14,False
123.0,POR_MES,tarifa estándar para bicicleta,192904.0,2026-05-23,True
330.0,POR_MES,tarifa estándar para moto,151609.0,2026-01-11,False
867.0,POR_DIA,tarifa estándar para moto,240628.0,2026-04-08,True
575.0,POR_HORA,tarifa estándar para bicicleta,26109.0,2026-03-03,False
71.0,POR_MES,tarifa estándar para carro,149892.0,2026-01-01,True
229.0,POR_HORA,tarifa estándar para moto,200995.0,2026-03-28,False
408.0,POR_HORA,tarifa estándar para moto,152558.0,2026-02-02,False
859.0,POR_DIA,tarifa estándar para moto,190541.0,2026-04-22,True
899.0,POR_MES,tarifa estándar para moto,192178.0,2026-05-30,True
416.0,POR_MES,tarifa estándar para camioneta,124923.0,2026-01-16,False
702.0,POR_DIA,tarifa estándar para moto,71942.0,2026-03-19,False
157.0,POR_DIA,tarifa estándar para carro,213427.0,2026-03-15,True
221.0,POR_DIA,tarifa estándar para camioneta,42908.0,2026-01-22,False
40.0,POR_DIA,tarifa estándar para camioneta,140233.0,2026-03-03,True
551.0,POR_MES,tarifa estándar para bicicleta,6656.0,2026-04-09,False
138.0,POR_MES,tarifa estándar para carro,133795.0,2026-04-04,False
986.0,POR_HORA,tarifa estándar para moto,151145.0,2026-01-01,True
640.0,POR_DIA,tarifa estándar para camioneta,234464.0,2026-01-01,True
703.0,POR_DIA,tarifa estándar para camioneta,115373.0,2026-01-01,True
952.0,POR_MES,tarifa estándar para carro,190909.0,2026-01-01,False
7.0,POR_MES,tarifa estándar para bicicleta,23729.0,2026-01-01,False
31.0,POR_HORA,tarifa estándar para carro,181022.0,2026-05-24,False
689.0,POR_DIA,tarifa estándar para carro,96461.0,2026-05-05,False
453.0,POR_HORA,tarifa estándar para camioneta,200696.0,2026-01-01,True
282.0,POR_DIA,tarifa estándar para moto,12734.0,2026-05-03,False
415.0,POR_DIA,tarifa estándar para bicicleta,156261.0,2026-01-11,False
499.0,POR_DIA,tarifa estándar para bicicleta,238040.0,2026-01-01,False
798.0,POR_MES,tarifa estándar para carro,97743.0,2026-01-02,False
992.0,POR_DIA,tarifa estándar para camioneta,58366.0,2026-03-25,True
556.0,POR_MES,tarifa estándar para camioneta,180793.0,2026-03-30,False
772.0,POR_DIA,tarifa estándar para bicicleta,130007.0,2026-05-22,True
296.0,POR_HORA,tarifa estándar para moto,53525.0,2026-01-28,False
758.0,POR_MES,tarifa estándar para camioneta,167397.0,2026-03-04,True
21.0,POR_DIA,tarifa estándar para moto,126161.0,2026-01-21,False
403.0,POR_DIA,tarifa estándar para bicicleta,11425.0,2026-06-15,True
635.0,POR_HORA,tarifa estándar para carro,25263.0,2026-01-01,False
802.0,POR_DIA,tarifa estándar para camioneta,28054.0,2026-01-03,False
532.0,POR_MES,tarifa estándar para carro,169989.0,2026-01-01,False
63.0,POR_HORA,tarifa estándar para bicicleta,225736.0,2026-05-18,False
733.0,POR_DIA,tarifa estándar para camioneta,212783.0,2026-01-01,True
211.0,POR_MES,tarifa estándar para bicicleta,210695.0,2026-06-26,True
805.0,POR_MES,tarifa estándar para camioneta,85411.0,2026-06-15,False
562.0,POR_DIA,tarifa estándar para moto,194531.0,2026-06-15,False
85.0,POR_DIA,tarifa estándar para bicicleta,160254.0,2026-01-11,False
433.0,POR_MES,tarifa estándar para bicicleta,229795.0,2026-04-21,False
903.0,POR_DIA,tarifa estándar para moto,69510.0,2026-01-24,False
886.0,POR_DIA,tarifa estándar para camioneta,96662.0,2026-01-09,False
151.0,POR_HORA,tarifa estándar para carro,143771.0,2026-03-31,True
584.0,POR_MES,tarifa estándar para carro,93285.0,2026-01-03,True
469.0,POR_DIA,tarifa estándar para bicicleta,133967.0,2026-02-20,False
22.0,POR_MES,tarifa estándar para carro,239552.0,2026-05-26,False
133.0,POR_HORA,tarifa estándar para bicicleta,191286.0,2026-04-26,False
103.0,POR_MES,tarifa estándar para bicicleta,102531.0,2026-02-03,True
570.0,POR_HORA,tarifa estándar para bicicleta,189543.0,2026-03-06,False
459.0,POR_DIA,tarifa estándar para bicicleta,248342.0,2026-05-22,True
347.0,POR_HORA,tarifa estándar para carro,123439.0,2026-03-19,True
833.0,POR_HORA,tarifa estándar para moto,197309.0,2026-04-14,True
512.0,POR_MES,tarifa estándar para moto,223118.0,2026-06-15,True
87.0,POR_MES,tarifa estándar para moto,92950.0,2026-03-04,True
604.0,POR_MES,tarifa estándar para bicicleta,109285.0,2026-02-16,False
648.0,POR_DIA,tarifa estándar para camioneta,43959.0,2026-02-27,True
826.0,POR_DIA,tarifa estándar para bicicleta,196699.0,2026-02-11,True
525.0,POR_MES,tarifa estándar para carro,188397.0,2026-06-13,False
269.0,POR_MES,tarifa estándar para bicicleta,241910.0,2026-02-13,False
372.0,POR_DIA,tarifa estándar para camioneta,86403.0,2026-03-02,False
912.0,POR_DIA,tarifa estándar para bicicleta,24837.0,2026-03-05,True
722.0,POR_HORA,tarifa estándar para bicicleta,246019.0,2026-02-28,True
444.0,POR_HORA,tarifa estándar para carro,16360.0,2026-01-02,True
889.0,POR_HORA,tarifa estándar para moto,42664.0,2026-01-01,False
49.0,POR_HORA,tarifa estándar para moto,209300.0,2026-01-01,True
614.0,POR_MES,tarifa estándar para moto,81731.0,2026-05-15,False
225.0,POR_MES,tarifa estándar para bicicleta,110756.0,2026-06-16,False
536.0,POR_DIA,tarifa estándar para camioneta,164032.0,2026-05-09,False
618.0,POR_DIA,tarifa estándar para camioneta,40965.0,2026-01-01,False
883.0,POR_HORA,tarifa estándar para carro,84763.0,2026-05-20,False
373.0,POR_DIA,tarifa estándar para bicicleta,134831.0,2026-03-11,False
107.0,POR_HORA,tarifa estándar para camioneta,51899.0,2026-01-01,False
248.0,POR_HORA,tarifa estándar para bicicleta,103659.0,2026-05-23,False
8.0,POR_MES,tarifa estándar para moto,172356.0,2026-04-21,True
901.0,POR_MES,tarifa estándar para moto,43250.0,2026-06-21,True
333.0,POR_DIA,tarifa estándar para moto,147117.0,2026-01-01,True
406.0,POR_HORA,tarifa estándar para moto,85619.0,2026-01-25,False
10.0,POR_DIA,tarifa estándar para camioneta,75060.0,2026-06-23,True
752.0,POR_MES,tarifa estándar para carro,76569.0,2026-04-04,False
245.0,POR_MES,tarifa estándar para camioneta,3782.0,2026-02-15,True
782.0,POR_MES,tarifa estándar para bicicleta,221817.0,2026-06-11,True
546.0,POR_DIA,tarifa estándar para carro,158937.0,2026-01-01,True
715.0,POR_HORA,tarifa estándar para moto,51590.0,2026-03-27,True
14.0,POR_HORA,tarifa estándar para bicicleta,223602.0,2026-06-10,False
636.0,POR_MES,tarifa estándar para bicicleta,40455.0,2026-01-01,True
787.0,POR_HORA,tarifa estándar para camioneta,104782.0,2026-05-28,True
259.0,POR_MES,tarifa estándar para camioneta,153402.0,2026-06-12,False
617.0,POR_MES,tarifa estándar para moto,14909.0,2026-02-26,False
151.0,POR_DIA,tarifa estándar para carro,174250.0,2026-04-06,True
194.0,POR_HORA,tarifa estándar para camioneta,37244.0,2026-01-01,True
335.0,POR_MES,tarifa estándar para moto,70715.0,2026-01-23,False
161.0,POR_HORA,tarifa estándar para moto,79323.0,2026-01-01,False
747.0,POR_DIA,tarifa estándar para bicicleta,142581.0,2026-05-21,True
793.0,POR_DIA,tarifa estándar para moto,248672.0,2026-01-04,True
939.0,POR_MES,tarifa estándar para moto,72756.0,2026-05-03,False
721.0,POR_DIA,tarifa estándar para moto,65252.0,2026-06-08,False
501.0,POR_HORA,tarifa estándar para moto,63464.0,2026-01-01,False
439.0,POR_DIA,tarifa estándar para bicicleta,240939.0,2026-05-22,True
888.0,POR_MES,tarifa estándar para carro,243295.0,2026-02-18,True
537.0,POR_HORA,tarifa estándar para camioneta,224670.0,2026-04-13,True
935.0,POR_DIA,tarifa estándar para carro,4409.0,2026-06-27,False
129.0,POR_HORA,tarifa estándar para camioneta,199096.0,2026-06-27,False
932.0,POR_MES,tarifa estándar para carro,16564.0,2026-05-30,True
791.0,POR_DIA,tarifa estándar para moto,201237.0,2026-04-01,True
440.0,POR_DIA,tarifa estándar para carro,193282.0,2026-01-01,False
9.0,POR_MES,tarifa estándar para moto,196142.0,2026-04-21,False
97.0,POR_MES,tarifa estándar para camioneta,18996.0,2026-02-20,False
145.0,POR_HORA,tarifa estándar para bicicleta,225700.0,2026-01-01,False
412.0,POR_HORA,tarifa estándar para carro,179741.0,2026-05-05,True
491.0,POR_DIA,tarifa estándar para carro,26111.0,2026-05-19,False
850.0,POR_HORA,tarifa estándar para moto,14023.0,2026-03-23,False
134.0,POR_HORA,tarifa estándar para camioneta,25580.0,2026-01-29,False
119.0,POR_MES,tarifa estándar para camioneta,25398.0,2026-01-03,True
965.0,POR_DIA,tarifa estándar para moto,225982.0,2026-03-07,True
214.0,POR_HORA,tarifa estándar para carro,18951.0,2026-04-29,True
591.0,POR_MES,tarifa estándar para moto,195520.0,2026-01-01,True
563.0,POR_HORA,tarifa estándar para carro,84443.0,2026-01-21,True
440.0,POR_MES,tarifa estándar para camioneta,122829.0,2026-05-21,True
292.0,POR_DIA,tarifa estándar para moto,39391.0,2026-01-27,True
695.0,POR_HORA,tarifa estándar para bicicleta,132762.0,2026-01-01,True
944.0,POR_DIA,tarifa estándar para moto,195435.0,2026-02-24,True
632.0,POR_HORA,tarifa estándar para bicicleta,8123.0,2026-06-14,False
637.0,POR_DIA,tarifa estándar para moto,136418.0,2026-01-01,False
298.0,POR_DIA,tarifa estándar para moto,187263.0,2026-01-01,True
370.0,POR_HORA,tarifa estándar para bicicleta,80584.0,2026-06-18,False
591.0,POR_HORA,tarifa estándar para bicicleta,122072.0,2026-02-21,True
559.0,POR_HORA,tarifa estándar para camioneta,172102.0,2026-01-01,False
426.0,POR_MES,tarifa estándar para moto,245038.0,2026-05-23,False
464.0,POR_DIA,tarifa estándar para carro,110815.0,2026-01-27,False
377.0,POR_HORA,tarifa estándar para moto,183927.0,2026-02-12,True
240.0,POR_DIA,tarifa estándar para moto,165858.0,2026-01-22,False
326.0,POR_DIA,tarifa estándar para bicicleta,23832.0,2026-03-01,False
254.0,POR_DIA,tarifa estándar para bicicleta,153633.0,2026-01-01,False
441.0,POR_HORA,tarifa estándar para moto,205459.0,2026-05-03,False
578.0,POR_DIA,tarifa estándar para bicicleta,159902.0,2026-01-25,True
151.0,POR_DIA,tarifa estándar para bicicleta,158796.0,2026-02-01,True
952.0,POR_DIA,tarifa estándar para bicicleta,77146.0,2026-04-24,True
242.0,POR_MES,tarifa estándar para moto,226433.0,2026-04-12,True
882.0,POR_MES,tarifa estándar para moto,73905.0,2026-05-19,False
988.0,POR_HORA,tarifa estándar para camioneta,124442.0,2026-06-07,True
448.0,POR_MES,tarifa estándar para camioneta,114405.0,2026-01-29,False
300.0,POR_DIA,tarifa estándar para camioneta,218705.0,2026-06-06,True
482.0,POR_DIA,tarifa estándar para carro,10954.0,2026-01-01,True
170.0,POR_HORA,tarifa estándar para moto,204009.0,2026-04-17,True
946.0,POR_MES,tarifa estándar para moto,187405.0,2026-01-25,False
860.0,POR_HORA,tarifa estándar para carro,28436.0,2026-02-23,True
58.0,POR_HORA,tarifa estándar para moto,114558.0,2026-01-23,True
184.0,POR_DIA,tarifa estándar para moto,171811.0,2026-02-08,True
950.0,POR_HORA,tarifa estándar para bicicleta,80895.0,2026-01-01,False
595.0,POR_DIA,tarifa estándar para carro,32905.0,2026-02-16,False
818.0,POR_MES,tarifa estándar para moto,152533.0,2026-02-18,True
22.0,POR_DIA,tarifa estándar para moto,224147.0,2026-05-25,True
247.0,POR_DIA,tarifa estándar para camioneta,149613.0,2026-01-06,True
728.0,POR_DIA,tarifa estándar para moto,74784.0,2026-05-27,False
672.0,POR_MES,tarifa estándar para moto,108727.0,2026-06-22,False
434.0,POR_DIA,tarifa estándar para carro,86343.0,2026-05-20,False
967.0,POR_MES,tarifa estándar para carro,126509.0,2026-03-12,False
361.0,POR_MES,tarifa estándar para moto,193067.0,2026-02-12,False
182.0,POR_MES,tarifa estándar para carro,139543.0,2026-01-01,False
870.0,POR_HORA,tarifa estándar para carro,213249.0,2026-05-12,True
751.0,POR_HORA,tarifa estándar para bicicleta,99896.0,2026-01-01,True
402.0,POR_DIA,tarifa estándar para bicicleta,170044.0,2026-03-23,True
925.0,POR_DIA,tarifa estándar para carro,35558.0,2026-06-04,False
563.0,POR_MES,tarifa estándar para camioneta,58623.0,2026-01-07,False
216.0,POR_DIA,tarifa estándar para moto,14280.0,2026-02-07,True
884.0,POR_HORA,tarifa estándar para moto,107214.0,2026-04-04,False
487.0,POR_MES,tarifa estándar para camioneta,247023.0,2026-02-18,True
311.0,POR_MES,tarifa estándar para moto,103443.0,2026-04-04,True
184.0,POR_MES,tarifa estándar para moto,39253.0,2026-01-01,True
361.0,POR_DIA,tarifa estándar para carro,6992.0,2026-02-27,False
750.0,POR_MES,tarifa estándar para bicicleta,183139.0,2026-01-29,False
201.0,POR_DIA,tarifa estándar para moto,48351.0,2026-03-04,False
673.0,POR_MES,tarifa estándar para moto,248625.0,2026-04-14,False
273.0,POR_MES,tarifa estándar para camioneta,89724.0,2026-04-25,False
391.0,POR_DIA,tarifa estándar para moto,203533.0,2026-01-11,False
429.0,POR_DIA,tarifa estándar para moto,83597.0,2026-01-22,False
691.0,POR_HORA,tarifa estándar para carro,230084.0,2026-01-01,False
808.0,POR_MES,tarifa estándar para carro,223285.0,2026-05-25,True
294.0,POR_HORA,tarifa estándar para carro,202852.0,2026-01-12,True
521.0,POR_MES,tarifa estándar para bicicleta,58074.0,2026-01-01,True
388.0,POR_MES,tarifa estándar para moto,31642.0,2026-05-03,True
751.0,POR_DIA,tarifa estándar para moto,86923.0,2026-02-10,True
949.0,POR_HORA,tarifa estándar para camioneta,82914.0,2026-01-11,True
479.0,POR_MES,tarifa estándar para carro,233389.0,2026-06-28,True
860.0,POR_HORA,tarifa estándar para camioneta,131462.0,2026-01-01,True
991.0,POR_DIA,tarifa estándar para carro,118108.0,2026-06-27,False
580.0,POR_MES,tarifa estándar para camioneta,132316.0,2026-05-11,True
747.0,POR_DIA,tarifa estándar para carro,56307.0,2026-06-28,False
705.0,POR_DIA,tarifa estándar para moto,46362.0,2026-01-01,False
296.0,POR_MES,tarifa estándar para moto,207867.0,2026-01-14,True
267.0,POR_MES,tarifa estándar para moto,37420.0,2026-03-13,False
57.0,POR_HORA,tarifa estándar para moto,105559.0,2026-05-09,True
162.0,POR_DIA,tarifa estándar para camioneta,246221.0,2026-03-09,False
700.0,POR_MES,tarifa estándar para camioneta,33666.0,2026-01-12,True
263.0,POR_HORA,tarifa estándar para camioneta,185202.0,2026-05-14,True
109.0,POR_HORA,tarifa estándar para carro,174281.0,2026-05-10,False
132.0,POR_HORA,tarifa estándar para moto,106978.0,2026-01-01,False
342.0,POR_DIA,tarifa estándar para carro,180535.0,2026-04-27,True
854.0,POR_MES,tarifa estándar para moto,197934.0,2026-03-25,False
592.0,POR_DIA,tarifa estándar para carro,101968.0,2026-03-11,False
740.0,POR_MES,tarifa estándar para carro,217468.0,2026-04-08,True
116.0,POR_HORA,tarifa estándar para carro,174760.0,2026-06-23,True
417.0,POR_HORA,tarifa estándar para carro,135848.0,2026-03-24,True
302.0,POR_MES,tarifa estándar para moto,42233.0,2026-05-24,False
508.0,POR_MES,tarifa estándar para moto,171265.0,2026-02-20,False
190.0,POR_DIA,tarifa estándar para carro,171282.0,2026-04-17,False
515.0,POR_HORA,tarifa estándar para bicicleta,116811.0,2026-04-21,False
121.0,POR_MES,tarifa estándar para bicicleta,40790.0,2026-03-24,True
708.0,POR_DIA,tarifa estándar para bicicleta,24467.0,2026-04-24,True
773.0,POR_HORA,tarifa estándar para carro,231127.0,2026-01-01,True
202.0,POR_MES,tarifa estándar para camioneta,132234.0,2026-02-22,True
451.0,POR_MES,tarifa estándar para moto,45007.0,2026-02-06,False
629.0,POR_HORA,tarifa estándar para moto,44822.0,2026-01-26,False
409.0,POR_DIA,tarifa estándar para camioneta,82251.0,2026-01-14,False
298.0,POR_HORA,tarifa estándar para camioneta,51502.0,2026-02-23,True
373.0,POR_MES,tarifa estándar para moto,172880.0,2026-02-07,False
997.0,POR_HORA,tarifa estándar para carro,95860.0,2026-03-08,True
459.0,POR_DIA,tarifa estándar para bicicleta,180990.0,2026-06-04,True
136.0,POR_DIA,tarifa estándar para camioneta,201406.0,2026-01-01,True
767.0,POR_MES,tarifa estándar para carro,81777.0,2026-03-15,False
433.0,POR_DIA,tarifa estándar para carro,191814.0,2026-05-27,True
156.0,POR_MES,tarifa estándar para carro,52762.0,2026-06-22,True
645.0,POR_MES,tarifa estándar para moto,62315.0,2026-02-01,False
604.0,POR_HORA,tarifa estándar para moto,43527.0,2026-03-21,True
989.0,POR_HORA,tarifa estándar para camioneta,11330.0,2026-01-01,True
731.0,POR_DIA,tarifa estándar para carro,106631.0,2026-01-01,True
266.0,POR_MES,tarifa estándar para camioneta,246927.0,2026-05-27,True
843.0,POR_HORA,tarifa estándar para moto,118285.0,2026-01-01,False
296.0,POR_HORA,tarifa estándar para moto,123217.0,2026-03-14,True
509.0,POR_DIA,tarifa estándar para bicicleta,147256.0,2026-05-28,False
280.0,POR_HORA,tarifa estándar para moto,242523.0,2026-01-01,False
944.0,POR_DIA,tarifa estándar para bicicleta,245382.0,2026-02-17,False
571.0,POR_HORA,tarifa estándar para camioneta,30186.0,2026-05-11,True
939.0,POR_DIA,tarifa estándar para moto,25854.0,2026-01-01,False
245.0,POR_MES,tarifa estándar para carro,85973.0,2026-05-26,False
534.0,POR_MES,tarifa estándar para carro,173845.0,2026-04-30,False
283.0,POR_DIA,tarifa estándar para bicicleta,182393.0,2026-01-01,False
659.0,POR_DIA,tarifa estándar para carro,190662.0,2026-04-22,False
216.0,POR_DIA,tarifa estándar para moto,121813.0,2026-01-01,False
489.0,POR_MES,tarifa estándar para carro,189883.0,2026-05-09,True
437.0,POR_MES,tarifa estándar para camioneta,104658.0,2026-01-01,False
785.0,POR_DIA,tarifa estándar para carro,106877.0,2026-01-01,True
862.0,POR_DIA,tarifa estándar para carro,223028.0,2026-04-08,True
412.0,POR_DIA,tarifa estándar para bicicleta,32436.0,2026-03-16,False
455.0,POR_MES,tarifa estándar para carro,52061.0,2026-01-30,False
287.0,POR_HORA,tarifa estándar para bicicleta,70875.0,2026-04-20,False
552.0,POR_DIA,tarifa estándar para bicicleta,140813.0,2026-06-01,False
523.0,POR_DIA,tarifa estándar para carro,19547.0,2026-06-23,True
347.0,POR_MES,tarifa estándar para carro,233265.0,2026-01-29,False
417.0,POR_HORA,tarifa estándar para camioneta,200479.0,2026-03-09,True
552.0,POR_MES,tarifa estándar para bicicleta,92490.0,2026-01-19,False
122.0,POR_HORA,tarifa estándar para bicicleta,151424.0,2026-04-19,True
26.0,POR_MES,tarifa estándar para moto,24790.0,2026-04-09,False
679.0,POR_MES,tarifa estándar para carro,43307.0,2026-05-25,True
790.0,POR_DIA,tarifa estándar para carro,136354.0,2026-04-10,False
128.0,POR_HORA,tarifa estándar para moto,190095.0,2026-06-03,False
109.0,POR_DIA,tarifa estándar para bicicleta,88114.0,2026-01-01,False
325.0,POR_MES,tarifa estándar para moto,227609.0,2026-01-01,True
150.0,POR_HORA,tarifa estándar para carro,181049.0,2026-01-31,True
509.0,POR_HORA,tarifa estándar para moto,100292.0,2026-06-02,False
626.0,POR_MES,tarifa estándar para moto,198625.0,2026-04-20,True
473.0,POR_DIA,tarifa estándar para moto,43609.0,2026-01-01,True
944.0,POR_DIA,tarifa estándar para moto,121311.0,2026-05-30,True
751.0,POR_HORA,tarifa estándar para bicicleta,25828.0,2026-03-02,False
216.0,POR_HORA,tarifa estándar para moto,45745.0,2026-04-12,False
151.0,POR_HORA,tarifa estándar para camioneta,71012.0,2026-06-26,False
431.0,POR_DIA,tarifa estándar para bicicleta,203929.0,2026-03-02,True
567.0,POR_MES,tarifa estándar para bicicleta,7992.0,2026-04-17,False
568.0,POR_MES,tarifa estándar para carro,248489.0,2026-03-29,True
479.0,POR_HORA,tarifa estándar para moto,109155.0,2026-01-01,True
264.0,POR_HORA,tarifa estándar para camioneta,57930.0,2026-05-10,False
523.0,POR_DIA,tarifa estándar para carro,44675.0,2026-01-21,True
765.0,POR_HORA,tarifa estándar para bicicleta,245869.0,2026-03-10,False
26.0,POR_MES,tarifa estándar para carro,204000.0,2026-03-15,False
508.0,POR_HORA,tarifa estándar para camioneta,11502.0,2026-01-01,False
663.0,POR_MES,tarifa estándar para carro,52733.0,2026-06-20,True
466.0,POR_HORA,tarifa estándar para carro,72485.0,2026-06-06,True
907.0,POR_DIA,tarifa estándar para bicicleta,29443.0,2026-06-08,False
113.0,POR_DIA,tarifa estándar para carro,43052.0,2026-01-16,True
269.0,POR_HORA,tarifa estándar para carro,45473.0,2026-05-23,True
728.0,POR_HORA,tarifa estándar para moto,100971.0,2026-01-01,True
624.0,POR_MES,tarifa estándar para carro,242593.0,2026-01-03,True
730.0,POR_HORA,tarifa estándar para moto,36916.0,2026-03-07,True
219.0,POR_HORA,tarifa estándar para bicicleta,122538.0,2026-01-01,False
569.0,POR_DIA,tarifa estándar para moto,125693.0,2026-01-01,False
452.0,POR_DIA,tarifa estándar para carro,243112.0,2026-01-01,True
211.0,POR_HORA,tarifa estándar para moto,219257.0,2026-03-11,True
305.0,POR_HORA,tarifa estándar para camioneta,84716.0,2026-01-02,False
817.0,POR_HORA,tarifa estándar para carro,40576.0,2026-05-15,False
679.0,POR_MES,tarifa estándar para bicicleta,103019.0,2026-04-20,True
448.0,POR_HORA,tarifa estándar para carro,220530.0,2026-05-21,False
672.0,POR_MES,tarifa estándar para camioneta,49974.0,2026-01-13,False
735.0,POR_DIA,tarifa estándar para moto,184637.0,2026-04-14,True
754.0,POR_DIA,tarifa estándar para bicicleta,226750.0,2026-05-13,True
911.0,POR_DIA,tarifa estándar para camioneta,159872.0,2026-05-07,False
599.0,POR_HORA,tarifa estándar para moto,118454.0,2026-01-01,True
968.0,POR_DIA,tarifa estándar para carro,86611.0,2026-05-16,False
390.0,POR_HORA,tarifa estándar para camioneta,229924.0,2026-03-01,False
955.0,POR_DIA,tarifa estándar para camioneta,140092.0,2026-02-19,False
727.0,POR_HORA,tarifa estándar para carro,4090.0,2026-04-18,False
478.0,POR_MES,tarifa estándar para moto,38842.0,2026-01-01,False
600.0,POR_MES,tarifa estándar para carro,88785.0,2026-04-09,True
400.0,POR_DIA,tarifa estándar para camioneta,102181.0,2026-01-03,True
880.0,POR_HORA,tarifa estándar para camioneta,228146.0,2026-04-18,False
14.0,POR_DIA,tarifa estándar para camioneta,153954.0,2026-01-07,True
662.0,POR_MES,tarifa estándar para moto,104401.0,2026-05-11,True
739.0,POR_HORA,tarifa estándar para carro,65182.0,2026-02-16,False
474.0,POR_HORA,tarifa estándar para bicicleta,175573.0,2026-04-17,True
197.0,POR_DIA,tarifa estándar para bicicleta,84789.0,2026-05-30,True
587.0,POR_MES,tarifa estándar para moto,230022.0,2026-04-30,True
321.0,POR_MES,tarifa estándar para carro,234787.0,2026-03-05,False
500.0,POR_DIA,tarifa estándar para moto,147642.0,2026-06-04,False
154.0,POR_HORA,tarifa estándar para camioneta,15672.0,2026-01-01,True
786.0,POR_HORA,tarifa estándar para camioneta,159179.0,2026-03-19,True
704.0,POR_HORA,tarifa estándar para camioneta,4256.0,2026-04-03,True
839.0,POR_HORA,tarifa estándar para camioneta,215265.0,2026-03-18,False
982.0,POR_HORA,tarifa estándar para moto,188308.0,2026-01-01,False
129.0,POR_HORA,tarifa estándar para camioneta,204143.0,2026-03-08,False
220.0,POR_HORA,tarifa estándar para moto,147326.0,2026-02-15,False
739.0,POR_DIA,tarifa estándar para moto,170144.0,2026-01-01,True
635.0,POR_MES,tarifa estándar para moto,65610.0,2026-04-16,True
137.0,POR_MES,tarifa estándar para camioneta,87302.0,2026-01-13,False
254.0,POR_DIA,tarifa estándar para bicicleta,174613.0,2026-06-12,True
88.0,POR_MES,tarifa estándar para moto,206459.0,2026-01-22,True
764.0,POR_MES,tarifa estándar para camioneta,123501.0,2026-06-14,True
884.0,POR_DIA,tarifa estándar para moto,47342.0,2026-04-13,True
699.0,POR_DIA,tarifa estándar para camioneta,150097.0,2026-04-06,False
767.0,POR_DIA,tarifa estándar para moto,109776.0,2026-05-02,True
207.0,POR_MES,tarifa estándar para carro,118062.0,2026-03-08,True
137.0,POR_HORA,tarifa estándar para carro,71293.0,2026-06-26,True
881.0,POR_HORA,tarifa estándar para carro,179934.0,2026-06-09,True
10.0,POR_MES,tarifa estándar para bicicleta,179871.0,2026-05-15,True
199.0,POR_MES,tarifa estándar para camioneta,171673.0,2026-06-28,False
341.0,POR_DIA,tarifa estándar para carro,215875.0,2026-05-01,False
707.0,POR_HORA,tarifa estándar para bicicleta,175616.0,2026-04-28,True
357.0,POR_HORA,tarifa estándar para carro,162007.0,2026-05-29,False
899.0,POR_MES,tarifa estándar para moto,87016.0,2026-01-28,True
27.0,POR_DIA,tarifa estándar para moto,28475.0,2026-06-02,False
681.0,POR_MES,tarifa estándar para camioneta,2515.0,2026-03-25,False
289.0,POR_MES,tarifa estándar para camioneta,67642.0,2026-03-14,True
787.0,POR_DIA,tarifa estándar para carro,185783.0,2026-05-13,False
407.0,POR_HORA,tarifa estándar para camioneta,89427.0,2026-04-15,False
244.0,POR_MES,tarifa estándar para carro,145465.0,2026-04-08,False
491.0,POR_MES,tarifa estándar para moto,62540.0,2026-01-01,True
45.0,POR_HORA,tarifa estándar para camioneta,155408.0,2026-03-26,True
422.0,POR_HORA,tarifa estándar para moto,173555.0,2026-05-19,False
517.0,POR_HORA,tarifa estándar para carro,2390.0,2026-01-13,False
362.0,POR_HORA,tarifa estándar para moto,142151.0,2026-04-12,False
312.0,POR_HORA,tarifa estándar para camioneta,5048.0,2026-06-13,True
158.0,POR_MES,tarifa estándar para moto,158854.0,2026-04-11,True
960.0,POR_HORA,tarifa estándar para moto,19219.0,2026-04-07,True
748.0,POR_HORA,tarifa estándar para carro,235470.0,2026-03-12,True
991.0,POR_MES,tarifa estándar para camioneta,26522.0,2026-01-02,False
626.0,POR_HORA,tarifa estándar para moto,162005.0,2026-01-17,True
580.0,POR_HORA,tarifa estándar para carro,135709.0,2026-01-01,False
527.0,POR_HORA,tarifa estándar para carro,30465.0,2026-03-01,False
764.0,POR_DIA,tarifa estándar para camioneta,104338.0,2026-01-01,True
191.0,POR_DIA,tarifa estándar para camioneta,101475.0,2026-05-31,False
102.0,POR_DIA,tarifa estándar para bicicleta,206430.0,2026-02-17,False
397.0,POR_HORA,tarifa estándar para carro,165342.0,2026-01-30,True
416.0,POR_HORA,tarifa estándar para camioneta,59855.0,2026-06-22,True
376.0,POR_DIA,tarifa estándar para bicicleta,47339.0,2026-06-13,False
895.0,POR_DIA,tarifa estándar para moto,32890.0,2026-04-25,False
699.0,POR_HORA,tarifa estándar para camioneta,187816.0,2026-06-19,True
863.0,POR_DIA,tarifa estándar para camioneta,149506.0,2026-06-27,False
215.0,POR_MES,tarifa estándar para moto,18566.0,2026-01-01,True
812.0,POR_MES,tarifa estándar para carro,221082.0,2026-01-01,True
17.0,POR_HORA,tarifa estándar para camioneta,32383.0,2026-01-01,False
310.0,POR_HORA,tarifa estándar para moto,229261.0,2026-03-15,True
730.0,POR_MES,tarifa estándar para camioneta,12610.0,2026-03-10,False
757.0,POR_DIA,tarifa estándar para camioneta,173267.0,2026-02-03,False
845.0,POR_MES,tarifa estándar para camioneta,3470.0,2026-01-01,True
968.0,POR_HORA,tarifa estándar para bicicleta,171707.0,2026-06-25,False
699.0,POR_HORA,tarifa estándar para bicicleta,41043.0,2026-02-19,True
685.0,POR_MES,tarifa estándar para bicicleta,131875.0,2026-01-01,True
802.0,POR_MES,tarifa estándar para carro,15430.0,2026-03-10,True
989.0,POR_HORA,tarifa estándar para camioneta,197395.0,2026-03-29,False
303.0,POR_MES,tarifa estándar para bicicleta,70055.0,2026-01-01,False
268.0,POR_DIA,tarifa estándar para camioneta,123928.0,2026-05-25,False
88.0,POR_HORA,tarifa estándar para bicicleta,57578.0,2026-06-15,False
853.0,POR_HORA,tarifa estándar para carro,2914.0,2026-02-16,False
763.0,POR_HORA,tarifa estándar para camioneta,202554.0,2026-01-01,False
455.0,POR_HORA,tarifa estándar para bicicleta,110587.0,2026-01-19,False
911.0,POR_MES,tarifa estándar para camioneta,18083.0,2026-03-21,False
545.0,POR_MES,tarifa estándar para camioneta,18254.0,2026-05-25,False
746.0,POR_HORA,tarifa estándar para bicicleta,211415.0,2026-05-15,True
809.0,POR_DIA,tarifa estándar para moto,203815.0,2026-01-24,True
370.0,POR_HORA,tarifa estándar para carro,133562.0,2026-01-01,False
358.0,POR_DIA,tarifa estándar para bicicleta,164977.0,2026-01-15,True
158.0,POR_HORA,tarifa estándar para carro,157234.0,2026-03-20,True
311.0,POR_DIA,tarifa estándar para carro,113617.0,2026-01-01,False
559.0,POR_HORA,tarifa estándar para moto,171651.0,2026-03-14,True
448.0,POR_DIA,tarifa estándar para moto,125282.0,2026-02-08,True
78.0,POR_MES,tarifa estándar para camioneta,240459.0,2026-02-02,False
911.0,POR_MES,tarifa estándar para camioneta,248998.0,2026-05-04,False
241.0,POR_HORA,tarifa estándar para moto,173040.0,2026-01-01,True
717.0,POR_MES,tarifa estándar para camioneta,172388.0,2026-06-23,True
186.0,POR_MES,tarifa estándar para camioneta,168465.0,2026-03-12,False
904.0,POR_MES,tarifa estándar para carro,141620.0,2026-03-30,False
193.0,POR_MES,tarifa estándar para moto,240933.0,2026-02-10,True
150.0,POR_DIA,tarifa estándar para camioneta,125655.0,2026-06-10,True
718.0,POR_HORA,tarifa estándar para camioneta,205883.0,2026-04-18,False
153.0,POR_DIA,tarifa estándar para moto,193027.0,2026-03-15,True
924.0,POR_MES,tarifa estándar para bicicleta,135421.0,2026-06-10,False
892.0,POR_HORA,tarifa estándar para carro,223766.0,2026-01-09,False
33.0,POR_MES,tarifa estándar para moto,93698.0,2026-02-03,False
537.0,POR_MES,tarifa estándar para bicicleta,116135.0,2026-04-05,True
79.0,POR_DIA,tarifa estándar para moto,70403.0,2026-01-01,True
939.0,POR_HORA,tarifa estándar para moto,44281.0,2026-04-30,True
671.0,POR_HORA,tarifa estándar para bicicleta,82277.0,2026-03-11,False
334.0,POR_DIA,tarifa estándar para carro,174517.0,2026-02-25,True
306.0,POR_HORA,tarifa estándar para camioneta,99715.0,2026-04-13,False
783.0,POR_DIA,tarifa estándar para carro,228297.0,2026-01-01,True
503.0,POR_MES,tarifa estándar para moto,80859.0,2026-03-09,True
56.0,POR_HORA,tarifa estándar para moto,44616.0,2026-04-23,True
652.0,POR_HORA,tarifa estándar para camioneta,232831.0,2026-01-26,True
989.0,POR_MES,tarifa estándar para moto,6098.0,2026-06-28,True
573.0,POR_MES,tarifa estándar para bicicleta,118772.0,2026-05-15,True
510.0,POR_MES,tarifa estándar para camioneta,234766.0,2026-03-10,False
670.0,POR_DIA,tarifa estándar para carro,3270.0,2026-02-08,True
887.0,POR_DIA,tarifa estándar para moto,11532.0,2026-01-01,False
257.0,POR_MES,tarifa estándar para bicicleta,233423.0,2026-01-15,True
256.0,POR_DIA,tarifa estándar para bicicleta,172977.0,2026-05-06,False
681.0,POR_DIA,tarifa estándar para bicicleta,182305.0,2026-05-10,False
801.0,POR_MES,tarifa estándar para camioneta,244167.0,2026-06-19,False
336.0,POR_HORA,tarifa estándar para bicicleta,202498.0,2026-01-08,True
997.0,POR_HORA,tarifa estándar para carro,234440.0,2026-04-14,True
954.0,POR_DIA,tarifa estándar para moto,97797.0,2026-03-15,True
388.0,POR_MES,tarifa estándar para camioneta,32571.0,2026-05-20,True
868.0,POR_MES,tarifa estándar para moto,199162.0,2026-01-16,True
625.0,POR_DIA,tarifa estándar para bicicleta,79083.0,2026-04-22,True
15.0,POR_DIA,tarifa estándar para camioneta,169366.0,2026-04-27,False
40.0,POR_DIA,tarifa estándar para camioneta,152857.0,2026-04-26,True
66.0,POR_HORA,tarifa estándar para bicicleta,53344.0,2026-02-20,True
638.0,POR_MES,tarifa estándar para moto,16509.0,2026-02-22,True
828.0,POR_HORA,tarifa estándar para camioneta,147033.0,2026-06-14,False
121.0,POR_MES,tarifa estándar para moto,249809.0,2026-04-08,False
292.0,POR_MES,tarifa estándar para bicicleta,183037.0,2026-06-26,False
689.0,POR_DIA,tarifa estándar para moto,223699.0,2026-03-21,True
803.0,POR_MES,tarifa estándar para bicicleta,33818.0,2026-01-24,True
221.0,POR_MES,tarifa estándar para bicicleta,246208.0,2026-06-07,True
793.0,POR_MES,tarifa estándar para carro,83072.0,2026-03-27,True
154.0,POR_DIA,tarifa estándar para carro,29219.0,2026-01-01,True
961.0,POR_MES,tarifa estándar para camioneta,137156.0,2026-04-10,False
234.0,POR_HORA,tarifa estándar para moto,3952.0,2026-02-09,True
280.0,POR_HORA,tarifa estándar para moto,141765.0,2026-05-08,True
921.0,POR_MES,tarifa estándar para bicicleta,195101.0,2026-01-01,True
930.0,POR_MES,tarifa estándar para carro,138824.0,2026-01-24,False
213.0,POR_MES,tarifa estándar para carro,144258.0,2026-05-11,False
588.0,POR_HORA,tarifa estándar para moto,50829.0,2026-04-16,True
528.0,POR_HORA,tarifa estándar para moto,127322.0,2026-06-12,True
599.0,POR_HORA,tarifa estándar para bicicleta,104139.0,2026-06-28,False
762.0,POR_HORA,tarifa estándar para carro,228953.0,2026-01-01,True
365.0,POR_HORA,tarifa estándar para bicicleta,110727.0,2026-01-01,True
644.0,POR_MES,tarifa estándar para bicicleta,177421.0,2026-01-01,True
598.0,POR_HORA,tarifa estándar para carro,215784.0,2026-03-19,False
846.0,POR_DIA,tarifa estándar para bicicleta,160606.0,2026-03-09,True
369.0,POR_HORA,tarifa estándar para bicicleta,223997.0,2026-02-19,False
29.0,POR_MES,tarifa estándar para moto,82385.0,2026-06-22,False
963.0,POR_DIA,tarifa estándar para moto,192868.0,2026-02-07,True
64.0,POR_MES,tarifa estándar para camioneta,107214.0,2026-02-26,False
969.0,POR_DIA,tarifa estándar para bicicleta,100767.0,2026-01-01,True
654.0,POR_HORA,tarifa estándar para carro,98814.0,2026-04-17,False
430.0,POR_MES,tarifa estándar para moto,102318.0,2026-02-06,True
442.0,POR_MES,tarifa estándar para bicicleta,2984.0,2026-02-15,True
56.0,POR_HORA,tarifa estándar para bicicleta,15739.0,2026-02-04,True
989.0,POR_HORA,tarifa estándar para camioneta,132351.0,2026-05-22,False
451.0,POR_HORA,tarifa estándar para camioneta,188770.0,2026-01-14,False
650.0,POR_HORA,tarifa estándar para moto,181750.0,2026-02-26,False
584.0,POR_DIA,tarifa estándar para moto,114172.0,2026-06-03,False
88.0,POR_HORA,tarifa estándar para moto,189792.0,2026-01-29,False
886.0,POR_MES,tarifa estándar para carro,51185.0,2026-01-07,True
551.0,POR_DIA,tarifa estándar para camioneta,41300.0,2026-04-08,False
234.0,POR_MES,tarifa estándar para moto,225154.0,2026-03-21,True
174.0,POR_DIA,tarifa estándar para bicicleta,219307.0,2026-03-19,False
300.0,POR_DIA,tarifa estándar para bicicleta,76992.0,2026-06-08,False
187.0,POR_DIA,tarifa estándar para camioneta,145119.0,2026-01-20,True
913.0,POR_MES,tarifa estándar para carro,108442.0,2026-05-22,False
383.0,POR_HORA,tarifa estándar para bicicleta,105733.0,2026-01-28,False
574.0,POR_MES,tarifa estándar para camioneta,77687.0,2026-02-06,False
328.0,POR_DIA,tarifa estándar para camioneta,47124.0,2026-04-21,False
815.0,POR_MES,tarifa estándar para bicicleta,245906.0,2026-01-04,False
486.0,POR_DIA,tarifa estándar para carro,8614.0,2026-04-21,True
523.0,POR_HORA,tarifa estándar para camioneta,62796.0,2026-03-25,False
390.0,POR_HORA,tarifa estándar para camioneta,41019.0,2026-02-01,True
992.0,POR_DIA,tarifa estándar para camioneta,28196.0,2026-06-22,False
345.0,POR_DIA,tarifa estándar para camioneta,233320.0,2026-01-01,True
625.0,POR_HORA,tarifa estándar para bicicleta,122769.0,2026-01-09,True
969.0,POR_HORA,tarifa estándar para carro,148587.0,2026-01-01,False
500.0,POR_MES,tarifa estándar para camioneta,25167.0,2026-05-24,True
88.0,POR_HORA,tarifa estándar para camioneta,94620.0,2026-04-13,False
639.0,POR_DIA,tarifa estándar para camioneta,57527.0,2026-05-10,True
477.0,POR_HORA,tarifa estándar para carro,155891.0,2026-01-01,True
362.0,POR_DIA,tarifa estándar para camioneta,213478.0,2026-05-18,False
665.0,POR_DIA,tarifa estándar para bicicleta,12997.0,2026-06-18,False
548.0,POR_HORA,tarifa estándar para moto,76746.0,2026-01-27,True
170.0,POR_MES,tarifa estándar para camioneta,28937.0,2026-03-15,False
332.0,POR_DIA,tarifa estándar para bicicleta,66338.0,2026-01-01,False
158.0,POR_DIA,tarifa estándar para moto,91965.0,2026-03-10,False
355.0,POR_DIA,tarifa estándar para bicicleta,9828.0,2026-02-20,True
819.0,POR_HORA,tarifa estándar para camioneta,170886.0,2026-01-11,False
415.0,POR_DIA,tarifa estándar para bicicleta,44551.0,2026-02-27,True
38.0,POR_MES,tarifa estándar para moto,91548.0,2026-01-01,False
999.0,POR_HORA,tarifa estándar para moto,139131.0,2026-01-01,True
43.0,POR_DIA,tarifa estándar para camioneta,28212.0,2026-01-01,False
854.0,POR_DIA,tarifa estándar para bicicleta,73269.0,2026-05-13,True
975.0,POR_MES,tarifa estándar para carro,100640.0,2026-01-01,False
923.0,POR_DIA,tarifa estándar para carro,225734.0,2026-01-29,False
280.0,POR_HORA,tarifa estándar para carro,6539.0,2026-03-18,False
590.0,POR_DIA,tarifa estándar para camioneta,195072.0,2026-01-01,True
291.0,POR_MES,tarifa estándar para moto,243253.0,2026-05-26,False
231.0,POR_MES,tarifa estándar para camioneta,143084.0,2026-04-18,False
7.0,POR_DIA,tarifa estándar para camioneta,171695.0,2026-01-01,False
5.0,POR_HORA,tarifa estándar para bicicleta,225038.0,2026-01-16,True
493.0,POR_MES,tarifa estándar para camioneta,149023.0,2026-05-08,True
747.0,POR_HORA,tarifa estándar para bicicleta,60966.0,2026-05-21,False
722.0,POR_HORA,tarifa estándar para carro,235398.0,2026-06-15,False
445.0,POR_MES,tarifa estándar para moto,100003.0,2026-01-01,True
493.0,POR_HORA,tarifa estándar para carro,124593.0,2026-03-30,True
511.0,POR_DIA,tarifa estándar para moto,192902.0,2026-02-16,True
747.0,POR_HORA,tarifa estándar para camioneta,116642.0,2026-02-01,False
131.0,POR_HORA,tarifa estándar para moto,220362.0,2026-01-01,True
922.0,POR_HORA,tarifa estándar para moto,18209.0,2026-06-15,True
46.0,POR_MES,tarifa estándar para camioneta,223476.0,2026-01-01,True
721.0,POR_DIA,tarifa estándar para moto,185120.0,2026-01-01,False
294.0,POR_DIA,tarifa estándar para carro,66985.0,2026-01-01,True
88.0,POR_MES,tarifa estándar para bicicleta,230602.0,2026-05-03,False
262.0,POR_DIA,tarifa estándar para carro,35620.0,2026-06-10,False
181.0,POR_MES,tarifa estándar para camioneta,166813.0,2026-03-03,False
215.0,POR_HORA,tarifa estándar para bicicleta,41044.0,2026-03-22,False
748.0,POR_DIA,tarifa estándar para carro,172550.0,2026-01-01,True
331.0,POR_MES,tarifa estándar para carro,225105.0,2026-01-27,True
387.0,POR_HORA,tarifa estándar para bicicleta,215280.0,2026-06-28,False
932.0,POR_MES,tarifa estándar para carro,17019.0,2026-06-29,True
342.0,POR_DIA,tarifa estándar para bicicleta,216057.0,2026-04-25,True
77.0,POR_DIA,tarifa estándar para carro,38751.0,2026-06-23,False
912.0,POR_HORA,tarifa estándar para carro,14496.0,2026-06-27,False
942.0,POR_DIA,tarifa estándar para carro,112395.0,2026-03-23,True
562.0,POR_DIA,tarifa estándar para camioneta,244438.0,2026-06-02,True
510.0,POR_HORA,tarifa estándar para bicicleta,41421.0,2026-01-12,False
488.0,POR_MES,tarifa estándar para moto,214093.0,2026-04-29,False
204.0,POR_HORA,tarifa estándar para bicicleta,165721.0,2026-02-10,True
841.0,POR_DIA,tarifa estándar para bicicleta,196981.0,2026-05-10,False
226.0,POR_MES,tarifa estándar para camioneta,144079.0,2026-01-01,True
70.0,POR_DIA,tarifa estándar para camioneta,224794.0,2026-01-01,True
600.0,POR_HORA,tarifa estándar para camioneta,204527.0,2026-05-27,True
636.0,POR_MES,tarifa estándar para carro,244400.0,2026-01-01,False
257.0,POR_HORA,tarifa estándar para camioneta,51466.0,2026-05-06,True
222.0,POR_HORA,tarifa estándar para moto,177982.0,2026-05-12,True
477.0,POR_MES,tarifa estándar para carro,111999.0,2026-05-12,True
682.0,POR_HORA,tarifa estándar para moto,187192.0,2026-02-04,False
439.0,POR_MES,tarifa estándar para bicicleta,119463.0,2026-01-14,False
393.0,POR_MES,tarifa estándar para bicicleta,70354.0,2026-02-14,True
883.0,POR_MES,tarifa estándar para moto,38692.0,2026-01-23,True
876.0,POR_HORA,tarifa estándar para bicicleta,167506.0,2026-05-29,True
186.0,POR_HORA,tarifa estándar para carro,178704.0,2026-04-24,False
465.0,POR_DIA,tarifa estándar para bicicleta,191805.0,2026-02-28,True
834.0,POR_HORA,tarifa estándar para carro,227189.0,2026-01-09,False
305.0,POR_HORA,tarifa estándar para carro,122618.0,2026-01-26,False
424.0,POR_MES,tarifa estándar para camioneta,109673.0,2026-02-23,False
334.0,POR_MES,tarifa estándar para moto,136767.0,2026-03-15,True
77.0,POR_HORA,tarifa estándar para moto,223078.0,2026-06-12,False
707.0,POR_MES,tarifa estándar para moto,37226.0,2026-04-21,False
503.0,POR_DIA,tarifa estándar para camioneta,152746.0,2026-02-02,False
659.0,POR_DIA,tarifa estándar para carro,5903.0,2026-04-30,False
435.0,POR_MES,tarifa estándar para carro,80846.0,2026-02-13,False
429.0,POR_DIA,tarifa estándar para bicicleta,59356.0,2026-02-19,True
599.0,POR_DIA,tarifa estándar para bicicleta,19909.0,2026-03-10,True
10.0,POR_HORA,tarifa estándar para bicicleta,226121.0,2026-01-01,True
448.0,POR_MES,tarifa estándar para carro,8629.0,2026-04-11,True
553.0,POR_HORA,tarifa estándar para carro,174225.0,2026-03-19,False
900.0,POR_HORA,tarifa estándar para bicicleta,91800.0,2026-04-16,True
735.0,POR_HORA,tarifa estándar para camioneta,209660.0,2026-01-18,False
278.0,POR_HORA,tarifa estándar para moto,31110.0,2026-01-01,False
328.0,POR_MES,tarifa estándar para moto,81863.0,2026-01-06,False
833.0,POR_MES,tarifa estándar para bicicleta,9431.0,2026-02-27,True
706.0,POR_HORA,tarifa estándar para camioneta,214411.0,2026-03-16,True
932.0,POR_HORA,tarifa estándar para moto,183781.0,2026-03-08,True
727.0,POR_DIA,tarifa estándar para camioneta,85753.0,2026-06-20,True
418.0,POR_MES,tarifa estándar para bicicleta,167822.0,2026-02-15,False
661.0,POR_HORA,tarifa estándar para bicicleta,149073.0,2026-03-21,True
483.0,POR_DIA,tarifa estándar para camioneta,70277.0,2026-06-07,True
324.0,POR_MES,tarifa estándar para camioneta,166489.0,2026-01-01,True
180.0,POR_MES,tarifa estándar para bicicleta,156133.0,2026-03-03,False
620.0,POR_MES,tarifa estándar para moto,69974.0,2026-06-11,False
138.0,POR_HORA,tarifa estándar para moto,59649.0,2026-06-03,False
814.0,POR_MES,tarifa estándar para carro,123253.0,2026-01-01,False
358.0,POR_HORA,tarifa estándar para camioneta,87931.0,2026-01-01,True
960.0,POR_HORA,tarifa estándar para bicicleta,55175.0,2026-06-09,True
499.0,POR_HORA,tarifa estándar para carro,55646.0,2026-03-23,True
845.0,POR_HORA,tarifa estándar para camioneta,206636.0,2026-05-07,False
678.0,POR_DIA,tarifa estándar para bicicleta,230656.0,2026-04-20,False
888.0,POR_HORA,tarifa estándar para carro,208350.0,2026-06-02,True
370.0,POR_HORA,tarifa estándar para moto,52913.0,2026-01-14,False
305.0,POR_MES,tarifa estándar para bicicleta,18363.0,2026-06-26,False
561.0,POR_DIA,tarifa estándar para bicicleta,191781.0,2026-03-25,True
804.0,POR_HORA,tarifa estándar para moto,40883.0,2026-01-01,True
959.0,POR_MES,tarifa estándar para carro,19114.0,2026-02-13,True
384.0,POR_DIA,tarifa estándar para moto,171064.0,2026-01-30,True
953.0,POR_DIA,tarifa estándar para camioneta,88064.0,2026-04-17,True
189.0,POR_HORA,tarifa estándar para moto,158832.0,2026-05-27,True
495.0,POR_MES,tarifa estándar para camioneta,64570.0,2026-02-27,False
352.0,POR_MES,tarifa estándar para carro,28131.0,2026-01-01,True
470.0,POR_MES,tarifa estándar para moto,133733.0,2026-06-12,True
346.0,POR_DIA,tarifa estándar para bicicleta,133127.0,2026-04-15,False
758.0,POR_DIA,tarifa estándar para carro,223331.0,2026-05-22,True
124.0,POR_MES,tarifa estándar para camioneta,58607.0,2026-01-11,False
909.0,POR_MES,tarifa estándar para camioneta,224964.0,2026-01-06,False
284.0,POR_DIA,tarifa estándar para bicicleta,228972.0,2026-01-25,False
367.0,POR_MES,tarifa estándar para moto,165096.0,2026-04-28,True
326.0,POR_MES,tarifa estándar para moto,156723.0,2026-06-24,True
662.0,POR_MES,tarifa estándar para bicicleta,49916.0,2026-05-14,True
25.0,POR_HORA,tarifa estándar para carro,171016.0,2026-01-01,True
550.0,POR_MES,tarifa estándar para camioneta,236572.0,2026-05-15,True
918.0,POR_HORA,tarifa estándar para carro,113144.0,2026-01-01,False
77.0,POR_MES,tarifa estándar para camioneta,15700.0,2026-04-16,False
494.0,POR_HORA,tarifa estándar para carro,170810.0,2026-05-05,False
736.0,POR_DIA,tarifa estándar para carro,74028.0,2026-04-10,False
168.0,POR_MES,tarifa estándar para moto,130588.0,2026-03-21,True
444.0,POR_HORA,tarifa estándar para camioneta,39013.0,2026-03-08,False
485.0,POR_MES,tarifa estándar para bicicleta,119028.0,2026-06-02,True
327.0,POR_DIA,tarifa estándar para carro,230545.0,2026-01-01,True
995.0,POR_HORA,tarifa estándar para moto,37036.0,2026-03-23,False
131.0,POR_MES,tarifa estándar para camioneta,2504.0,2026-04-22,True
202.0,POR_DIA,tarifa estándar para bicicleta,60631.0,2026-06-08,True
678.0,POR_MES,tarifa estándar para bicicleta,232412.0,2026-02-18,True
847.0,POR_MES,tarifa estándar para camioneta,170147.0,2026-01-01,False
524.0,POR_DIA,tarifa estándar para moto,235962.0,2026-01-01,True
461.0,POR_HORA,tarifa estándar para bicicleta,198214.0,2026-03-18,True
564.0,POR_MES,tarifa estándar para moto,225294.0,2026-04-18,True
752.0,POR_MES,tarifa estándar para carro,167861.0,2026-01-01,True
902.0,POR_MES,tarifa estándar para camioneta,210365.0,2026-01-01,False
520.0,POR_DIA,tarifa estándar para camioneta,195005.0,2026-01-01,True
678.0,POR_DIA,tarifa estándar para moto,132515.0,2026-04-12,False
932.0,POR_MES,tarifa estándar para camioneta,18802.0,2026-03-26,True
985.0,POR_HORA,tarifa estándar para moto,162276.0,2026-05-24,False
722.0,POR_MES,tarifa estándar para camioneta,168013.0,2026-04-22,True
543.0,POR_MES,tarifa estándar para camioneta,208142.0,2026-04-06,False
635.0,POR_MES,tarifa estándar para camioneta,221361.0,2026-05-04,True
687.0,POR_HORA,tarifa estándar para carro,34218.0,2026-04-26,True
849.0,POR_DIA,tarifa estándar para carro,149910.0,2026-01-12,True
965.0,POR_HORA,tarifa estándar para carro,192062.0,2026-04-03,True
348.0,POR_MES,tarifa estándar para moto,104644.0,2026-01-01,True
438.0,POR_DIA,tarifa estándar para camioneta,135149.0,2026-04-05,False
338.0,POR_HORA,tarifa estándar para moto,248107.0,2026-05-06,False
74.0,POR_DIA,tarifa estándar para carro,26090.0,2026-01-08,False
228.0,POR_MES,tarifa estándar para bicicleta,73970.0,2026-01-01,False
253.0,POR_MES,tarifa estándar para carro,34014.0,2026-03-28,True
269.0,POR_DIA,tarifa estándar para camioneta,147639.0,2026-01-01,False
391.0,POR_DIA,tarifa estándar para moto,114978.0,2026-03-28,True
378.0,POR_MES,tarifa estándar para carro,178599.0,2026-01-03,True
703.0,POR_DIA,tarifa estándar para moto,62638.0,2026-01-01,False
332.0,POR_DIA,tarifa estándar para carro,67459.0,2026-05-12,False
384.0,POR_HORA,tarifa estándar para bicicleta,48747.0,2026-02-28,True
972.0,POR_DIA,tarifa estándar para bicicleta,153535.0,2026-01-01,False
56.0,POR_HORA,tarifa estándar para carro,180561.0,2026-03-06,True
802.0,POR_DIA,tarifa estándar para camioneta,165237.0,2026-01-01,True
825.0,POR_HORA,tarifa estándar para carro,38987.0,2026-01-01,False
129.0,POR_HORA,tarifa estándar para camioneta,6046.0,2026-03-23,False
350.0,POR_DIA,tarifa estándar para camioneta,195660.0,2026-03-26,True
710.0,POR_MES,tarifa estándar para camioneta,212534.0,2026-01-01,False
964.0,POR_HORA,tarifa estándar para bicicleta,109767.0,2026-01-10,True
571.0,POR_DIA,tarifa estándar para bicicleta,188976.0,2026-01-01,True
426.0,POR_DIA,tarifa estándar para moto,194993.0,2026-01-01,True
264.0,POR_DIA,tarifa estándar para camioneta,210225.0,2026-04-06,False
681.0,POR_MES,tarifa estándar para moto,106614.0,2026-01-01,True
93.0,POR_HORA,tarifa estándar para carro,186340.0,2026-01-16,True
681.0,POR_HORA,tarifa estándar para moto,112906.0,2026-04-20,False
834.0,POR_HORA,tarifa estándar para moto,202884.0,2026-06-05,False
427.0,POR_MES,tarifa estándar para carro,186703.0,2026-04-02,False
627.0,POR_HORA,tarifa estándar para camioneta,75349.0,2026-05-20,True
758.0,POR_HORA,tarifa estándar para bicicleta,62012.0,2026-01-01,False
108.0,POR_DIA,tarifa estándar para moto,5372.0,2026-05-31,True
757.0,POR_HORA,tarifa estándar para bicicleta,31866.0,2026-01-01,True
845.0,POR_MES,tarifa estándar para bicicleta,188164.0,2026-01-19,True
488.0,POR_MES,tarifa estándar para camioneta,16565.0,2026-04-10,True
698.0,POR_HORA,tarifa estándar para bicicleta,183985.0,2026-01-01,False
493.0,POR_MES,tarifa estándar para bicicleta,23811.0,2026-01-27,False
219.0,POR_HORA,tarifa estándar para carro,150258.0,2026-01-08,True
670.0,POR_MES,tarifa estándar para bicicleta,26450.0,2026-03-31,True
207.0,POR_MES,tarifa estándar para moto,219089.0,2026-02-17,False
911.0,POR_DIA,tarifa estándar para camioneta,186693.0,2026-02-18,False
748.0,POR_MES,tarifa estándar para carro,94021.0,2026-05-15,False
673.0,POR_HORA,tarifa estándar para bicicleta,32252.0,2026-03-17,False
917.0,POR_DIA,tarifa estándar para carro,62316.0,2026-03-07,False
545.0,POR_HORA,tarifa estándar para bicicleta,37784.0,2026-05-23,False
488.0,POR_DIA,tarifa estándar para bicicleta,163022.0,2026-03-23,False
914.0,POR_DIA,tarifa estándar para moto,110426.0,2026-04-27,False
948.0,POR_MES,tarifa estándar para moto,58769.0,2026-01-23,False
701.0,POR_HORA,tarifa estándar para moto,91504.0,2026-02-25,False
280.0,POR_DIA,tarifa estándar para moto,170216.0,2026-05-23,True
341.0,POR_HORA,tarifa estándar para camioneta,24548.0,2026-01-01,True
921.0,POR_DIA,tarifa estándar para moto,183352.0,2026-06-17,True
517.0,POR_MES,tarifa estándar para bicicleta,202799.0,2026-01-23,True
878.0,POR_HORA,tarifa estándar para bicicleta,205946.0,2026-04-13,True
396.0,POR_MES,tarifa estándar para moto,209795.0,2026-06-21,False
211.0,POR_HORA,tarifa estándar para moto,25159.0,2026-06-02,True
744.0,POR_HORA,tarifa estándar para carro,221793.0,2026-06-05,False
654.0,POR_DIA,tarifa estándar para carro,75531.0,2026-01-01,True
823.0,POR_DIA,tarifa estándar para bicicleta,116042.0,2026-06-13,True
363.0,POR_DIA,tarifa estándar para camioneta,38212.0,2026-06-26,False
858.0,POR_DIA,tarifa estándar para camioneta,131631.0,2026-05-12,False
380.0,POR_DIA,tarifa estándar para camioneta,235830.0,2026-01-01,True
6.0,POR_MES,tarifa estándar para moto,27600.0,2026-01-01,False
473.0,POR_DIA,tarifa estándar para carro,88846.0,2026-06-12,True
898.0,POR_HORA,tarifa estándar para moto,178351.0,2026-02-10,True
406.0,POR_HORA,tarifa estándar para carro,199478.0,2026-02-05,True
133.0,POR_HORA,tarifa estándar para bicicleta,219453.0,2026-01-01,False
976.0,POR_HORA,tarifa estándar para carro,102804.0,2026-04-11,True
964.0,POR_MES,tarifa estándar para moto,4394.0,2026-01-01,True
978.0,POR_MES,tarifa estándar para moto,95700.0,2026-06-18,True
759.0,POR_MES,tarifa estándar para moto,44828.0,2026-01-17,True
189.0,POR_MES,tarifa estándar para carro,186037.0,2026-02-21,True
364.0,POR_MES,tarifa estándar para carro,98903.0,2026-01-07,True
315.0,POR_DIA,tarifa estándar para bicicleta,14629.0,2026-02-24,True
576.0,POR_MES,tarifa estándar para bicicleta,211209.0,2026-02-05,True
842.0,POR_MES,tarifa estándar para camioneta,91082.0,2026-01-01,True
641.0,POR_DIA,tarifa estándar para bicicleta,74047.0,2026-06-11,True
530.0,POR_DIA,tarifa estándar para bicicleta,122561.0,2026-02-11,True
65.0,POR_HORA,tarifa estándar para camioneta,34761.0,2026-04-09,True
211.0,POR_HORA,tarifa estándar para camioneta,124520.0,2026-01-04,False
355.0,POR_HORA,tarifa estándar para camioneta,80021.0,2026-01-01,True
381.0,POR_HORA,tarifa estándar para carro,92263.0,2026-04-22,True
585.0,POR_HORA,tarifa estándar para camioneta,46476.0,2026-03-12,False
385.0,POR_DIA,tarifa estándar para camioneta,194528.0,2026-01-01,False
749.0,POR_HORA,tarifa estándar para carro,99446.0,2026-01-24,True
915.0,POR_MES,tarifa estándar para moto,206838.0,2026-01-01,False
796.0,POR_DIA,tarifa estándar para moto,32180.0,2026-01-08,True
575.0,POR_MES,tarifa estándar para moto,113290.0,2026-01-01,False
10.0,POR_HORA,tarifa estándar para moto,115932.0,2026-02-04,True
78.0,POR_MES,tarifa estándar para carro,95465.0,2026-01-01,True
847.0,POR_DIA,tarifa estándar para camioneta,201455.0,2026-01-30,True
392.0,POR_DIA,tarifa estándar para carro,246219.0,2026-03-18,True
826.0,POR_MES,tarifa estándar para camioneta,231126.0,2026-02-09,False
833.0,POR_DIA,tarifa estándar para bicicleta,82848.0,2026-04-29,False
341.0,POR_HORA,tarifa estándar para bicicleta,11873.0,2026-01-01,False
547.0,POR_DIA,tarifa estándar para bicicleta,76818.0,2026-05-22,False
892.0,POR_HORA,tarifa estándar para carro,221435.0,2026-03-15,True
505.0,POR_HORA,tarifa estándar para moto,239756.0,2026-04-13,False
303.0,POR_HORA,tarifa estándar para moto,130224.0,2026-05-26,True
893.0,POR_MES,tarifa estándar para bicicleta,210819.0,2026-05-22,True
204.0,POR_HORA,tarifa estándar para camioneta,73214.0,2026-01-01,True
160.0,POR_MES,tarifa estándar para moto,82478.0,2026-02-19,True
706.0,POR_DIA,tarifa estándar para moto,181308.0,2026-01-01,True
538.0,POR_DIA,tarifa estándar para bicicleta,170646.0,2026-06-01,False
917.0,POR_MES,tarifa estándar para moto,120169.0,2026-04-21,True
430.0,POR_HORA,tarifa estándar para carro,148382.0,2026-05-26,True
479.0,POR_MES,tarifa estándar para bicicleta,21970.0,2026-03-09,False
505.0,POR_DIA,tarifa estándar para moto,34593.0,2026-05-15,False
178.0,POR_MES,tarifa estándar para camioneta,4881.0,2026-06-18,True
582.0,POR_DIA,tarifa estándar para camioneta,63695.0,2026-01-26,True
220.0,POR_DIA,tarifa estándar para carro,66798.0,2026-06-23,False
871.0,POR_DIA,tarifa estándar para carro,184977.0,2026-01-01,True
831.0,POR_DIA,tarifa estándar para bicicleta,2838.0,2026-04-29,True
443.0,POR_HORA,tarifa estándar para carro,121580.0,2026-01-01,True
39.0,POR_DIA,tarifa estándar para moto,115711.0,2026-05-20,False
693.0,POR_MES,tarifa estándar para moto,66641.0,2026-04-06,True
850.0,POR_HORA,tarifa estándar para camioneta,4454.0,2026-06-15,True
939.0,POR_DIA,tarifa estándar para carro,97356.0,2026-04-18,False
644.0,POR_DIA,tarifa estándar para moto,18695.0,2026-06-23,False
795.0,POR_DIA,tarifa estándar para carro,16063.0,2026-06-08,True
816.0,POR_MES,tarifa estándar para moto,6561.0,2026-03-17,False
928.0,POR_HORA,tarifa estándar para carro,141860.0,2026-03-31,False
282.0,POR_MES,tarifa estándar para carro,118765.0,2026-06-05,False
9.0,POR_MES,tarifa estándar para bicicleta,82218.0,2026-04-03,False
915.0,POR_MES,tarifa estándar para camioneta,174843.0,2026-02-13,True
545.0,POR_HORA,tarifa estándar para moto,236082.0,2026-04-21,True
476.0,POR_HORA,tarifa estándar para moto,58002.0,2026-04-29,False
507.0,POR_DIA,tarifa estándar para camioneta,112362.0,2026-01-24,False
220.0,POR_DIA,tarifa estándar para bicicleta,135921.0,2026-01-01,True
235.0,POR_DIA,tarifa estándar para bicicleta,144214.0,2026-04-23,True
165.0,POR_MES,tarifa estándar para carro,178957.0,2026-01-05,False
733.0,POR_DIA,tarifa estándar para camioneta,238459.0,2026-02-01,False
974.0,POR_MES,tarifa estándar para bicicleta,18162.0,2026-05-28,False
599.0,POR_DIA,tarifa estándar para moto,82372.0,2026-04-19,True
244.0,POR_HORA,tarifa estándar para moto,217424.0,2026-01-01,True
713.0,POR_MES,tarifa estándar para moto,225518.0,2026-01-01,True
877.0,POR_HORA,tarifa estándar para moto,233862.0,2026-06-19,True
273.0,POR_MES,tarifa estándar para moto,194482.0,2026-01-24,True
306.0,POR_HORA,tarifa estándar para moto,95031.0,2026-01-01,False
472.0,POR_HORA,tarifa estándar para moto,51517.0,2026-03-28,False
115.0,POR_DIA,tarifa estándar para moto,197784.0,2026-02-22,True
572.0,POR_HORA,tarifa estándar para camioneta,183664.0,2026-02-21,True
61.0,POR_HORA,tarifa estándar para carro,24175.0,2026-06-28,False
82.0,POR_HORA,tarifa estándar para camioneta,216130.0,2026-01-01,False
547.0,POR_HORA,tarifa estándar para moto,45087.0,2026-03-01,True
694.0,POR_DIA,tarifa estándar para carro,159825.0,2026-05-18,True
584.0,POR_MES,tarifa estándar para moto,123638.0,2026-01-01,True
182.0,POR_HORA,tarifa estándar para bicicleta,49213.0,2026-02-08,False
556.0,POR_HORA,tarifa estándar para camioneta,146728.0,2026-05-26,True
285.0,POR_MES,tarifa estándar para bicicleta,167517.0,2026-01-09,True
471.0,POR_MES,tarifa estándar para carro,204158.0,2026-06-24,True
283.0,POR_HORA,tarifa estándar para moto,136438.0,2026-01-01,False
585.0,POR_HORA,tarifa estándar para bicicleta,94469.0,2026-01-18,False
699.0,POR_HORA,tarifa estándar para carro,60237.0,2026-04-07,True
324.0,POR_HORA,tarifa estándar para carro,169369.0,2026-01-01,False
767.0,POR_MES,tarifa estándar para bicicleta,59482.0,2026-01-01,False
169.0,POR_MES,tarifa estándar para camioneta,223645.0,2026-06-20,True
941.0,POR_DIA,tarifa estándar para moto,43359.0,2026-02-23,True
868.0,POR_MES,tarifa estándar para bicicleta,69474.0,2026-05-31,True
750.0,POR_HORA,tarifa estándar para moto,143703.0,2026-06-13,False
372.0,POR_DIA,tarifa estándar para carro,20918.0,2026-04-10,False
240.0,POR_MES,tarifa estándar para carro,247670.0,2026-04-10,False
755.0,POR_DIA,tarifa estándar para camioneta,39760.0,2026-01-01,False
252.0,POR_DIA,tarifa estándar para camioneta,64325.0,2026-05-25,False
7.0,POR_DIA,tarifa estándar para camioneta,111100.0,2026-03-03,True
557.0,POR_MES,tarifa estándar para bicicleta,180233.0,2026-06-11,False
849.0,POR_DIA,tarifa estándar para bicicleta,140502.0,2026-03-13,True
856.0,POR_MES,tarifa estándar para camioneta,84457.0,2026-05-10,False
901.0,POR_DIA,tarifa estándar para moto,11401.0,2026-01-01,False
711.0,POR_HORA,tarifa estándar para bicicleta,72118.0,2026-01-01,False
816.0,POR_DIA,tarifa estándar para camioneta,87326.0,2026-03-25,True
139.0,POR_HORA,tarifa estándar para bicicleta,235890.0,2026-06-28,False
217.0,POR_HORA,tarifa estándar para bicicleta,158950.0,2026-02-06,True
299.0,POR_MES,tarifa estándar para camioneta,131471.0,2026-04-01,False
715.0,POR_HORA,tarifa estándar para camioneta,146879.0,2026-03-09,True
798.0,POR_DIA,tarifa estándar para moto,217229.0,2026-01-01,True
553.0,POR_MES,tarifa estándar para camioneta,66759.0,2026-06-25,True
250.0,POR_DIA,tarifa estándar para camioneta,36279.0,2026-03-18,False
284.0,POR_DIA,tarifa estándar para carro,62468.0,2026-01-31,False
688.0,POR_MES,tarifa estándar para carro,249491.0,2026-01-01,True
557.0,POR_DIA,tarifa estándar para carro,72305.0,2026-01-27,False
867.0,POR_MES,tarifa estándar para moto,36626.0,2026-03-10,True
303.0,POR_HORA,tarifa estándar para carro,206417.0,2026-05-12,False
97.0,POR_HORA,tarifa estándar para moto,225178.0,2026-02-07,False
269.0,POR_HORA,tarifa estándar para camioneta,79821.0,2026-01-01,False
257.0,POR_HORA,tarifa estándar para bicicleta,142513.0,2026-02-16,True
514.0,POR_HORA,tarifa estándar para camioneta,238774.0,2026-01-01,False
383.0,POR_HORA,tarifa estándar para bicicleta,237594.0,2026-04-26,False
982.0,POR_HORA,tarifa estándar para bicicleta,219984.0,2026-05-16,True
879.0,POR_HORA,tarifa estándar para carro,137404.0,2026-03-31,False
112.0,POR_HORA,tarifa estándar para bicicleta,121888.0,2026-03-06,True
461.0,POR_DIA,tarifa estándar para camioneta,10836.0,2026-03-31,True
80.0,POR_HORA,tarifa estándar para carro,85367.0,2026-01-04,True
342.0,POR_MES,tarifa estándar para moto,220674.0,2026-01-01,False
368.0,POR_HORA,tarifa estándar para carro,137490.0,2026-01-01,False
784.0,POR_MES,tarifa estándar para camioneta,27912.0,2026-06-12,False
439.0,POR_DIA,tarifa estándar para camioneta,234626.0,2026-04-30,False
110.0,POR_MES,tarifa estándar para bicicleta,202652.0,2026-04-19,True
208.0,POR_MES,tarifa estándar para bicicleta,69758.0,2026-01-01,False
558.0,POR_MES,tarifa estándar para carro,11242.0,2026-05-14,False
357.0,POR_DIA,tarifa estándar para carro,147998.0,2026-05-19,False
55.0,POR_DIA,tarifa estándar para carro,21120.0,2026-03-07,True
30.0,POR_MES,tarifa estándar para moto,89779.0,2026-01-01,True
249.0,POR_DIA,tarifa estándar para moto,184795.0,2026-01-08,True
673.0,POR_DIA,tarifa estándar para camioneta,227198.0,2026-06-12,True
600.0,POR_HORA,tarifa estándar para carro,16628.0,2026-06-11,False
97.0,POR_MES,tarifa estándar para bicicleta,66508.0,2026-01-01,False
611.0,POR_MES,tarifa estándar para camioneta,105092.0,2026-03-13,True
284.0,POR_MES,tarifa estándar para moto,79992.0,2026-01-01,True
344.0,POR_HORA,tarifa estándar para moto,4296.0,2026-01-01,False
698.0,POR_HORA,tarifa estándar para bicicleta,27636.0,2026-01-02,True
517.0,POR_DIA,tarifa estándar para camioneta,161107.0,2026-06-12,True
786.0,POR_MES,tarifa estándar para moto,179250.0,2026-02-05,True
296.0,POR_DIA,tarifa estándar para camioneta,196042.0,2026-04-01,True
806.0,POR_HORA,tarifa estándar para carro,120119.0,2026-03-09,True
58.0,POR_DIA,tarifa estándar para camioneta,100961.0,2026-02-17,True
565.0,POR_MES,tarifa estándar para carro,130419.0,2026-01-01,False
557.0,POR_MES,tarifa estándar para bicicleta,186941.0,2026-01-01,True
492.0,POR_HORA,tarifa estándar para moto,182158.0,2026-04-27,True
571.0,POR_MES,tarifa estándar para camioneta,176710.0,2026-01-01,False
946.0,POR_MES,tarifa estándar para moto,225051.0,2026-01-01,False
544.0,POR_MES,tarifa estándar para moto,166589.0,2026-01-07,False
98.0,POR_MES,tarifa estándar para bicicleta,77107.0,2026-03-29,True
443.0,POR_MES,tarifa estándar para moto,112296.0,2026-05-21,False
315.0,POR_MES,tarifa estándar para camioneta,186129.0,2026-02-19,True
898.0,POR_DIA,tarifa estándar para moto,228792.0,2026-04-09,False
653.0,POR_HORA,tarifa estándar para bicicleta,108290.0,2026-01-01,False
524.0,POR_DIA,tarifa estándar para moto,188736.0,2026-04-20,True
342.0,POR_MES,tarifa estándar para bicicleta,84191.0,2026-03-08,True
847.0,POR_DIA,tarifa estándar para bicicleta,40231.0,2026-06-05,False
742.0,POR_DIA,tarifa estándar para moto,209686.0,2026-06-03,True
308.0,POR_MES,tarifa estándar para carro,161423.0,2026-03-08,True
464.0,POR_DIA,tarifa estándar para carro,238209.0,2026-02-27,False
221.0,POR_DIA,tarifa estándar para bicicleta,66456.0,2026-03-09,True
144.0,POR_HORA,tarifa estándar para bicicleta,4182.0,2026-01-01,True
721.0,POR_DIA,tarifa estándar para carro,44579.0,2026-03-18,False
394.0,POR_HORA,tarifa estándar para moto,72135.0,2026-04-28,False
312.0,POR_DIA,tarifa estándar para carro,52593.0,2026-04-22,True
841.0,POR_DIA,tarifa estándar para camioneta,130496.0,2026-02-05,False
56.0,POR_MES,tarifa estándar para bicicleta,14517.0,2026-01-26,False
10.0,POR_DIA,tarifa estándar para moto,148883.0,2026-01-01,False
878.0,POR_HORA,tarifa estándar para camioneta,7983.0,2026-06-07,True
999.0,POR_HORA,tarifa estándar para moto,4052.0,2026-01-01,True
508.0,POR_MES,tarifa estándar para camioneta,76744.0,2026-04-29,False
644.0,POR_MES,tarifa estándar para carro,52125.0,2026-01-30,True
387.0,POR_HORA,tarifa estándar para bicicleta,196463.0,2026-02-19,True
256.0,POR_HORA,tarifa estándar para moto,241727.0,2026-01-01,True
897.0,POR_MES,tarifa estándar para carro,63818.0,2026-04-30,False
686.0,POR_HORA,tarifa estándar para carro,43957.0,2026-02-05,True
183.0,POR_HORA,tarifa estándar para moto,53945.0,2026-04-14,True
541.0,POR_HORA,tarifa estándar para moto,67366.0,2026-04-05,False
80.0,POR_MES,tarifa estándar para camioneta,56436.0,2026-01-01,False
904.0,POR_HORA,tarifa estándar para camioneta,82695.0,2026-02-11,False
769.0,POR_HORA,tarifa estándar para carro,160455.0,2026-01-01,False
144.0,POR_HORA,tarifa estándar para camioneta,95641.0,2026-01-01,True
930.0,POR_HORA,tarifa estándar para bicicleta,141649.0,2026-01-18,False
754.0,POR_HORA,tarifa estándar para moto,109125.0,2026-04-29,False
549.0,POR_HORA,tarifa estándar para camioneta,17660.0,2026-03-13,True
603.0,POR_MES,tarifa estándar para bicicleta,146031.0,2026-01-27,True
679.0,POR_DIA,tarifa estándar para camioneta,112163.0,2026-02-22,False
143.0,POR_DIA,tarifa estándar para bicicleta,26330.0,2026-06-22,True
398.0,POR_HORA,tarifa estándar para moto,22066.0,2026-04-26,False
846.0,POR_MES,tarifa estándar para moto,149258.0,2026-02-26,True
420.0,POR_MES,tarifa estándar para camioneta,4242.0,2026-03-19,False
663.0,POR_HORA,tarifa estándar para camioneta,147313.0,2026-01-01,False
268.0,POR_MES,tarifa estándar para moto,244834.0,2026-02-21,True
364.0,POR_DIA,tarifa estándar para moto,200415.0,2026-05-08,False
253.0,POR_MES,tarifa estándar para moto,87222.0,2026-01-06,True
856.0,POR_MES,tarifa estándar para camioneta,54018.0,2026-01-01,True
401.0,POR_MES,tarifa estándar para carro,158477.0,2026-05-14,True
440.0,POR_HORA,tarifa estándar para carro,4321.0,2026-01-01,True
37.0,POR_HORA,tarifa estándar para moto,6482.0,2026-02-25,True
106.0,POR_DIA,tarifa estándar para bicicleta,128498.0,2026-01-01,True
878.0,POR_DIA,tarifa estándar para moto,183425.0,2026-06-27,False
601.0,POR_DIA,tarifa estándar para bicicleta,46626.0,2026-01-01,True
450.0,POR_MES,tarifa estándar para camioneta,114033.0,2026-05-16,True
732.0,POR_DIA,tarifa estándar para carro,187816.0,2026-01-21,False
15.0,POR_HORA,tarifa estándar para moto,245099.0,2026-01-01,False
601.0,POR_DIA,tarifa estándar para bicicleta,135015.0,2026-01-23,True
254.0,POR_HORA,tarifa estándar para carro,39987.0,2026-02-07,True
832.0,POR_MES,tarifa estándar para camioneta,65876.0,2026-05-06,False
765.0,POR_MES,tarifa estándar para moto,108969.0,2026-01-01,False
147.0,POR_DIA,tarifa estándar para moto,208137.0,2026-02-20,False
75.0,POR_HORA,tarifa estándar para camioneta,138233.0,2026-03-01,False
520.0,POR_HORA,tarifa estándar para bicicleta,66009.0,2026-06-14,False
369.0,POR_DIA,tarifa estándar para carro,56165.0,2026-01-05,False
983.0,POR_MES,tarifa estándar para carro,43957.0,2026-01-04,True
692.0,POR_MES,tarifa estándar para carro,69337.0,2026-01-01,False
722.0,POR_DIA,tarifa estándar para bicicleta,120463.0,2026-04-25,False
527.0,POR_MES,tarifa estándar para camioneta,13692.0,2026-04-05,True
153.0,POR_DIA,tarifa estándar para bicicleta,206825.0,2026-01-21,False
731.0,POR_HORA,tarifa estándar para bicicleta,111373.0,2026-01-01,False
227.0,POR_HORA,tarifa estándar para camioneta,58816.0,2026-03-28,True
664.0,POR_HORA,tarifa estándar para moto,215922.0,2026-05-02,True
343.0,POR_HORA,tarifa estándar para moto,87864.0,2026-01-15,True
336.0,POR_HORA,tarifa estándar para camioneta,216920.0,2026-02-24,True
848.0,POR_HORA,tarifa estándar para bicicleta,148773.0,2026-03-24,True
334.0,POR_MES,tarifa estándar para carro,31179.0,2026-01-01,True
164.0,POR_MES,tarifa estándar para carro,179357.0,2026-01-01,False
515.0,POR_HORA,tarifa estándar para camioneta,213723.0,2026-01-09,False
364.0,POR_HORA,tarifa estándar para bicicleta,86617.0,2026-02-12,True
295.0,POR_MES,tarifa estándar para carro,163132.0,2026-04-08,True
1.0,POR_DIA,tarifa estándar para carro,34591.0,2026-04-13,True
200.0,POR_DIA,tarifa estándar para carro,94964.0,2026-01-12,True
155.0,POR_HORA,tarifa estándar para camioneta,43008.0,2026-05-20,True
297.0,POR_DIA,tarifa estándar para bicicleta,7612.0,2026-05-26,False
281.0,POR_DIA,tarifa estándar para bicicleta,239291.0,2026-02-21,False
475.0,POR_HORA,tarifa estándar para carro,54876.0,2026-06-26,False
997.0,POR_HORA,tarifa estándar para camioneta,218059.0,2026-01-01,False
758.0,POR_DIA,tarifa estándar para moto,168179.0,2026-03-08,True
321.0,POR_HORA,tarifa estándar para bicicleta,52699.0,2026-04-23,True
830.0,POR_DIA,tarifa estándar para carro,141265.0,2026-03-10,False
313.0,POR_MES,tarifa estándar para bicicleta,26215.0,2026-01-01,False
366.0,POR_MES,tarifa estándar para bicicleta,176510.0,2026-01-01,True
351.0,POR_MES,tarifa estándar para moto,198008.0,2026-05-03,True
959.0,POR_HORA,tarifa estándar para moto,47658.0,2026-01-24,True
273.0,POR_HORA,tarifa estándar para carro,171015.0,2026-01-01,True
553.0,POR_DIA,tarifa estándar para camioneta,75214.0,2026-06-13,False
243.0,POR_HORA,tarifa estándar para camioneta,8928.0,2026-06-01,False
472.0,POR_DIA,tarifa estándar para bicicleta,129294.0,2026-03-04,True
603.0,POR_HORA,tarifa estándar para bicicleta,92526.0,2026-06-10,False
572.0,POR_MES,tarifa estándar para carro,201208.0,2026-02-12,True
443.0,POR_DIA,tarifa estándar para bicicleta,181264.0,2026-04-02,False
823.0,POR_MES,tarifa estándar para camioneta,234757.0,2026-05-11,True
172.0,POR_HORA,tarifa estándar para carro,71307.0,2026-01-01,True
220.0,POR_MES,tarifa estándar para moto,153688.0,2026-02-12,True
923.0,POR_MES,tarifa estándar para carro,199683.0,2026-04-21,False
115.0,POR_DIA,tarifa estándar para moto,16275.0,2026-04-15,False
693.0,POR_HORA,tarifa estándar para moto,185531.0,2026-04-14,True
937.0,POR_DIA,tarifa estándar para camioneta,236767.0,2026-05-14,True
965.0,POR_HORA,tarifa estándar para moto,225770.0,2026-03-22,True
248.0,POR_HORA,tarifa estándar para carro,215839.0,2026-01-01,True
28.0,POR_MES,tarifa estándar para moto,158913.0,2026-01-25,False
556.0,POR_MES,tarifa estándar para carro,170427.0,2026-06-10,False
168.0,POR_HORA,tarifa estándar para camioneta,18656.0,2026-06-18,False
56.0,POR_DIA,tarifa estándar para moto,48430.0,2026-04-21,False
171.0,POR_HORA,tarifa estándar para carro,38539.0,2026-01-01,False
271.0,POR_MES,tarifa estándar para camioneta,95802.0,2026-04-20,False
175.0,POR_MES,tarifa estándar para bicicleta,34629.0,2026-05-11,False
744.0,POR_MES,tarifa estándar para moto,58582.0,2026-03-17,False
284.0,POR_MES,tarifa estándar para camioneta,120571.0,2026-03-24,True
628.0,POR_HORA,tarifa estándar para carro,103444.0,2026-06-11,False
465.0,POR_DIA,tarifa estándar para bicicleta,26184.0,2026-02-06,False
225.0,POR_DIA,tarifa estándar para carro,22191.0,2026-04-29,True
114.0,POR_DIA,tarifa estándar para bicicleta,3002.0,2026-02-17,False
221.0,POR_MES,tarifa estándar para moto,29867.0,2026-04-17,True
305.0,POR_HORA,tarifa estándar para camioneta,122870.0,2026-01-01,False
791.0,POR_MES,tarifa estándar para carro,29561.0,2026-03-20,True
679.0,POR_DIA,tarifa estándar para camioneta,176017.0,2026-03-22,False
923.0,POR_HORA,tarifa estándar para camioneta,232819.0,2026-05-06,True
58.0,POR_DIA,tarifa estándar para moto,190499.0,2026-01-01,True
25.0,POR_HORA,tarifa estándar para bicicleta,25324.0,2026-01-24,True
931.0,POR_MES,tarifa estándar para moto,208508.0,2026-03-16,False
141.0,POR_MES,tarifa estándar para moto,11212.0,2026-04-29,True
937.0,POR_DIA,tarifa estándar para carro,222341.0,2026-03-28,False
32.0,POR_HORA,tarifa estándar para carro,56298.0,2026-01-23,False
703.0,POR_MES,tarifa estándar para bicicleta,51302.0,2026-03-04,False
575.0,POR_HORA,tarifa estándar para carro,213062.0,2026-01-20,True
903.0,POR_MES,tarifa estándar para carro,111566.0,2026-03-13,False
715.0,POR_DIA,tarifa estándar para bicicleta,149490.0,2026-05-16,True
856.0,POR_MES,tarifa estándar para carro,120990.0,2026-01-01,True
940.0,POR_HORA,tarifa estándar para bicicleta,98062.0,2026-04-28,True
47.0,POR_MES,tarifa estándar para moto,156728.0,2026-01-04,True
914.0,POR_MES,tarifa estándar para carro,93006.0,2026-04-14,False
387.0,POR_DIA,tarifa estándar para carro,84253.0,2026-04-08,False
654.0,POR_MES,tarifa estándar para bicicleta,119322.0,2026-02-25,True
310.0,POR_DIA,tarifa estándar para moto,180840.0,2026-06-28,True
142.0,POR_MES,tarifa estándar para moto,129138.0,2026-01-06,True
28.0,POR_HORA,tarifa estándar para carro,210171.0,2026-06-15,False
204.0,POR_DIA,tarifa estándar para camioneta,54371.0,2026-04-11,False
661.0,POR_DIA,tarifa estándar para bicicleta,58387.0,2026-01-01,False
276.0,POR_DIA,tarifa estándar para carro,112282.0,2026-01-16,False
432.0,POR_DIA,tarifa estándar para camioneta,178595.0,2026-05-12,False
386.0,POR_MES,tarifa estándar para camioneta,218261.0,2026-02-18,False
698.0,POR_DIA,tarifa estándar para moto,107289.0,2026-03-22,False
515.0,POR_HORA,tarifa estándar para carro,144937.0,2026-01-01,False
667.0,POR_MES,tarifa estándar para moto,216745.0,2026-04-25,False
677.0,POR_MES,tarifa estándar para camioneta,220082.0,2026-05-25,True
329.0,POR_HORA,tarifa estándar para camioneta,59249.0,2026-01-26,False
912.0,POR_MES,tarifa estándar para moto,50400.0,2026-02-03,False
348.0,POR_HORA,tarifa estándar para moto,154302.0,2026-01-10,False
934.0,POR_HORA,tarifa estándar para moto,131360.0,2026-03-29,True
46.0,POR_MES,tarifa estándar para moto,203667.0,2026-02-25,True
477.0,POR_DIA,tarifa estándar para moto,68260.0,2026-02-24,True
934.0,POR_HORA,tarifa estándar para bicicleta,216637.0,2026-04-03,False
520.0,POR_MES,tarifa estándar para camioneta,126486.0,2026-06-03,False
841.0,POR_MES,tarifa estándar para bicicleta,87135.0,2026-01-01,False
251.0,POR_HORA,tarifa estándar para moto,229980.0,2026-01-01,True
887.0,POR_DIA,tarifa estándar para bicicleta,16785.0,2026-03-23,False
180.0,POR_DIA,tarifa estándar para bicicleta,128859.0,2026-04-01,True
206.0,POR_MES,tarifa estándar para moto,226950.0,2026-02-23,False
718.0,POR_DIA,tarifa estándar para moto,184011.0,2026-02-09,True
470.0,POR_MES,tarifa estándar para bicicleta,166331.0,2026-05-19,True
818.0,POR_DIA,tarifa estándar para carro,149002.0,2026-03-18,False
70.0,POR_MES,tarifa estándar para bicicleta,152257.0,2026-06-19,True
835.0,POR_MES,tarifa estándar para bicicleta,98140.0,2026-01-01,False
456.0,POR_DIA,tarifa estándar para carro,236664.0,2026-05-10,True
280.0,POR_DIA,tarifa estándar para moto,20220.0,2026-01-01,False
101.0,POR_MES,tarifa estándar para moto,222571.0,2026-02-26,True
438.0,POR_DIA,tarifa estándar para bicicleta,125830.0,2026-01-28,False
93.0,POR_DIA,tarifa estándar para camioneta,121249.0,2026-03-23,True
414.0,POR_MES,tarifa estándar para moto,246174.0,2026-01-01,False
473.0,POR_HORA,tarifa estándar para moto,116039.0,2026-04-06,True
467.0,POR_HORA,tarifa estándar para bicicleta,57918.0,2026-01-01,False
223.0,POR_HORA,tarifa estándar para camioneta,21970.0,2026-01-05,True
721.0,POR_HORA,tarifa estándar para camioneta,185956.0,2026-06-26,True
468.0,POR_MES,tarifa estándar para carro,84997.0,2026-03-17,False
10.0,POR_HORA,tarifa estándar para bicicleta,77444.0,2026-04-20,False
873.0,POR_DIA,tarifa estándar para camioneta,155595.0,2026-01-01,True
907.0,POR_MES,tarifa estándar para camioneta,104002.0,2026-01-01,True
265.0,POR_DIA,tarifa estándar para bicicleta,227620.0,2026-02-19,False
354.0,POR_HORA,tarifa estándar para camioneta,56959.0,2026-06-30,False
290.0,POR_HORA,tarifa estándar para moto,231455.0,2026-02-25,False
979.0,POR_HORA,tarifa estándar para bicicleta,222068.0,2026-03-30,False
988.0,POR_HORA,tarifa estándar para bicicleta,91814.0,2026-05-24,True
903.0,POR_MES,tarifa estándar para camioneta,198749.0,2026-02-03,True
894.0,POR_MES,tarifa estándar para carro,221458.0,2026-05-02,False
777.0,POR_MES,tarifa estándar para carro,30632.0,2026-02-14,True
746.0,POR_DIA,tarifa estándar para carro,166350.0,2026-03-26,False
981.0,POR_MES,tarifa estándar para moto,136106.0,2026-03-03,False
416.0,POR_DIA,tarifa estándar para carro,249274.0,2026-03-06,True
403.0,POR_MES,tarifa estándar para bicicleta,151038.0,2026-01-01,True
990.0,POR_HORA,tarifa estándar para moto,47800.0,2026-01-10,False
103.0,POR_HORA,tarifa estándar para bicicleta,137790.0,2026-04-16,False
600.0,POR_HORA,tarifa estándar para carro,23254.0,2026-01-01,False
324.0,POR_DIA,tarifa estándar para moto,148839.0,2026-03-23,False
63.0,POR_HORA,tarifa estándar para moto,245483.0,2026-06-21,True
93.0,POR_HORA,tarifa estándar para camioneta,76896.0,2026-02-18,True
609.0,POR_DIA,tarifa estándar para bicicleta,246442.0,2026-05-05,True
707.0,POR_HORA,tarifa estándar para moto,195296.0,2026-01-01,True
343.0,POR_HORA,tarifa estándar para camioneta,122605.0,2026-01-31,False
774.0,POR_HORA,tarifa estándar para moto,75679.0,2026-01-20,True
414.0,POR_HORA,tarifa estándar para moto,244927.0,2026-03-31,False
165.0,POR_DIA,tarifa estándar para camioneta,91232.0,2026-03-19,False
256.0,POR_HORA,tarifa estándar para carro,218905.0,2026-04-10,False
412.0,POR_HORA,tarifa estándar para moto,187523.0,2026-06-28,True
335.0,POR_DIA,tarifa estándar para bicicleta,47779.0,2026-01-01,True
60.0,POR_HORA,tarifa estándar para bicicleta,62041.0,2026-03-07,True
290.0,POR_MES,tarifa estándar para carro,202806.0,2026-01-01,True
886.0,POR_MES,tarifa estándar para moto,113514.0,2026-01-01,True
380.0,POR_MES,tarifa estándar para moto,233545.0,2026-01-01,True
861.0,POR_DIA,tarifa estándar para bicicleta,197316.0,2026-05-25,False
310.0,POR_MES,tarifa estándar para carro,207209.0,2026-01-01,False
71.0,POR_DIA,tarifa estándar para camioneta,87040.0,2026-03-11,False
668.0,POR_HORA,tarifa estándar para bicicleta,20503.0,2026-01-11,False
257.0,POR_DIA,tarifa estándar para camioneta,119647.0,2026-06-19,True
747.0,POR_HORA,tarifa estándar para bicicleta,64668.0,2026-01-01,False
757.0,POR_HORA,tarifa estándar para bicicleta,9542.0,2026-05-23,True
100.0,POR_MES,tarifa estándar para bicicleta,231355.0,2026-05-16,True
524.0,POR_MES,tarifa estándar para bicicleta,182084.0,2026-03-23,False
783.0,POR_HORA,tarifa estándar para carro,10770.0,2026-03-02,True
233.0,POR_MES,tarifa estándar para camioneta,138868.0,2026-03-02,False
19.0,POR_MES,tarifa estándar para carro,93663.0,2026-04-25,True
862.0,POR_DIA,tarifa estándar para bicicleta,238167.0,2026-01-01,False
607.0,POR_DIA,tarifa estándar para bicicleta,109146.0,2026-06-27,True
663.0,POR_MES,tarifa estándar para bicicleta,125888.0,2026-01-01,False
141.0,POR_DIA,tarifa estándar para camioneta,246347.0,2026-01-01,True
158.0,POR_DIA,tarifa estándar para moto,211390.0,2026-01-01,False
777.0,POR_HORA,tarifa estándar para carro,97633.0,2026-02-23,True
367.0,POR_DIA,tarifa estándar para carro,158433.0,2026-02-10,True
117.0,POR_DIA,tarifa estándar para carro,93304.0,2026-02-03,False
763.0,POR_DIA,tarifa estándar para bicicleta,35662.0,2026-02-05,False
760.0,POR_HORA,tarifa estándar para camioneta,164055.0,2026-01-11,False
482.0,POR_MES,tarifa estándar para carro,103478.0,2026-05-23,False
60.0,POR_MES,tarifa estándar para carro,76579.0,2026-01-16,True
685.0,POR_HORA,tarifa estándar para moto,37221.0,2026-05-25,True
850.0,POR_HORA,tarifa estándar para bicicleta,17463.0,2026-01-09,False
954.0,POR_DIA,tarifa estándar para camioneta,120181.0,2026-04-03,True
206.0,POR_HORA,tarifa estándar para camioneta,208966.0,2026-04-03,False
44.0,POR_MES,tarifa estándar para moto,13142.0,2026-05-06,False
356.0,POR_MES,tarifa estándar para carro,246888.0,2026-04-07,True
111.0,POR_HORA,tarifa estándar para bicicleta,141444.0,2026-04-15,False
915.0,POR_DIA,tarifa estándar para moto,173319.0,2026-03-20,False
984.0,POR_MES,tarifa estándar para carro,128412.0,2026-01-01,False
130.0,POR_MES,tarifa estándar para moto,222738.0,2026-06-26,True
879.0,POR_MES,tarifa estándar para carro,71787.0,2026-01-20,True
509.0,POR_MES,tarifa estándar para moto,95166.0,2026-05-14,False
838.0,POR_DIA,tarifa estándar para bicicleta,179112.0,2026-06-22,False
76.0,POR_HORA,tarifa estándar para moto,74891.0,2026-06-10,False
262.0,POR_MES,tarifa estándar para bicicleta,210396.0,2026-01-27,True
33.0,POR_DIA,tarifa estándar para bicicleta,63595.0,2026-02-03,True
376.0,POR_DIA,tarifa estándar para moto,56594.0,2026-06-17,False
197.0,POR_HORA,tarifa estándar para camioneta,188676.0,2026-03-04,True
17.0,POR_DIA,tarifa estándar para moto,192188.0,2026-01-01,False
140.0,POR_DIA,tarifa estándar para bicicleta,162524.0,2026-05-11,False
470.0,POR_MES,tarifa estándar para carro,116020.0,2026-04-12,True
812.0,POR_MES,tarifa estándar para bicicleta,226574.0,2026-04-16,True
444.0,POR_HORA,tarifa estándar para carro,171051.0,2026-01-28,True
180.0,POR_HORA,tarifa estándar para bicicleta,236751.0,2026-04-30,False
748.0,POR_DIA,tarifa estándar para bicicleta,184963.0,2026-02-09,False
415.0,POR_HORA,tarifa estándar para carro,243211.0,2026-04-08,False
836.0,POR_HORA,tarifa estándar para camioneta,151426.0,2026-01-30,True
99.0,POR_HORA,tarifa estándar para moto,106287.0,2026-05-21,False
689.0,POR_DIA,tarifa estándar para bicicleta,126702.0,2026-02-14,True
213.0,POR_DIA,tarifa estándar para camioneta,168888.0,2026-02-21,True
586.0,POR_HORA,tarifa estándar para carro,165167.0,2026-03-25,True
952.0,POR_MES,tarifa estándar para camioneta,26248.0,2026-01-01,True
712.0,POR_DIA,tarifa estándar para bicicleta,74386.0,2026-01-27,True
667.0,POR_DIA,tarifa estándar para camioneta,192421.0,2026-05-01,True
91.0,POR_HORA,tarifa estándar para bicicleta,114962.0,2026-02-09,True
84.0,POR_MES,tarifa estándar para bicicleta,137089.0,2026-05-17,True
661.0,POR_HORA,tarifa estándar para bicicleta,177767.0,2026-01-01,False
206.0,POR_MES,tarifa estándar para carro,88608.0,2026-01-01,True
676.0,POR_DIA,tarifa estándar para camioneta,123170.0,2026-04-13,True
891.0,POR_HORA,tarifa estándar para bicicleta,209965.0,2026-02-02,True
566.0,POR_DIA,tarifa estándar para moto,120473.0,2026-03-19,False
788.0,POR_HORA,tarifa estándar para camioneta,227122.0,2026-04-17,True
610.0,POR_DIA,tarifa estándar para bicicleta,245027.0,2026-01-01,True
688.0,POR_DIA,tarifa estándar para bicicleta,237778.0,2026-02-24,True
159.0,POR_MES,tarifa estándar para camioneta,52624.0,2026-03-30,False
870.0,POR_DIA,tarifa estándar para bicicleta,92312.0,2026-01-11,False
333.0,POR_DIA,tarifa estándar para camioneta,116180.0,2026-03-21,False
122.0,POR_HORA,tarifa estándar para moto,175942.0,2026-01-01,True
837.0,POR_HORA,tarifa estándar para moto,7767.0,2026-06-09,False
33.0,POR_HORA,tarifa estándar para carro,8849.0,2026-05-12,True
859.0,POR_MES,tarifa estándar para camioneta,210892.0,2026-05-20,True
344.0,POR_MES,tarifa estándar para camioneta,215172.0,2026-04-06,True
540.0,POR_HORA,tarifa estándar para camioneta,159184.0,2026-05-08,False
311.0,POR_DIA,tarifa estándar para bicicleta,245585.0,2026-06-03,False
687.0,POR_DIA,tarifa estándar para carro,42214.0,2026-01-01,False
503.0,POR_MES,tarifa estándar para camioneta,83491.0,2026-02-24,True
625.0,POR_MES,tarifa estándar para carro,85244.0,2026-05-30,True
123.0,POR_DIA,tarifa estándar para moto,239112.0,2026-01-27,True
678.0,POR_DIA,tarifa estándar para carro,22351.0,2026-01-01,True
626.0,POR_HORA,tarifa estándar para camioneta,112971.0,2026-06-04,True
348.0,POR_HORA,tarifa estándar para carro,231143.0,2026-04-13,False
430.0,POR_HORA,tarifa estándar para bicicleta,110882.0,2026-01-01,False
445.0,POR_MES,tarifa estándar para carro,83772.0,2026-02-14,False
69.0,POR_HORA,tarifa estándar para camioneta,217172.0,2026-06-25,True
457.0,POR_HORA,tarifa estándar para moto,95314.0,2026-01-01,False
17.0,POR_DIA,tarifa estándar para bicicleta,100595.0,2026-02-15,False
555.0,POR_HORA,tarifa estándar para carro,51562.0,2026-01-11,False
1000.0,POR_DIA,tarifa estándar para bicicleta,195672.0,2026-02-22,False
643.0,POR_DIA,tarifa estándar para moto,3432.0,2026-01-28,False
792.0,POR_DIA,tarifa estándar para bicicleta,79866.0,2026-01-01,False
29.0,POR_DIA,tarifa estándar para carro,144111.0,2026-01-01,True
401.0,POR_MES,tarifa estándar para camioneta,94058.0,2026-06-28,True
612.0,POR_MES,tarifa estándar para camioneta,199792.0,2026-01-03,True
701.0,POR_HORA,tarifa estándar para moto,45641.0,2026-04-10,False
426.0,POR_MES,tarifa estándar para bicicleta,87978.0,2026-01-09,False
813.0,POR_DIA,tarifa estándar para bicicleta,216825.0,2026-03-17,False
107.0,POR_MES,tarifa estándar para bicicleta,129624.0,2026-02-01,False
956.0,POR_HORA,tarifa estándar para moto,94729.0,2026-05-08,True
420.0,POR_MES,tarifa estándar para camioneta,152043.0,2026-05-16,False
156.0,POR_DIA,tarifa estándar para bicicleta,116348.0,2026-03-05,True
423.0,POR_MES,tarifa estándar para carro,148553.0,2026-01-31,False
263.0,POR_DIA,tarifa estándar para moto,148452.0,2026-03-29,False
356.0,POR_DIA,tarifa estándar para carro,205751.0,2026-01-01,True
622.0,POR_HORA,tarifa estándar para camioneta,28993.0,2026-04-25,True
429.0,POR_MES,tarifa estándar para camioneta,161797.0,2026-02-27,False
607.0,POR_MES,tarifa estándar para bicicleta,39025.0,2026-05-10,False
36.0,POR_MES,tarifa estándar para moto,6945.0,2026-06-20,False
526.0,POR_DIA,tarifa estándar para bicicleta,107145.0,2026-04-04,True
336.0,POR_DIA,tarifa estándar para bicicleta,9358.0,2026-06-06,False
748.0,POR_MES,tarifa estándar para camioneta,192617.0,2026-05-18,True
689.0,POR_MES,tarifa estándar para carro,191716.0,2026-01-13,False
485.0,POR_MES,tarifa estándar para camioneta,46805.0,2026-06-06,True
297.0,POR_HORA,tarifa estándar para camioneta,21995.0,2026-02-02,True
350.0,POR_DIA,tarifa estándar para bicicleta,47714.0,2026-01-01,True
167.0,POR_DIA,tarifa estándar para moto,8534.0,2026-01-12,False
905.0,POR_DIA,tarifa estándar para camioneta,194594.0,2026-01-01,False
972.0,POR_DIA,tarifa estándar para moto,204279.0,2026-01-27,False
321.0,POR_HORA,tarifa estándar para camioneta,172242.0,2026-01-01,False
906.0,POR_HORA,tarifa estándar para camioneta,241817.0,2026-03-13,False
630.0,POR_HORA,tarifa estándar para moto,81563.0,2026-01-01,False
416.0,POR_MES,tarifa estándar para moto,8634.0,2026-02-01,False
188.0,POR_MES,tarifa estándar para camioneta,125531.0,2026-04-13,False
51.0,POR_MES,tarifa estándar para camioneta,201297.0,2026-01-01,False
531.0,POR_MES,tarifa estándar para bicicleta,113627.0,2026-01-11,False
516.0,POR_HORA,tarifa estándar para bicicleta,116970.0,2026-03-19,False
407.0,POR_HORA,tarifa estándar para moto,43219.0,2026-02-28,False
284.0,POR_DIA,tarifa estándar para carro,197679.0,2026-02-04,True
294.0,POR_HORA,tarifa estándar para bicicleta,90206.0,2026-05-15,True
827.0,POR_MES,tarifa estándar para moto,100344.0,2026-05-12,False
293.0,POR_DIA,tarifa estándar para moto,237106.0,2026-01-01,False
657.0,POR_HORA,tarifa estándar para moto,51588.0,2026-02-17,False
602.0,POR_MES,tarifa estándar para camioneta,221372.0,2026-01-25,True
672.0,POR_HORA,tarifa estándar para carro,122641.0,2026-04-21,False
199.0,POR_MES,tarifa estándar para bicicleta,173643.0,2026-01-01,False
681.0,POR_MES,tarifa estándar para bicicleta,82851.0,2026-06-03,False
415.0,POR_DIA,tarifa estándar para moto,142696.0,2026-01-01,True
725.0,POR_MES,tarifa estándar para bicicleta,11961.0,2026-06-08,True
621.0,POR_HORA,tarifa estándar para carro,84307.0,2026-04-07,False
234.0,POR_HORA,tarifa estándar para carro,27182.0,2026-03-13,False
973.0,POR_HORA,tarifa estándar para camioneta,204077.0,2026-06-20,True
316.0,POR_DIA,tarifa estándar para bicicleta,164069.0,2026-02-11,True
753.0,POR_HORA,tarifa estándar para carro,126943.0,2026-03-24,True
980.0,POR_MES,tarifa estándar para carro,128706.0,2026-06-27,False
363.0,POR_DIA,tarifa estándar para bicicleta,146515.0,2026-02-27,False
637.0,POR_HORA,tarifa estándar para camioneta,151284.0,2026-03-29,False
337.0,POR_DIA,tarifa estándar para bicicleta,105108.0,2026-01-10,False
936.0,POR_MES,tarifa estándar para moto,144993.0,2026-06-21,False
417.0,POR_HORA,tarifa estándar para camioneta,26430.0,2026-05-11,False
696.0,POR_HORA,tarifa estándar para camioneta,224167.0,2026-03-26,True
950.0,POR_DIA,tarifa estándar para moto,47778.0,2026-01-19,False
749.0,POR_HORA,tarifa estándar para moto,77498.0,2026-01-28,False
434.0,POR_MES,tarifa estándar para camioneta,35848.0,2026-01-01,False
447.0,POR_HORA,tarifa estándar para carro,197945.0,2026-04-26,True
414.0,POR_HORA,tarifa estándar para camioneta,70131.0,2026-02-07,False
767.0,POR_HORA,tarifa estándar para carro,64579.0,2026-05-28,True
375.0,POR_MES,tarifa estándar para carro,169364.0,2026-03-09,True
342.0,POR_MES,tarifa estándar para bicicleta,36624.0,2026-04-12,False
57.0,POR_HORA,tarifa estándar para moto,40888.0,2026-02-26,True
998.0,POR_MES,tarifa estándar para moto,71274.0,2026-04-10,True
544.0,POR_DIA,tarifa estándar para carro,101660.0,2026-02-26,False
96.0,POR_MES,tarifa estándar para bicicleta,86153.0,2026-01-09,True
309.0,POR_MES,tarifa estándar para bicicleta,2017.0,2026-03-02,True
274.0,POR_DIA,tarifa estándar para moto,206418.0,2026-05-04,True
910.0,POR_DIA,tarifa estándar para carro,92278.0,2026-02-08,True
915.0,POR_HORA,tarifa estándar para carro,70413.0,2026-01-01,False
776.0,POR_DIA,tarifa estándar para moto,9538.0,2026-02-27,False
58.0,POR_DIA,tarifa estándar para bicicleta,151989.0,2026-06-09,False
974.0,POR_DIA,tarifa estándar para carro,125171.0,2026-03-17,True
96.0,POR_HORA,tarifa estándar para carro,247462.0,2026-01-28,True
419.0,POR_HORA,tarifa estándar para moto,211716.0,2026-01-01,True
602.0,POR_MES,tarifa estándar para camioneta,188179.0,2026-06-26,True
173.0,POR_HORA,tarifa estándar para moto,242646.0,2026-02-02,False
380.0,POR_HORA,tarifa estándar para bicicleta,55102.0,2026-04-24,True
268.0,POR_HORA,tarifa estándar para bicicleta,80405.0,2026-05-27,True
300.0,POR_HORA,tarifa estándar para bicicleta,170230.0,2026-01-01,False
630.0,POR_HORA,tarifa estándar para carro,136265.0,2026-01-01,True
948.0,POR_DIA,tarifa estándar para moto,26420.0,2026-05-14,False
734.0,POR_MES,tarifa estándar para camioneta,47512.0,2026-02-16,False
72.0,POR_HORA,tarifa estándar para bicicleta,92324.0,2026-04-18,False
134.0,POR_MES,tarifa estándar para moto,197151.0,2026-04-23,True
577.0,POR_HORA,tarifa estándar para camioneta,67359.0,2026-01-01,True
807.0,POR_DIA,tarifa estándar para moto,166036.0,2026-04-10,True
72.0,POR_MES,tarifa estándar para carro,8481.0,2026-06-27,False
488.0,POR_HORA,tarifa estándar para carro,36142.0,2026-01-10,False
55.0,POR_MES,tarifa estándar para carro,133920.0,2026-04-24,False
110.0,POR_DIA,tarifa estándar para camioneta,57492.0,2026-05-26,True
83.0,POR_MES,tarifa estándar para moto,246639.0,2026-01-13,True
457.0,POR_HORA,tarifa estándar para camioneta,100421.0,2026-01-10,True
562.0,POR_DIA,tarifa estándar para moto,218241.0,2026-01-13,False
976.0,POR_HORA,tarifa estándar para bicicleta,18308.0,2026-03-30,False
417.0,POR_DIA,tarifa estándar para camioneta,170575.0,2026-02-17,False
46.0,POR_HORA,tarifa estándar para camioneta,146977.0,2026-02-10,False
249.0,POR_DIA,tarifa estándar para moto,240850.0,2026-05-06,False
879.0,POR_MES,tarifa estándar para carro,18569.0,2026-05-14,False
428.0,POR_DIA,tarifa estándar para camioneta,230273.0,2026-01-10,False
141.0,POR_HORA,tarifa estándar para camioneta,84405.0,2026-01-01,False
926.0,POR_HORA,tarifa estándar para camioneta,2608.0,2026-01-01,False
847.0,POR_DIA,tarifa estándar para camioneta,205690.0,2026-02-13,True
896.0,POR_HORA,tarifa estándar para moto,52793.0,2026-01-29,True
734.0,POR_DIA,tarifa estándar para bicicleta,114862.0,2026-01-01,True
974.0,POR_DIA,tarifa estándar para moto,107935.0,2026-04-14,True
266.0,POR_MES,tarifa estándar para bicicleta,72296.0,2026-04-15,False
12.0,POR_HORA,tarifa estándar para carro,218783.0,2026-06-17,False
347.0,POR_MES,tarifa estándar para bicicleta,168835.0,2026-02-18,True
40.0,POR_HORA,tarifa estándar para carro,213348.0,2026-03-03,True
970.0,POR_HORA,tarifa estándar para carro,172300.0,2026-05-30,False
921.0,POR_MES,tarifa estándar para moto,143601.0,2026-01-01,False
160.0,POR_MES,tarifa estándar para carro,52506.0,2026-01-15,False
762.0,POR_DIA,tarifa estándar para carro,99572.0,2026-04-01,False
551.0,POR_HORA,tarifa estándar para bicicleta,52328.0,2026-04-05,True
211.0,POR_MES,tarifa estándar para camioneta,87837.0,2026-04-07,True
806.0,POR_MES,tarifa estándar para carro,72090.0,2026-02-10,False
734.0,POR_MES,tarifa estándar para moto,46362.0,2026-05-16,True
572.0,POR_DIA,tarifa estándar para moto,91956.0,2026-02-17,False
780.0,POR_MES,tarifa estándar para bicicleta,210536.0,2026-03-10,False
517.0,POR_HORA,tarifa estándar para bicicleta,117054.0,2026-01-01,True
43.0,POR_DIA,tarifa estándar para camioneta,227477.0,2026-03-27,False
973.0,POR_DIA,tarifa estándar para moto,168707.0,2026-01-30,False
679.0,POR_MES,tarifa estándar para camioneta,3489.0,2026-03-15,False
788.0,POR_HORA,tarifa estándar para moto,201302.0,2026-04-15,False
599.0,POR_DIA,tarifa estándar para moto,247994.0,2026-01-01,True
357.0,POR_DIA,tarifa estándar para carro,240307.0,2026-06-13,False
357.0,POR_MES,tarifa estándar para camioneta,131403.0,2026-01-01,True
171.0,POR_MES,tarifa estándar para camioneta,194291.0,2026-01-26,True
439.0,POR_MES,tarifa estándar para carro,105676.0,2026-01-01,False
233.0,POR_MES,tarifa estándar para camioneta,247068.0,2026-01-30,True
846.0,POR_HORA,tarifa estándar para moto,59660.0,2026-02-11,True
597.0,POR_HORA,tarifa estándar para moto,180088.0,2026-01-05,True
51.0,POR_HORA,tarifa estándar para bicicleta,142381.0,2026-02-23,False
134.0,POR_MES,tarifa estándar para moto,176949.0,2026-01-08,True
217.0,POR_MES,tarifa estándar para carro,76361.0,2026-01-01,False
26.0,POR_HORA,tarifa estándar para carro,102627.0,2026-06-26,False
974.0,POR_DIA,tarifa estándar para bicicleta,20652.0,2026-02-07,True
159.0,POR_MES,tarifa estándar para moto,197734.0,2026-03-09,True
324.0,POR_MES,tarifa estándar para moto,177619.0,2026-01-12,False
721.0,POR_HORA,tarifa estándar para moto,163390.0,2026-04-11,False
833.0,POR_MES,tarifa estándar para bicicleta,188622.0,2026-06-17,False
217.0,POR_MES,tarifa estándar para carro,248625.0,2026-04-26,True
682.0,POR_HORA,tarifa estándar para moto,63810.0,2026-04-22,True
956.0,POR_DIA,tarifa estándar para moto,187926.0,2026-04-09,False
306.0,POR_DIA,tarifa estándar para camioneta,168364.0,2026-01-01,False
114.0,POR_MES,tarifa estándar para camioneta,62184.0,2026-04-30,True
678.0,POR_MES,tarifa estándar para moto,141706.0,2026-01-01,False
125.0,POR_DIA,tarifa estándar para camioneta,52295.0,2026-02-06,False
311.0,POR_MES,tarifa estándar para bicicleta,224954.0,2026-01-01,True
844.0,POR_HORA,tarifa estándar para carro,177858.0,2026-06-06,True
859.0,POR_MES,tarifa estándar para bicicleta,175845.0,2026-05-25,False
144.0,POR_HORA,tarifa estándar para camioneta,96676.0,2026-02-02,True
479.0,POR_HORA,tarifa estándar para camioneta,209287.0,2026-03-26,True
168.0,POR_MES,tarifa estándar para moto,85979.0,2026-01-05,False
57.0,POR_DIA,tarifa estándar para bicicleta,31023.0,2026-03-26,True
609.0,POR_DIA,tarifa estándar para camioneta,235574.0,2026-01-01,True
638.0,POR_MES,tarifa estándar para bicicleta,18650.0,2026-04-08,False
554.0,POR_MES,tarifa estándar para camioneta,234813.0,2026-01-25,False
77.0,POR_MES,tarifa estándar para bicicleta,120516.0,2026-03-17,True
711.0,POR_HORA,tarifa estándar para camioneta,147853.0,2026-02-19,False
775.0,POR_DIA,tarifa estándar para carro,197458.0,2026-01-28,True
239.0,POR_MES,tarifa estándar para camioneta,205148.0,2026-04-03,False
271.0,POR_DIA,tarifa estándar para bicicleta,206364.0,2026-06-26,True
94.0,POR_MES,tarifa estándar para camioneta,27240.0,2026-05-20,False
220.0,POR_MES,tarifa estándar para camioneta,216126.0,2026-01-01,True
480.0,POR_DIA,tarifa estándar para moto,181172.0,2026-05-18,False
762.0,POR_HORA,tarifa estándar para bicicleta,181172.0,2026-05-26,True
257.0,POR_DIA,tarifa estándar para carro,235559.0,2026-01-01,True
128.0,POR_MES,tarifa estándar para moto,152144.0,2026-02-05,True
691.0,POR_MES,tarifa estándar para camioneta,22423.0,2026-03-05,False
911.0,POR_MES,tarifa estándar para carro,174969.0,2026-01-01,False
890.0,POR_MES,tarifa estándar para moto,199116.0,2026-06-11,True
455.0,POR_MES,tarifa estándar para carro,94781.0,2026-03-04,True
752.0,POR_MES,tarifa estándar para bicicleta,135748.0,2026-04-01,True
367.0,POR_DIA,tarifa estándar para carro,7721.0,2026-04-16,False
103.0,POR_DIA,tarifa estándar para carro,110650.0,2026-06-26,False
826.0,POR_DIA,tarifa estándar para bicicleta,20911.0,2026-03-29,False
75.0,POR_DIA,tarifa estándar para moto,104084.0,2026-05-17,True
554.0,POR_MES,tarifa estándar para carro,129176.0,2026-01-01,True
416.0,POR_MES,tarifa estándar para bicicleta,108096.0,2026-01-01,True
565.0,POR_DIA,tarifa estándar para camioneta,47406.0,2026-06-23,False
251.0,POR_HORA,tarifa estándar para carro,14484.0,2026-01-20,False
662.0,POR_HORA,tarifa estándar para bicicleta,205106.0,2026-01-01,False
456.0,POR_MES,tarifa estándar para carro,70006.0,2026-01-02,True
411.0,POR_MES,tarifa estándar para camioneta,243118.0,2026-01-01,True
94.0,POR_DIA,tarifa estándar para moto,71873.0,2026-05-08,True
982.0,POR_HORA,tarifa estándar para moto,189271.0,2026-06-05,False
193.0,POR_DIA,tarifa estándar para camioneta,23433.0,2026-01-30,True
532.0,POR_MES,tarifa estándar para carro,75780.0,2026-01-01,True
393.0,POR_DIA,tarifa estándar para camioneta,126385.0,2026-01-18,True
515.0,POR_DIA,tarifa estándar para carro,222067.0,2026-06-06,False
492.0,POR_MES,tarifa estándar para camioneta,156243.0,2026-06-07,True
324.0,POR_DIA,tarifa estándar para carro,91941.0,2026-01-01,True
365.0,POR_MES,tarifa estándar para carro,9534.0,2026-01-17,True
164.0,POR_DIA,tarifa estándar para bicicleta,39639.0,2026-06-26,False
325.0,POR_HORA,tarifa estándar para moto,108054.0,2026-02-14,False
312.0,POR_HORA,tarifa estándar para bicicleta,75942.0,2026-05-18,False
563.0,POR_MES,tarifa estándar para moto,214538.0,2026-01-04,True
125.0,POR_MES,tarifa estándar para camioneta,247654.0,2026-05-28,True
334.0,POR_HORA,tarifa estándar para bicicleta,69196.0,2026-06-06,False
916.0,POR_DIA,tarifa estándar para bicicleta,141745.0,2026-01-01,False
226.0,POR_DIA,tarifa estándar para carro,221345.0,2026-02-06,True
695.0,POR_HORA,tarifa estándar para carro,37383.0,2026-03-18,True
861.0,POR_MES,tarifa estándar para moto,121182.0,2026-02-06,True
359.0,POR_HORA,tarifa estándar para moto,206597.0,2026-05-03,True
533.0,POR_DIA,tarifa estándar para moto,60059.0,2026-04-29,True
840.0,POR_HORA,tarifa estándar para bicicleta,78136.0,2026-04-12,True
821.0,POR_HORA,tarifa estándar para camioneta,17096.0,2026-01-26,False
301.0,POR_MES,tarifa estándar para camioneta,154896.0,2026-01-01,True
636.0,POR_MES,tarifa estándar para carro,83735.0,2026-03-02,False
955.0,POR_HORA,tarifa estándar para bicicleta,103456.0,2026-01-01,False
320.0,POR_DIA,tarifa estándar para bicicleta,194038.0,2026-01-01,False
154.0,POR_HORA,tarifa estándar para bicicleta,110842.0,2026-02-06,False
145.0,POR_MES,tarifa estándar para bicicleta,173005.0,2026-06-28,False
893.0,POR_HORA,tarifa estándar para carro,18054.0,2026-01-01,False
654.0,POR_MES,tarifa estándar para carro,74716.0,2026-01-01,False
677.0,POR_HORA,tarifa estándar para carro,212584.0,2026-03-31,False
872.0,POR_DIA,tarifa estándar para bicicleta,37499.0,2026-01-01,False
18.0,POR_HORA,tarifa estándar para camioneta,75711.0,2026-02-20,True
206.0,POR_MES,tarifa estándar para carro,64027.0,2026-01-01,True
990.0,POR_DIA,tarifa estándar para carro,95367.0,2026-06-07,True
184.0,POR_DIA,tarifa estándar para bicicleta,6047.0,2026-02-03,True
36.0,POR_DIA,tarifa estándar para bicicleta,150690.0,2026-02-06,False
947.0,POR_DIA,tarifa estándar para camioneta,33360.0,2026-01-22,True
635.0,POR_MES,tarifa estándar para camioneta,117885.0,2026-03-24,False
78.0,POR_DIA,tarifa estándar para bicicleta,108972.0,2026-04-13,False
451.0,POR_HORA,tarifa estándar para moto,142366.0,2026-06-14,True
58.0,POR_MES,tarifa estándar para camioneta,242718.0,2026-01-01,False
161.0,POR_DIA,tarifa estándar para moto,157699.0,2026-01-16,True
389.0,POR_HORA,tarifa estándar para bicicleta,179440.0,2026-05-07,False
314.0,POR_HORA,tarifa estándar para camioneta,249481.0,2026-06-12,True
951.0,POR_DIA,tarifa estándar para bicicleta,73770.0,2026-06-22,False
462.0,POR_DIA,tarifa estándar para carro,103569.0,2026-03-18,False
778.0,POR_HORA,tarifa estándar para moto,242665.0,2026-02-23,True
81.0,POR_MES,tarifa estándar para carro,243177.0,2026-02-02,True
293.0,POR_DIA,tarifa estándar para moto,31626.0,2026-04-07,True
260.0,POR_HORA,tarifa estándar para bicicleta,114750.0,2026-03-24,True
935.0,POR_DIA,tarifa estándar para moto,79562.0,2026-05-01,True
514.0,POR_MES,tarifa estándar para moto,60539.0,2026-04-09,False
413.0,POR_MES,tarifa estándar para moto,207049.0,2026-05-23,False
739.0,POR_HORA,tarifa estándar para bicicleta,24140.0,2026-04-08,False
162.0,POR_HORA,tarifa estándar para moto,186044.0,2026-01-01,True
991.0,POR_DIA,tarifa estándar para moto,58101.0,2026-04-20,False
919.0,POR_MES,tarifa estándar para bicicleta,120616.0,2026-01-04,False
472.0,POR_HORA,tarifa estándar para camioneta,191974.0,2026-01-01,False
812.0,POR_DIA,tarifa estándar para moto,69351.0,2026-04-30,False
875.0,POR_DIA,tarifa estándar para camioneta,211289.0,2026-02-26,False
408.0,POR_MES,tarifa estándar para bicicleta,3765.0,2026-03-16,False
96.0,POR_HORA,tarifa estándar para camioneta,199300.0,2026-03-28,False
313.0,POR_MES,tarifa estándar para bicicleta,148159.0,2026-04-02,True
308.0,POR_DIA,tarifa estándar para camioneta,134969.0,2026-06-28,False
522.0,POR_DIA,tarifa estándar para bicicleta,4280.0,2026-06-07,False
720.0,POR_HORA,tarifa estándar para camioneta,133935.0,2026-03-30,True
316.0,POR_DIA,tarifa estándar para moto,222644.0,2026-05-23,False
13.0,POR_MES,tarifa estándar para carro,147623.0,2026-01-20,False
446.0,POR_MES,tarifa estándar para carro,132658.0,2026-01-22,True
787.0,POR_MES,tarifa estándar para moto,181288.0,2026-05-31,False
585.0,POR_HORA,tarifa estándar para carro,151272.0,2026-06-13,True
803.0,POR_HORA,tarifa estándar para bicicleta,73983.0,2026-03-20,False
476.0,POR_HORA,tarifa estándar para camioneta,99015.0,2026-04-27,False
606.0,POR_HORA,tarifa estándar para camioneta,114329.0,2026-03-22,True
635.0,POR_DIA,tarifa estándar para carro,241353.0,2026-01-01,True
930.0,POR_HORA,tarifa estándar para moto,142571.0,2026-05-05,True
839.0,POR_MES,tarifa estándar para carro,131197.0,2026-05-14,False
408.0,POR_HORA,tarifa estándar para moto,213372.0,2026-03-12,False
552.0,POR_MES,tarifa estándar para bicicleta,122438.0,2026-05-17,True
492.0,POR_MES,tarifa estándar para carro,174748.0,2026-06-04,True
579.0,POR_HORA,tarifa estándar para moto,36912.0,2026-06-09,False
667.0,POR_MES,tarifa estándar para moto,207819.0,2026-01-01,True
120.0,POR_DIA,tarifa estándar para bicicleta,92343.0,2026-06-18,False
978.0,POR_DIA,tarifa estándar para bicicleta,167611.0,2026-04-15,False
437.0,POR_MES,tarifa estándar para moto,196671.0,2026-04-27,False
741.0,POR_DIA,tarifa estándar para bicicleta,239549.0,2026-04-08,False
331.0,POR_MES,tarifa estándar para camioneta,132282.0,2026-01-01,False
569.0,POR_MES,tarifa estándar para bicicleta,180793.0,2026-02-09,True
104.0,POR_MES,tarifa estándar para camioneta,60007.0,2026-06-20,False
893.0,POR_MES,tarifa estándar para carro,213564.0,2026-02-08,True
114.0,POR_HORA,tarifa estándar para camioneta,103283.0,2026-02-17,False
818.0,POR_MES,tarifa estándar para bicicleta,161664.0,2026-05-19,False
348.0,POR_HORA,tarifa estándar para camioneta,19223.0,2026-01-21,False
826.0,POR_DIA,tarifa estándar para camioneta,95835.0,2026-02-02,True
251.0,POR_DIA,tarifa estándar para bicicleta,223488.0,2026-04-28,False
705.0,POR_MES,tarifa estándar para carro,196920.0,2026-06-09,True
972.0,POR_DIA,tarifa estándar para camioneta,25695.0,2026-04-12,False
182.0,POR_HORA,tarifa estándar para moto,137133.0,2026-04-07,False
86.0,POR_HORA,tarifa estándar para moto,169526.0,2026-03-18,True
709.0,POR_MES,tarifa estándar para carro,145274.0,2026-03-05,True
333.0,POR_DIA,tarifa estándar para bicicleta,167515.0,2026-01-01,True
111.0,POR_DIA,tarifa estándar para camioneta,171199.0,2026-03-04,False
61.0,POR_MES,tarifa estándar para carro,143004.0,2026-03-21,True
142.0,POR_DIA,tarifa estándar para moto,111992.0,2026-01-27,False
642.0,POR_HORA,tarifa estándar para moto,225344.0,2026-06-06,True
74.0,POR_MES,tarifa estándar para moto,165865.0,2026-06-30,False
828.0,POR_HORA,tarifa estándar para camioneta,185932.0,2026-04-12,False
267.0,POR_DIA,tarifa estándar para camioneta,223404.0,2026-01-01,False
158.0,POR_DIA,tarifa estándar para carro,77284.0,2026-05-15,False
487.0,POR_HORA,tarifa estándar para camioneta,53277.0,2026-02-19,True
32.0,POR_MES,tarifa estándar para carro,175727.0,2026-01-17,False
639.0,POR_DIA,tarifa estándar para camioneta,5551.0,2026-06-17,True
515.0,POR_DIA,tarifa estándar para camioneta,229200.0,2026-01-25,False
624.0,POR_HORA,tarifa estándar para bicicleta,47867.0,2026-05-24,True
582.0,POR_HORA,tarifa estándar para bicicleta,28893.0,2026-02-11,True
653.0,POR_HORA,tarifa estándar para moto,102233.0,2026-01-01,True
350.0,POR_DIA,tarifa estándar para moto,171892.0,2026-03-28,True
377.0,POR_MES,tarifa estándar para moto,196596.0,2026-03-16,False
316.0,POR_DIA,tarifa estándar para bicicleta,235038.0,2026-05-10,False
180.0,POR_MES,tarifa estándar para camioneta,197905.0,2026-03-15,False
75.0,POR_HORA,tarifa estándar para bicicleta,55328.0,2026-06-24,True
786.0,POR_MES,tarifa estándar para carro,180556.0,2026-01-01,True
837.0,POR_DIA,tarifa estándar para camioneta,62621.0,2026-01-16,False
53.0,POR_HORA,tarifa estándar para moto,57314.0,2026-01-01,False
360.0,POR_MES,tarifa estándar para bicicleta,143194.0,2026-01-23,False
779.0,POR_DIA,tarifa estándar para camioneta,187522.0,2026-01-01,False
41.0,POR_HORA,tarifa estándar para moto,65935.0,2026-01-08,False
38.0,POR_HORA,tarifa estándar para carro,227629.0,2026-02-05,False
468.0,POR_DIA,tarifa estándar para bicicleta,163876.0,2026-02-03,True
85.0,POR_HORA,tarifa estándar para camioneta,28377.0,2026-03-29,True
860.0,POR_MES,tarifa estándar para moto,175969.0,2026-01-01,True
306.0,POR_MES,tarifa estándar para carro,40076.0,2026-06-21,True
60.0,POR_DIA,tarifa estándar para bicicleta,97065.0,2026-06-17,True
86.0,POR_DIA,tarifa estándar para moto,164888.0,2026-04-12,False
695.0,POR_HORA,tarifa estándar para camioneta,85998.0,2026-01-11,True
1.0,POR_MES,tarifa estándar para camioneta,97274.0,2026-06-15,True
192.0,POR_MES,tarifa estándar para camioneta,125532.0,2026-05-20,True
137.0,POR_MES,tarifa estándar para carro,81111.0,2026-01-01,False
767.0,POR_HORA,tarifa estándar para camioneta,129387.0,2026-06-11,True
40.0,POR_DIA,tarifa estándar para bicicleta,132078.0,2026-03-28,True
189.0,POR_MES,tarifa estándar para camioneta,73182.0,2026-06-18,True
351.0,POR_MES,tarifa estándar para camioneta,22070.0,2026-01-01,False
856.0,POR_DIA,tarifa estándar para bicicleta,70265.0,2026-01-04,False
551.0,POR_DIA,tarifa estándar para moto,15660.0,2026-05-31,True
22.0,POR_HORA,tarifa estándar para carro,192923.0,2026-05-07,False
941.0,POR_MES,tarifa estándar para camioneta,141074.0,2026-02-05,True
811.0,POR_MES,tarifa estándar para carro,199525.0,2026-05-11,False
942.0,POR_DIA,tarifa estándar para camioneta,130468.0,2026-04-23,True
506.0,POR_MES,tarifa estándar para camioneta,245265.0,2026-01-01,True
444.0,POR_DIA,tarifa estándar para camioneta,203118.0,2026-05-28,True
955.0,POR_HORA,tarifa estándar para camioneta,98760.0,2026-01-01,True
310.0,POR_MES,tarifa estándar para camioneta,58634.0,2026-06-11,False
452.0,POR_MES,tarifa estándar para moto,72154.0,2026-01-05,True
925.0,POR_HORA,tarifa estándar para carro,157555.0,2026-05-17,False
908.0,POR_DIA,tarifa estándar para carro,3192.0,2026-01-15,True
85.0,POR_MES,tarifa estándar para camioneta,67493.0,2026-03-25,False
638.0,POR_DIA,tarifa estándar para carro,146489.0,2026-06-28,True
778.0,POR_HORA,tarifa estándar para carro,140945.0,2026-01-19,True
407.0,POR_DIA,tarifa estándar para moto,239955.0,2026-01-13,True
69.0,POR_DIA,tarifa estándar para moto,137023.0,2026-01-01,True
556.0,POR_MES,tarifa estándar para bicicleta,121453.0,2026-02-15,False
857.0,POR_MES,tarifa estándar para camioneta,70695.0,2026-01-01,False
109.0,POR_DIA,tarifa estándar para bicicleta,109510.0,2026-06-24,True
526.0,POR_DIA,tarifa estándar para camioneta,136708.0,2026-05-22,True
604.0,POR_MES,tarifa estándar para moto,186957.0,2026-01-10,True
512.0,POR_HORA,tarifa estándar para carro,29253.0,2026-02-07,True
699.0,POR_DIA,tarifa estándar para carro,193632.0,2026-05-27,False
244.0,POR_HORA,tarifa estándar para bicicleta,108289.0,2026-01-01,True
175.0,POR_DIA,tarifa estándar para moto,107724.0,2026-01-01,True
482.0,POR_MES,tarifa estándar para carro,33663.0,2026-06-26,True
137.0,POR_HORA,tarifa estándar para carro,43245.0,2026-02-15,False
577.0,POR_HORA,tarifa estándar para camioneta,47566.0,2026-01-02,True
868.0,POR_MES,tarifa estándar para bicicleta,82905.0,2026-01-17,False
232.0,POR_DIA,tarifa estándar para camioneta,162616.0,2026-06-26,False
399.0,POR_MES,tarifa estándar para carro,140423.0,2026-05-28,False
498.0,POR_DIA,tarifa estándar para bicicleta,129573.0,2026-01-28,True
615.0,POR_HORA,tarifa estándar para bicicleta,32053.0,2026-01-01,True
317.0,POR_DIA,tarifa estándar para moto,2593.0,2026-01-01,False
96.0,POR_MES,tarifa estándar para camioneta,133181.0,2026-01-01,False
966.0,POR_MES,tarifa estándar para bicicleta,166425.0,2026-02-01,True
308.0,POR_MES,tarifa estándar para camioneta,115288.0,2026-04-20,False
915.0,POR_HORA,tarifa estándar para carro,177785.0,2026-03-06,True
349.0,POR_HORA,tarifa estándar para carro,3721.0,2026-01-26,False
628.0,POR_HORA,tarifa estándar para camioneta,75920.0,2026-01-01,False
26.0,POR_HORA,tarifa estándar para carro,219630.0,2026-03-04,False
469.0,POR_MES,tarifa estándar para camioneta,163741.0,2026-03-10,True
737.0,POR_DIA,tarifa estándar para carro,9064.0,2026-01-01,True
999.0,POR_DIA,tarifa estándar para bicicleta,116914.0,2026-04-15,False
898.0,POR_MES,tarifa estándar para bicicleta,244574.0,2026-01-20,True
777.0,POR_DIA,tarifa estándar para carro,233142.0,2026-06-19,False
120.0,POR_DIA,tarifa estándar para moto,205832.0,2026-02-15,True
503.0,POR_HORA,tarifa estándar para moto,214726.0,2026-01-01,True
703.0,POR_DIA,tarifa estándar para carro,90511.0,2026-04-16,True
812.0,POR_HORA,tarifa estándar para carro,91286.0,2026-06-05,False
406.0,POR_MES,tarifa estándar para camioneta,246242.0,2026-01-01,True
765.0,POR_MES,tarifa estándar para bicicleta,61619.0,2026-05-21,False
890.0,POR_DIA,tarifa estándar para camioneta,61665.0,2026-01-15,True
308.0,POR_DIA,tarifa estándar para camioneta,109367.0,2026-02-21,True
671.0,POR_MES,tarifa estándar para carro,206803.0,2026-04-12,False
558.0,POR_HORA,tarifa estándar para camioneta,3046.0,2026-06-24,True
158.0,POR_DIA,tarifa estándar para camioneta,172362.0,2026-03-09,False
23.0,POR_DIA,tarifa estándar para camioneta,38725.0,2026-06-26,True
186.0,POR_HORA,tarifa estándar para camioneta,59438.0,2026-01-01,False
80.0,POR_HORA,tarifa estándar para bicicleta,228752.0,2026-03-10,False
53.0,POR_MES,tarifa estándar para bicicleta,164436.0,2026-06-21,False
452.0,POR_MES,tarifa estándar para carro,172787.0,2026-01-01,False
356.0,POR_HORA,tarifa estándar para camioneta,126519.0,2026-06-19,False
886.0,POR_HORA,tarifa estándar para camioneta,15915.0,2026-04-23,True
578.0,POR_HORA,tarifa estándar para camioneta,173855.0,2026-06-02,True
914.0,POR_HORA,tarifa estándar para bicicleta,171957.0,2026-06-22,False
897.0,POR_DIA,tarifa estándar para bicicleta,81514.0,2026-05-13,True
510.0,POR_MES,tarifa estándar para carro,52646.0,2026-02-22,False
229.0,POR_DIA,tarifa estándar para carro,104690.0,2026-02-14,True
920.0,POR_DIA,tarifa estándar para moto,113058.0,2026-01-01,True
389.0,POR_HORA,tarifa estándar para camioneta,172741.0,2026-02-24,False
193.0,POR_MES,tarifa estándar para carro,81348.0,2026-02-03,False
669.0,POR_DIA,tarifa estándar para camioneta,231241.0,2026-01-01,False
854.0,POR_MES,tarifa estándar para moto,31543.0,2026-01-01,True
425.0,POR_DIA,tarifa estándar para camioneta,38923.0,2026-04-12,False
470.0,POR_MES,tarifa estándar para camioneta,145299.0,2026-06-29,True
365.0,POR_MES,tarifa estándar para bicicleta,222078.0,2026-01-30,True
848.0,POR_HORA,tarifa estándar para moto,61814.0,2026-03-29,False
983.0,POR_DIA,tarifa estándar para carro,26991.0,2026-04-20,True
605.0,POR_MES,tarifa estándar para bicicleta,26122.0,2026-03-28,True
478.0,POR_MES,tarifa estándar para bicicleta,159955.0,2026-03-20,False
641.0,POR_DIA,tarifa estándar para camioneta,146153.0,2026-03-31,True
702.0,POR_DIA,tarifa estándar para camioneta,150779.0,2026-05-28,False
566.0,POR_MES,tarifa estándar para moto,73279.0,2026-06-09,True
265.0,POR_HORA,tarifa estándar para carro,185317.0,2026-06-10,False
613.0,POR_HORA,tarifa estándar para bicicleta,26626.0,2026-02-22,True
215.0,POR_HORA,tarifa estándar para camioneta,138867.0,2026-01-11,False
864.0,POR_HORA,tarifa estándar para bicicleta,116015.0,2026-05-22,True
398.0,POR_HORA,tarifa estándar para camioneta,80883.0,2026-02-17,False
784.0,POR_HORA,tarifa estándar para carro,178388.0,2026-03-01,True
43.0,POR_MES,tarifa estándar para camioneta,88412.0,2026-01-01,True
265.0,POR_DIA,tarifa estándar para camioneta,8598.0,2026-03-13,False
505.0,POR_MES,tarifa estándar para carro,107718.0,2026-06-28,True
249.0,POR_MES,tarifa estándar para carro,181142.0,2026-01-24,False
107.0,POR_DIA,tarifa estándar para camioneta,103689.0,2026-02-13,False
861.0,POR_DIA,tarifa estándar para camioneta,170590.0,2026-01-17,False
790.0,POR_DIA,tarifa estándar para bicicleta,190956.0,2026-01-01,True
831.0,POR_HORA,tarifa estándar para camioneta,177781.0,2026-04-28,False
374.0,POR_HORA,tarifa estándar para bicicleta,196013.0,2026-05-20,True
811.0,POR_HORA,tarifa estándar para carro,146634.0,2026-04-02,True
110.0,POR_MES,tarifa estándar para camioneta,120324.0,2026-01-24,True
514.0,POR_MES,tarifa estándar para camioneta,178686.0,2026-03-25,True
304.0,POR_MES,tarifa estándar para moto,81069.0,2026-03-23,True
627.0,POR_MES,tarifa estándar para moto,23726.0,2026-05-06,False
723.0,POR_HORA,tarifa estándar para camioneta,205263.0,2026-02-10,False
914.0,POR_HORA,tarifa estándar para bicicleta,48913.0,2026-03-21,False
501.0,POR_DIA,tarifa estándar para moto,26841.0,2026-04-04,False
634.0,POR_HORA,tarifa estándar para carro,97373.0,2026-02-15,False
898.0,POR_HORA,tarifa estándar para carro,221214.0,2026-06-14,False
63.0,POR_MES,tarifa estándar para camioneta,27917.0,2026-04-07,False
303.0,POR_HORA,tarifa estándar para moto,174160.0,2026-06-19,True
401.0,POR_HORA,tarifa estándar para carro,146911.0,2026-05-21,False
534.0,POR_HORA,tarifa estándar para camioneta,197344.0,2026-05-28,False
233.0,POR_DIA,tarifa estándar para carro,216998.0,2026-01-01,False
359.0,POR_MES,tarifa estándar para bicicleta,48337.0,2026-03-28,True
96.0,POR_HORA,tarifa estándar para carro,2049.0,2026-06-05,False
425.0,POR_MES,tarifa estándar para carro,195598.0,2026-06-26,True
549.0,POR_MES,tarifa estándar para moto,148021.0,2026-03-22,True
210.0,POR_MES,tarifa estándar para moto,42186.0,2026-05-18,False
890.0,POR_MES,tarifa estándar para bicicleta,63848.0,2026-06-18,False
146.0,POR_HORA,tarifa estándar para bicicleta,90011.0,2026-06-03,False
977.0,POR_MES,tarifa estándar para carro,202296.0,2026-03-09,False
224.0,POR_DIA,tarifa estándar para carro,229685.0,2026-01-07,False
233.0,POR_MES,tarifa estándar para bicicleta,186116.0,2026-06-21,True
910.0,POR_DIA,tarifa estándar para carro,228490.0,2026-06-04,True
964.0,POR_HORA,tarifa estándar para carro,60724.0,2026-01-10,True
3.0,POR_MES,tarifa estándar para carro,128110.0,2026-01-01,False
118.0,POR_HORA,tarifa estándar para bicicleta,136604.0,2026-03-07,True
304.0,POR_DIA,tarifa estándar para bicicleta,185986.0,2026-01-23,True
99.0,POR_HORA,tarifa estándar para carro,137348.0,2026-03-06,True
788.0,POR_DIA,tarifa estándar para moto,127308.0,2026-03-03,False
271.0,POR_HORA,tarifa estándar para bicicleta,69734.0,2026-06-23,False
519.0,POR_DIA,tarifa estándar para moto,212743.0,2026-01-01,False
618.0,POR_HORA,tarifa estándar para camioneta,225137.0,2026-04-28,False
536.0,POR_DIA,tarifa estándar para bicicleta,168083.0,2026-01-19,True
396.0,POR_MES,tarifa estándar para bicicleta,158346.0,2026-02-05,False
529.0,POR_DIA,tarifa estándar para camioneta,106778.0,2026-01-21,False
448.0,POR_HORA,tarifa estándar para camioneta,54605.0,2026-03-24,False
207.0,POR_HORA,tarifa estándar para camioneta,201984.0,2026-01-01,True
66.0,POR_HORA,tarifa estándar para camioneta,36713.0,2026-02-12,True
29.0,POR_DIA,tarifa estándar para moto,218195.0,2026-06-03,True
343.0,POR_MES,tarifa estándar para carro,123264.0,2026-01-01,False
334.0,POR_DIA,tarifa estándar para moto,142833.0,2026-04-21,True
541.0,POR_HORA,tarifa estándar para carro,16694.0,2026-01-01,True
283.0,POR_HORA,tarifa estándar para moto,128914.0,2026-03-12,True
313.0,POR_HORA,tarifa estándar para moto,45299.0,2026-04-12,False
378.0,POR_DIA,tarifa estándar para camioneta,183943.0,2026-05-09,False
731.0,POR_DIA,tarifa estándar para carro,138393.0,2026-03-26,False
693.0,POR_DIA,tarifa estándar para bicicleta,67188.0,2026-03-31,True
638.0,POR_DIA,tarifa estándar para moto,15692.0,2026-04-21,False
281.0,POR_DIA,tarifa estándar para moto,185930.0,2026-03-14,False
274.0,POR_HORA,tarifa estándar para camioneta,53123.0,2026-01-12,False
717.0,POR_MES,tarifa estándar para bicicleta,28014.0,2026-03-05,False
870.0,POR_HORA,tarifa estándar para carro,58113.0,2026-01-01,False
213.0,POR_DIA,tarifa estándar para camioneta,209123.0,2026-02-24,True
837.0,POR_MES,tarifa estándar para moto,182442.0,2026-03-03,False
393.0,POR_HORA,tarifa estándar para carro,70171.0,2026-02-09,True
589.0,POR_DIA,tarifa estándar para bicicleta,58860.0,2026-04-24,False
593.0,POR_DIA,tarifa estándar para carro,120368.0,2026-01-01,True
693.0,POR_HORA,tarifa estándar para carro,141035.0,2026-02-23,True
339.0,POR_MES,tarifa estándar para camioneta,3474.0,2026-06-09,False
665.0,POR_HORA,tarifa estándar para carro,11989.0,2026-01-01,True
223.0,POR_MES,tarifa estándar para camioneta,129557.0,2026-05-23,True
742.0,POR_HORA,tarifa estándar para camioneta,16105.0,2026-03-20,True
930.0,POR_MES,tarifa estándar para camioneta,4808.0,2026-02-13,False
289.0,POR_DIA,tarifa estándar para carro,52063.0,2026-04-04,True
433.0,POR_HORA,tarifa estándar para camioneta,46593.0,2026-04-03,True
210.0,POR_HORA,tarifa estándar para moto,169366.0,2026-01-08,False
821.0,POR_DIA,tarifa estándar para moto,21618.0,2026-03-08,True
687.0,POR_HORA,tarifa estándar para camioneta,80246.0,2026-03-16,True
239.0,POR_HORA,tarifa estándar para moto,57099.0,2026-04-25,False
523.0,POR_MES,tarifa estándar para moto,79581.0,2026-04-29,True
217.0,POR_DIA,tarifa estándar para moto,153260.0,2026-06-10,False
193.0,POR_MES,tarifa estándar para carro,95426.0,2026-06-04,False
779.0,POR_MES,tarifa estándar para carro,208062.0,2026-01-18,False
143.0,POR_MES,tarifa estándar para carro,201363.0,2026-01-01,False
823.0,POR_MES,tarifa estándar para bicicleta,234830.0,2026-04-06,True
281.0,POR_DIA,tarifa estándar para bicicleta,221984.0,2026-01-01,False
553.0,POR_MES,tarifa estándar para bicicleta,103523.0,2026-04-13,True
930.0,POR_HORA,tarifa estándar para carro,82057.0,2026-01-16,True
142.0,POR_DIA,tarifa estándar para moto,63715.0,2026-05-04,False
790.0,POR_DIA,tarifa estándar para bicicleta,132823.0,2026-04-13,False
315.0,POR_HORA,tarifa estándar para camioneta,146296.0,2026-03-25,False
296.0,POR_HORA,tarifa estándar para bicicleta,193691.0,2026-02-08,True
408.0,POR_HORA,tarifa estándar para bicicleta,123892.0,2026-05-03,False
200.0,POR_MES,tarifa estándar para camioneta,127200.0,2026-01-19,False
250.0,POR_HORA,tarifa estándar para carro,158477.0,2026-01-01,True
855.0,POR_MES,tarifa estándar para carro,108819.0,2026-05-10,False
544.0,POR_MES,tarifa estándar para moto,141963.0,2026-05-01,False
517.0,POR_HORA,tarifa estándar para moto,137413.0,2026-02-22,False
430.0,POR_DIA,tarifa estándar para moto,130450.0,2026-02-27,True
743.0,POR_MES,tarifa estándar para camioneta,175330.0,2026-01-01,True
965.0,POR_MES,tarifa estándar para camioneta,214726.0,2026-02-04,False
730.0,POR_DIA,tarifa estándar para camioneta,7974.0,2026-04-29,False
467.0,POR_HORA,tarifa estándar para carro,244331.0,2026-01-01,False
378.0,POR_HORA,tarifa estándar para bicicleta,175330.0,2026-01-01,True
518.0,POR_HORA,tarifa estándar para camioneta,210447.0,2026-03-31,True
41.0,POR_HORA,tarifa estándar para bicicleta,92211.0,2026-05-10,False
712.0,POR_DIA,tarifa estándar para carro,125547.0,2026-01-27,True
242.0,POR_MES,tarifa estándar para camioneta,101672.0,2026-05-21,False
649.0,POR_HORA,tarifa estándar para carro,159945.0,2026-01-01,False
7.0,POR_MES,tarifa estándar para moto,240913.0,2026-03-10,True
663.0,POR_HORA,tarifa estándar para bicicleta,71266.0,2026-06-20,True
907.0,POR_DIA,tarifa estándar para camioneta,111390.0,2026-01-01,False
837.0,POR_DIA,tarifa estándar para carro,185709.0,2026-01-01,False
805.0,POR_MES,tarifa estándar para bicicleta,126047.0,2026-01-17,False
659.0,POR_DIA,tarifa estándar para carro,26661.0,2026-06-15,True
609.0,POR_DIA,tarifa estándar para moto,213718.0,2026-02-14,False
856.0,POR_MES,tarifa estándar para bicicleta,243449.0,2026-02-10,False
343.0,POR_MES,tarifa estándar para carro,219819.0,2026-03-21,True
623.0,POR_MES,tarifa estándar para moto,101852.0,2026-06-09,False
479.0,POR_HORA,tarifa estándar para moto,86623.0,2026-01-11,True
642.0,POR_DIA,tarifa estándar para bicicleta,45418.0,2026-01-01,False
14.0,POR_MES,tarifa estándar para bicicleta,178890.0,2026-02-03,True
259.0,POR_MES,tarifa estándar para camioneta,18180.0,2026-01-29,False
755.0,POR_MES,tarifa estándar para camioneta,5972.0,2026-05-29,True
254.0,POR_DIA,tarifa estándar para bicicleta,97399.0,2026-01-01,True
550.0,POR_DIA,tarifa estándar para moto,229693.0,2026-01-03,False
315.0,POR_DIA,tarifa estándar para moto,193376.0,2026-01-01,True
866.0,POR_HORA,tarifa estándar para camioneta,91386.0,2026-05-05,False
305.0,POR_DIA,tarifa estándar para carro,80720.0,2026-01-01,False
449.0,POR_MES,tarifa estándar para carro,55777.0,2026-04-07,False
231.0,POR_MES,tarifa estándar para moto,46630.0,2026-03-13,False
559.0,POR_HORA,tarifa estándar para camioneta,182506.0,2026-01-31,False
110.0,POR_HORA,tarifa estándar para bicicleta,166973.0,2026-01-01,True
634.0,POR_DIA,tarifa estándar para bicicleta,245504.0,2026-01-01,True
314.0,POR_MES,tarifa estándar para bicicleta,153522.0,2026-04-06,True
677.0,POR_MES,tarifa estándar para carro,172266.0,2026-04-20,True
660.0,POR_MES,tarifa estándar para moto,50993.0,2026-01-02,True
810.0,POR_DIA,tarifa estándar para camioneta,69003.0,2026-06-23,True
578.0,POR_HORA,tarifa estándar para carro,45614.0,2026-03-17,True
540.0,POR_MES,tarifa estándar para camioneta,187002.0,2026-01-15,False
751.0,POR_DIA,tarifa estándar para carro,152825.0,2026-04-18,True
405.0,POR_MES,tarifa estándar para moto,25415.0,2026-04-12,True
442.0,POR_DIA,tarifa estándar para carro,55988.0,2026-06-25,False
37.0,POR_HORA,tarifa estándar para moto,22626.0,2026-03-23,False
694.0,POR_DIA,tarifa estándar para moto,58802.0,2026-02-07,True
973.0,POR_DIA,tarifa estándar para moto,222226.0,2026-01-02,True
542.0,POR_MES,tarifa estándar para bicicleta,78796.0,2026-01-01,False
454.0,POR_HORA,tarifa estándar para moto,22825.0,2026-06-28,True
124.0,POR_DIA,tarifa estándar para camioneta,50553.0,2026-01-01,False
949.0,POR_MES,tarifa estándar para carro,64993.0,2026-06-05,False
459.0,POR_MES,tarifa estándar para camioneta,52498.0,2026-04-25,False
419.0,POR_MES,tarifa estándar para carro,226633.0,2026-03-25,True
253.0,POR_MES,tarifa estándar para carro,218333.0,2026-03-25,True
627.0,POR_MES,tarifa estándar para camioneta,107504.0,2026-01-23,False
887.0,POR_MES,tarifa estándar para camioneta,187957.0,2026-03-03,True
358.0,POR_MES,tarifa estándar para moto,179997.0,2026-06-17,True
964.0,POR_MES,tarifa estándar para moto,12837.0,2026-01-14,True
599.0,POR_DIA,tarifa estándar para camioneta,9128.0,2026-01-11,False
431.0,POR_DIA,tarifa estándar para carro,186207.0,2026-06-26,False
324.0,POR_MES,tarifa estándar para carro,22871.0,2026-01-01,False
529.0,POR_HORA,tarifa estándar para bicicleta,130833.0,2026-06-06,False
219.0,POR_MES,tarifa estándar para carro,91641.0,2026-01-01,False
141.0,POR_MES,tarifa estándar para camioneta,35751.0,2026-01-01,True
918.0,POR_DIA,tarifa estándar para moto,51250.0,2026-04-16,True
294.0,POR_MES,tarifa estándar para moto,107887.0,2026-04-18,True
120.0,POR_MES,tarifa estándar para moto,112803.0,2026-06-03,False
615.0,POR_HORA,tarifa estándar para camioneta,103542.0,2026-01-28,True
946.0,POR_DIA,tarifa estándar para carro,238523.0,2026-02-23,True
58.0,POR_HORA,tarifa estándar para carro,129594.0,2026-04-23,False
748.0,POR_DIA,tarifa estándar para moto,85645.0,2026-06-11,True
454.0,POR_DIA,tarifa estándar para camioneta,99881.0,2026-03-18,False
349.0,POR_HORA,tarifa estándar para moto,101739.0,2026-04-18,False
876.0,POR_HORA,tarifa estándar para camioneta,21638.0,2026-04-24,True
974.0,POR_HORA,tarifa estándar para moto,96758.0,2026-02-17,False
454.0,POR_MES,tarifa estándar para camioneta,40467.0,2026-01-01,False
967.0,POR_MES,tarifa estándar para moto,62921.0,2026-01-01,False
50.0,POR_MES,tarifa estándar para bicicleta,79727.0,2026-01-22,True
951.0,POR_DIA,tarifa estándar para bicicleta,84826.0,2026-03-20,False
446.0,POR_HORA,tarifa estándar para moto,134946.0,2026-01-01,True
32.0,POR_HORA,tarifa estándar para moto,202243.0,2026-01-01,True
616.0,POR_DIA,tarifa estándar para bicicleta,158289.0,2026-01-01,False
96.0,POR_HORA,tarifa estándar para carro,207346.0,2026-01-01,True
72.0,POR_MES,tarifa estándar para camioneta,41695.0,2026-06-08,True
311.0,POR_DIA,tarifa estándar para carro,166141.0,2026-05-17,True
971.0,POR_MES,tarifa estándar para moto,213512.0,2026-04-04,False
756.0,POR_MES,tarifa estándar para bicicleta,141459.0,2026-03-28,True
355.0,POR_MES,tarifa estándar para camioneta,64239.0,2026-01-01,True
68.0,POR_MES,tarifa estándar para carro,239756.0,2026-06-17,True
681.0,POR_DIA,tarifa estándar para bicicleta,128647.0,2026-01-01,False
949.0,POR_HORA,tarifa estándar para moto,43422.0,2026-02-26,True
229.0,POR_MES,tarifa estándar para carro,106132.0,2026-01-01,False
392.0,POR_MES,tarifa estándar para carro,148038.0,2026-01-08,False
780.0,POR_HORA,tarifa estándar para camioneta,207043.0,2026-06-05,True
937.0,POR_DIA,tarifa estándar para moto,134422.0,2026-01-01,True
176.0,POR_DIA,tarifa estándar para bicicleta,15288.0,2026-06-01,False
982.0,POR_MES,tarifa estándar para carro,171152.0,2026-01-01,True
780.0,POR_MES,tarifa estándar para camioneta,229771.0,2026-03-13,False
958.0,POR_HORA,tarifa estándar para carro,42512.0,2026-05-08,False
395.0,POR_DIA,tarifa estándar para moto,154135.0,2026-05-21,True
515.0,POR_HORA,tarifa estándar para camioneta,29236.0,2026-01-01,False
405.0,POR_DIA,tarifa estándar para carro,4683.0,2026-01-29,False
727.0,POR_MES,tarifa estándar para bicicleta,65624.0,2026-04-22,True
131.0,POR_DIA,tarifa estándar para camioneta,210907.0,2026-05-21,True
404.0,POR_MES,tarifa estándar para carro,97723.0,2026-05-15,False
95.0,POR_DIA,tarifa estándar para carro,76598.0,2026-05-21,False
552.0,POR_MES,tarifa estándar para camioneta,235353.0,2026-02-25,False
162.0,POR_HORA,tarifa estándar para moto,157577.0,2026-01-01,True
779.0,POR_MES,tarifa estándar para moto,147540.0,2026-01-01,False
886.0,POR_MES,tarifa estándar para camioneta,127555.0,2026-04-15,True
869.0,POR_DIA,tarifa estándar para camioneta,27430.0,2026-01-01,False
254.0,POR_DIA,tarifa estándar para carro,185235.0,2026-01-01,False
337.0,POR_MES,tarifa estándar para carro,61461.0,2026-05-02,False
515.0,POR_MES,tarifa estándar para camioneta,29175.0,2026-01-18,False
545.0,POR_MES,tarifa estándar para camioneta,14715.0,2026-05-13,True
353.0,POR_HORA,tarifa estándar para bicicleta,242548.0,2026-02-27,False
715.0,POR_DIA,tarifa estándar para bicicleta,157520.0,2026-03-02,True
724.0,POR_MES,tarifa estándar para camioneta,27548.0,2026-02-15,True
520.0,POR_HORA,tarifa estándar para moto,216029.0,2026-05-09,True
96.0,POR_MES,tarifa estándar para bicicleta,118677.0,2026-02-23,False
985.0,POR_MES,tarifa estándar para moto,193391.0,2026-04-01,False
503.0,POR_MES,tarifa estándar para bicicleta,26265.0,2026-03-22,True
913.0,POR_HORA,tarifa estándar para bicicleta,28500.0,2026-02-03,False
58.0,POR_MES,tarifa estándar para camioneta,214144.0,2026-01-19,False
427.0,POR_DIA,tarifa estándar para moto,33825.0,2026-01-15,True
993.0,POR_HORA,tarifa estándar para bicicleta,110636.0,2026-02-11,True
687.0,POR_DIA,tarifa estándar para camioneta,55416.0,2026-01-01,True
68.0,POR_HORA,tarifa estándar para bicicleta,71561.0,2026-05-11,False
726.0,POR_HORA,tarifa estándar para bicicleta,235542.0,2026-01-03,False
887.0,POR_MES,tarifa estándar para bicicleta,214769.0,2026-01-03,False
667.0,POR_HORA,tarifa estándar para bicicleta,33568.0,2026-03-13,False
156.0,POR_DIA,tarifa estándar para moto,209267.0,2026-03-10,True
868.0,POR_MES,tarifa estándar para bicicleta,14224.0,2026-01-01,False
605.0,POR_DIA,tarifa estándar para moto,77133.0,2026-06-25,False
195.0,POR_DIA,tarifa estándar para carro,176312.0,2026-01-01,True
945.0,POR_MES,tarifa estándar para camioneta,85986.0,2026-06-06,True
263.0,POR_MES,tarifa estándar para moto,114948.0,2026-06-04,False
147.0,POR_MES,tarifa estándar para camioneta,83611.0,2026-06-27,False
528.0,POR_MES,tarifa estándar para carro,3706.0,2026-01-25,False
820.0,POR_DIA,tarifa estándar para bicicleta,199950.0,2026-01-01,False
278.0,POR_HORA,tarifa estándar para carro,221553.0,2026-01-25,False
150.0,POR_HORA,tarifa estándar para carro,60434.0,2026-05-01,True
594.0,POR_HORA,tarifa estándar para carro,133669.0,2026-04-22,False
242.0,POR_MES,tarifa estándar para moto,160392.0,2026-03-12,True
850.0,POR_DIA,tarifa estándar para carro,85141.0,2026-01-01,True
482.0,POR_DIA,tarifa estándar para carro,136079.0,2026-01-01,False
37.0,POR_MES,tarifa estándar para bicicleta,107425.0,2026-01-01,False
948.0,POR_HORA,tarifa estándar para bicicleta,182731.0,2026-02-08,False
381.0,POR_DIA,tarifa estándar para bicicleta,10160.0,2026-01-28,False
979.0,POR_DIA,tarifa estándar para camioneta,74490.0,2026-03-02,False
304.0,POR_HORA,tarifa estándar para bicicleta,149474.0,2026-01-14,False
619.0,POR_DIA,tarifa estándar para moto,56819.0,2026-01-01,False
206.0,POR_HORA,tarifa estándar para moto,144407.0,2026-03-26,True
136.0,POR_MES,tarifa estándar para camioneta,235324.0,2026-01-01,False
585.0,POR_MES,tarifa estándar para carro,195235.0,2026-05-03,True
448.0,POR_MES,tarifa estándar para camioneta,125584.0,2026-04-08,True
633.0,POR_HORA,tarifa estándar para moto,233908.0,2026-02-12,False
310.0,POR_MES,tarifa estándar para camioneta,242868.0,2026-06-29,True
352.0,POR_HORA,tarifa estándar para moto,208243.0,2026-03-23,True
237.0,POR_HORA,tarifa estándar para bicicleta,169800.0,2026-01-01,False
384.0,POR_MES,tarifa estándar para carro,41707.0,2026-02-08,False
129.0,POR_HORA,tarifa estándar para moto,45007.0,2026-03-03,True
143.0,POR_MES,tarifa estándar para moto,204576.0,2026-02-24,False
302.0,POR_DIA,tarifa estándar para moto,219104.0,2026-01-01,False
819.0,POR_DIA,tarifa estándar para camioneta,26965.0,2026-01-01,False
440.0,POR_MES,tarifa estándar para moto,140778.0,2026-01-01,False
940.0,POR_MES,tarifa estándar para moto,63912.0,2026-06-12,True
845.0,POR_MES,tarifa estándar para camioneta,190371.0,2026-04-04,False
545.0,POR_HORA,tarifa estándar para camioneta,56348.0,2026-01-01,True
178.0,POR_DIA,tarifa estándar para bicicleta,89061.0,2026-01-09,False
34.0,POR_MES,tarifa estándar para camioneta,241668.0,2026-01-01,True
488.0,POR_HORA,tarifa estándar para carro,114476.0,2026-01-01,False
261.0,POR_DIA,tarifa estándar para moto,210134.0,2026-01-03,False
500.0,POR_DIA,tarifa estándar para bicicleta,11037.0,2026-03-28,False
156.0,POR_HORA,tarifa estándar para moto,78187.0,2026-02-21,True
444.0,POR_DIA,tarifa estándar para moto,58800.0,2026-01-01,True
902.0,POR_DIA,tarifa estándar para bicicleta,148682.0,2026-01-01,True
598.0,POR_MES,tarifa estándar para camioneta,94129.0,2026-05-20,True
292.0,POR_HORA,tarifa estándar para bicicleta,192453.0,2026-04-20,False
462.0,POR_HORA,tarifa estándar para bicicleta,115081.0,2026-04-25,True
918.0,POR_HORA,tarifa estándar para carro,71825.0,2026-01-01,False
107.0,POR_DIA,tarifa estándar para camioneta,241897.0,2026-04-16,False
266.0,POR_DIA,tarifa estándar para camioneta,3067.0,2026-03-22,False
296.0,POR_MES,tarifa estándar para bicicleta,51470.0,2026-03-10,False
313.0,POR_DIA,tarifa estándar para camioneta,162995.0,2026-03-07,False
774.0,POR_DIA,tarifa estándar para camioneta,112068.0,2026-01-28,False
669.0,POR_MES,tarifa estándar para camioneta,201353.0,2026-01-01,False
309.0,POR_DIA,tarifa estándar para bicicleta,168154.0,2026-01-01,True
931.0,POR_DIA,tarifa estándar para bicicleta,17994.0,2026-06-02,True
388.0,POR_HORA,tarifa estándar para camioneta,154494.0,2026-04-19,False
879.0,POR_HORA,tarifa estándar para camioneta,211364.0,2026-03-01,False
627.0,POR_DIA,tarifa estándar para carro,115301.0,2026-02-16,False
525.0,POR_MES,tarifa estándar para moto,157467.0,2026-05-28,False
351.0,POR_HORA,tarifa estándar para camioneta,79724.0,2026-02-08,False
115.0,POR_HORA,tarifa estándar para bicicleta,76402.0,2026-05-01,False
556.0,POR_MES,tarifa estándar para bicicleta,49493.0,2026-01-01,True
372.0,POR_DIA,tarifa estándar para camioneta,93450.0,2026-05-16,True
305.0,POR_DIA,tarifa estándar para camioneta,14284.0,2026-01-01,True
270.0,POR_HORA,tarifa estándar para bicicleta,64244.0,2026-06-08,False
497.0,POR_HORA,tarifa estándar para carro,24544.0,2026-01-01,True
723.0,POR_HORA,tarifa estándar para bicicleta,141959.0,2026-01-01,True
738.0,POR_MES,tarifa estándar para carro,207113.0,2026-03-01,True
624.0,POR_HORA,tarifa estándar para moto,171021.0,2026-05-03,True
200.0,POR_MES,tarifa estándar para moto,95340.0,2026-01-01,True
109.0,POR_MES,tarifa estándar para moto,176473.0,2026-05-09,False
263.0,POR_DIA,tarifa estándar para bicicleta,110328.0,2026-01-20,False
714.0,POR_HORA,tarifa estándar para camioneta,173332.0,2026-06-19,False
258.0,POR_DIA,tarifa estándar para bicicleta,71029.0,2026-01-01,False
871.0,POR_DIA,tarifa estándar para carro,14708.0,2026-01-07,True
142.0,POR_DIA,tarifa estándar para moto,61054.0,2026-04-10,False
981.0,POR_HORA,tarifa estándar para carro,101360.0,2026-03-22,True
957.0,POR_MES,tarifa estándar para moto,11310.0,2026-05-24,True
508.0,POR_MES,tarifa estándar para moto,35411.0,2026-06-03,False
416.0,POR_HORA,tarifa estándar para moto,49888.0,2026-01-01,True
385.0,POR_HORA,tarifa estándar para carro,44641.0,2026-02-25,True
774.0,POR_DIA,tarifa estándar para bicicleta,176145.0,2026-03-18,True
900.0,POR_HORA,tarifa estándar para bicicleta,73864.0,2026-03-12,False
144.0,POR_HORA,tarifa estándar para camioneta,229621.0,2026-03-01,False
768.0,POR_MES,tarifa estándar para moto,244781.0,2026-03-07,True
316.0,POR_DIA,tarifa estándar para bicicleta,112709.0,2026-02-09,True
594.0,POR_HORA,tarifa estándar para bicicleta,209634.0,2026-03-18,False
826.0,POR_DIA,tarifa estándar para bicicleta,135571.0,2026-01-14,False
997.0,POR_HORA,tarifa estándar para bicicleta,156772.0,2026-01-01,True
847.0,POR_DIA,tarifa estándar para camioneta,211250.0,2026-01-12,False
576.0,POR_MES,tarifa estándar para carro,80124.0,2026-04-16,True
868.0,POR_HORA,tarifa estándar para camioneta,219418.0,2026-03-27,False
790.0,POR_MES,tarifa estándar para bicicleta,186841.0,2026-04-13,False
834.0,POR_HORA,tarifa estándar para moto,63452.0,2026-01-17,False
179.0,POR_HORA,tarifa estándar para carro,121560.0,2026-01-01,False
719.0,POR_MES,tarifa estándar para moto,87189.0,2026-06-01,True
849.0,POR_HORA,tarifa estándar para camioneta,173721.0,2026-04-06,True
996.0,POR_DIA,tarifa estándar para bicicleta,111991.0,2026-06-01,True
347.0,POR_MES,tarifa estándar para camioneta,242580.0,2026-04-13,False
11.0,POR_DIA,tarifa estándar para bicicleta,145914.0,2026-05-12,False
605.0,POR_HORA,tarifa estándar para moto,156530.0,2026-05-21,True
740.0,POR_HORA,tarifa estándar para camioneta,30082.0,2026-01-01,True
683.0,POR_MES,tarifa estándar para bicicleta,56869.0,2026-06-27,False
192.0,POR_MES,tarifa estándar para camioneta,170246.0,2026-02-26,True
919.0,POR_HORA,tarifa estándar para carro,208913.0,2026-01-01,True
567.0,POR_MES,tarifa estándar para carro,228314.0,2026-01-27,True
759.0,POR_MES,tarifa estándar para bicicleta,10211.0,2026-06-18,False
759.0,POR_MES,tarifa estándar para moto,220901.0,2026-05-03,False
163.0,POR_DIA,tarifa estándar para bicicleta,239287.0,2026-02-17,False
147.0,POR_DIA,tarifa estándar para moto,218151.0,2026-01-01,True
406.0,POR_HORA,tarifa estándar para moto,102537.0,2026-06-15,True
22.0,POR_HORA,tarifa estándar para moto,102815.0,2026-01-12,False
568.0,POR_DIA,tarifa estándar para moto,75854.0,2026-01-19,True
24.0,POR_DIA,tarifa estándar para carro,38995.0,2026-05-04,True
682.0,POR_MES,tarifa estándar para camioneta,119992.0,2026-01-17,False
917.0,POR_HORA,tarifa estándar para camioneta,135881.0,2026-04-19,False
765.0,POR_MES,tarifa estándar para carro,66151.0,2026-03-24,True
147.0,POR_HORA,tarifa estándar para camioneta,201551.0,2026-01-01,False
101.0,POR_MES,tarifa estándar para carro,165160.0,2026-03-01,True
404.0,POR_MES,tarifa estándar para bicicleta,112076.0,2026-03-23,True
531.0,POR_DIA,tarifa estándar para moto,138404.0,2026-05-14,True
424.0,POR_MES,tarifa estándar para bicicleta,190626.0,2026-05-23,False
147.0,POR_MES,tarifa estándar para camioneta,160219.0,2026-03-05,False
836.0,POR_HORA,tarifa estándar para carro,73427.0,2026-03-15,False
645.0,POR_DIA,tarifa estándar para moto,241041.0,2026-04-09,False
463.0,POR_HORA,tarifa estándar para bicicleta,56888.0,2026-03-27,True
298.0,POR_DIA,tarifa estándar para moto,52805.0,2026-02-19,True
629.0,POR_MES,tarifa estándar para bicicleta,225990.0,2026-01-01,True
224.0,POR_DIA,tarifa estándar para bicicleta,108442.0,2026-06-29,False
110.0,POR_HORA,tarifa estándar para camioneta,54129.0,2026-01-01,True
582.0,POR_HORA,tarifa estándar para carro,37006.0,2026-01-01,True
448.0,POR_MES,tarifa estándar para bicicleta,166935.0,2026-03-17,True
567.0,POR_DIA,tarifa estándar para camioneta,141952.0,2026-02-04,False
643.0,POR_MES,tarifa estándar para carro,16359.0,2026-01-01,False
236.0,POR_MES,tarifa estándar para carro,104376.0,2026-03-14,False
639.0,POR_MES,tarifa estándar para camioneta,208627.0,2026-04-13,False
488.0,POR_MES,tarifa estándar para bicicleta,180927.0,2026-01-29,True
777.0,POR_MES,tarifa estándar para camioneta,179611.0,2026-05-13,False
637.0,POR_MES,tarifa estándar para carro,163256.0,2026-06-15,False
255.0,POR_DIA,tarifa estándar para moto,239986.0,2026-04-02,False
158.0,POR_DIA,tarifa estándar para carro,36277.0,2026-02-28,False
568.0,POR_DIA,tarifa estándar para camioneta,93077.0,2026-01-01,True
642.0,POR_MES,tarifa estándar para camioneta,20938.0,2026-01-01,True
742.0,POR_HORA,tarifa estándar para carro,104474.0,2026-01-01,True
926.0,POR_DIA,tarifa estándar para moto,230204.0,2026-01-01,False
75.0,POR_DIA,tarifa estándar para bicicleta,220811.0,2026-06-05,False
734.0,POR_HORA,tarifa estándar para camioneta,241692.0,2026-04-17,False
422.0,POR_HORA,tarifa estándar para bicicleta,225661.0,2026-03-09,False
191.0,POR_MES,tarifa estándar para bicicleta,148421.0,2026-02-15,True
893.0,POR_DIA,tarifa estándar para moto,26260.0,2026-02-28,True
817.0,POR_MES,tarifa estándar para moto,183432.0,2026-01-11,True
685.0,POR_HORA,tarifa estándar para camioneta,145297.0,2026-03-22,True
623.0,POR_MES,tarifa estándar para carro,49804.0,2026-03-01,True
618.0,POR_HORA,tarifa estándar para carro,6025.0,2026-06-28,False
373.0,POR_MES,tarifa estándar para moto,210020.0,2026-02-25,False
51.0,POR_MES,tarifa estándar para carro,40624.0,2026-03-13,True
163.0,POR_DIA,tarifa estándar para moto,135578.0,2026-01-01,True
499.0,POR_DIA,tarifa estándar para bicicleta,219424.0,2026-03-30,True
86.0,POR_DIA,tarifa estándar para camioneta,240371.0,2026-04-02,False
115.0,POR_MES,tarifa estándar para bicicleta,70511.0,2026-02-12,True
189.0,POR_MES,tarifa estándar para camioneta,99124.0,2026-01-01,True
420.0,POR_MES,tarifa estándar para camioneta,73855.0,2026-02-10,False
878.0,POR_MES,tarifa estándar para carro,223949.0,2026-05-15,False
254.0,POR_DIA,tarifa estándar para carro,206859.0,2026-05-17,False
615.0,POR_DIA,tarifa estándar para carro,101019.0,2026-02-23,True
922.0,POR_MES,tarifa estándar para camioneta,231906.0,2026-02-23,True
549.0,POR_HORA,tarifa estándar para bicicleta,82699.0,2026-01-04,True
800.0,POR_HORA,tarifa estándar para bicicleta,66212.0,2026-01-01,True
658.0,POR_MES,tarifa estándar para carro,79926.0,2026-02-04,True
873.0,POR_HORA,tarifa estándar para bicicleta,45733.0,2026-01-01,True
29.0,POR_MES,tarifa estándar para carro,229726.0,2026-05-01,False
149.0,POR_HORA,tarifa estándar para carro,91680.0,2026-01-01,False
513.0,POR_MES,tarifa estándar para moto,180226.0,2026-05-28,True
864.0,POR_DIA,tarifa estándar para carro,193476.0,2026-04-08,False
913.0,POR_HORA,tarifa estándar para carro,219719.0,2026-02-02,False
105.0,POR_MES,tarifa estándar para moto,161687.0,2026-01-01,False
950.0,POR_DIA,tarifa estándar para moto,167932.0,2026-04-21,False
573.0,POR_MES,tarifa estándar para moto,213692.0,2026-06-27,True
911.0,POR_HORA,tarifa estándar para moto,120861.0,2026-01-01,True
433.0,POR_HORA,tarifa estándar para carro,162247.0,2026-03-22,False
670.0,POR_MES,tarifa estándar para bicicleta,184407.0,2026-05-14,True
264.0,POR_HORA,tarifa estándar para moto,14222.0,2026-01-01,False
33.0,POR_MES,tarifa estándar para moto,101540.0,2026-05-30,True
105.0,POR_MES,tarifa estándar para carro,150867.0,2026-06-30,False
227.0,POR_HORA,tarifa estándar para bicicleta,95293.0,2026-02-22,True
506.0,POR_DIA,tarifa estándar para carro,177302.0,2026-01-05,False
541.0,POR_MES,tarifa estándar para carro,206166.0,2026-05-02,True
799.0,POR_MES,tarifa estándar para carro,224846.0,2026-06-10,False
357.0,POR_MES,tarifa estándar para camioneta,155028.0,2026-05-10,False
469.0,POR_HORA,tarifa estándar para moto,146383.0,2026-02-14,True
100.0,POR_DIA,tarifa estándar para bicicleta,239674.0,2026-04-13,True
386.0,POR_DIA,tarifa estándar para bicicleta,147964.0,2026-01-30,False
892.0,POR_HORA,tarifa estándar para moto,205593.0,2026-04-04,True
600.0,POR_HORA,tarifa estándar para camioneta,168776.0,2026-01-01,True
160.0,POR_HORA,tarifa estándar para moto,31563.0,2026-05-13,False
845.0,POR_DIA,tarifa estándar para bicicleta,68111.0,2026-04-29,False
666.0,POR_MES,tarifa estándar para camioneta,184072.0,2026-04-28,False
507.0,POR_HORA,tarifa estándar para carro,151659.0,2026-06-06,True
334.0,POR_HORA,tarifa estándar para moto,163212.0,2026-01-01,False
22.0,POR_DIA,tarifa estándar para bicicleta,45666.0,2026-01-01,False
510.0,POR_HORA,tarifa estándar para camioneta,190902.0,2026-03-04,True
639.0,POR_DIA,tarifa estándar para camioneta,200313.0,2026-01-01,False
674.0,POR_MES,tarifa estándar para bicicleta,109015.0,2026-01-29,False
43.0,POR_MES,tarifa estándar para bicicleta,60126.0,2026-05-11,False
763.0,POR_HORA,tarifa estándar para moto,202951.0,2026-05-22,False
244.0,POR_HORA,tarifa estándar para moto,81219.0,2026-01-12,True
3.0,POR_DIA,tarifa estándar para carro,30462.0,2026-01-01,False
750.0,POR_DIA,tarifa estándar para carro,37649.0,2026-01-01,True
132.0,POR_HORA,tarifa estándar para moto,207395.0,2026-02-25,True
596.0,POR_DIA,tarifa estándar para carro,172958.0,2026-02-06,True
556.0,POR_DIA,tarifa estándar para carro,43642.0,2026-01-01,False
571.0,POR_DIA,tarifa estándar para carro,171290.0,2026-05-19,True
6.0,POR_DIA,tarifa estándar para carro,101282.0,2026-02-24,False
893.0,POR_DIA,tarifa estándar para camioneta,245280.0,2026-01-01,False
857.0,POR_MES,tarifa estándar para carro,229165.0,2026-01-01,False
533.0,POR_HORA,tarifa estándar para bicicleta,182786.0,2026-03-29,True
618.0,POR_HORA,tarifa estándar para bicicleta,66120.0,2026-04-29,False
265.0,POR_HORA,tarifa estándar para moto,91254.0,2026-02-12,False
37.0,POR_HORA,tarifa estándar para carro,177663.0,2026-05-02,True
581.0,POR_MES,tarifa estándar para moto,186044.0,2026-01-17,True
886.0,POR_HORA,tarifa estándar para bicicleta,208966.0,2026-04-05,False
43.0,POR_MES,tarifa estándar para camioneta,157225.0,2026-06-18,True
329.0,POR_MES,tarifa estándar para moto,169651.0,2026-05-01,False
238.0,POR_DIA,tarifa estándar para camioneta,8759.0,2026-01-01,True
22.0,POR_HORA,tarifa estándar para carro,73818.0,2026-01-18,False
68.0,POR_MES,tarifa estándar para carro,37882.0,2026-01-01,True
68.0,POR_MES,tarifa estándar para camioneta,23555.0,2026-05-15,True
316.0,POR_DIA,tarifa estándar para moto,192487.0,2026-01-01,True
576.0,POR_HORA,tarifa estándar para moto,52217.0,2026-04-21,False
690.0,POR_HORA,tarifa estándar para carro,90334.0,2026-05-03,False
420.0,POR_HORA,tarifa estándar para camioneta,66801.0,2026-05-20,False
625.0,POR_MES,tarifa estándar para bicicleta,121840.0,2026-01-01,False
390.0,POR_MES,tarifa estándar para carro,220481.0,2026-03-11,False
806.0,POR_MES,tarifa estándar para moto,225989.0,2026-01-01,False
428.0,POR_HORA,tarifa estándar para camioneta,174231.0,2026-04-05,True
748.0,POR_HORA,tarifa estándar para camioneta,165474.0,2026-04-28,True
540.0,POR_DIA,tarifa estándar para moto,141133.0,2026-05-07,True
677.0,POR_DIA,tarifa estándar para moto,157861.0,2026-04-16,True
361.0,POR_MES,tarifa estándar para camioneta,196596.0,2026-05-09,True
468.0,POR_HORA,tarifa estándar para moto,58838.0,2026-06-08,False
96.0,POR_MES,tarifa estándar para bicicleta,157238.0,2026-01-01,False
9.0,POR_DIA,tarifa estándar para moto,120332.0,2026-04-02,False
217.0,POR_HORA,tarifa estándar para carro,183619.0,2026-05-25,True
541.0,POR_MES,tarifa estándar para bicicleta,96597.0,2026-01-26,True
985.0,POR_DIA,tarifa estándar para camioneta,242857.0,2026-02-15,False
939.0,POR_HORA,tarifa estándar para camioneta,203059.0,2026-03-13,True
37.0,POR_HORA,tarifa estándar para moto,233270.0,2026-01-01,True
58.0,POR_HORA,tarifa estándar para bicicleta,226536.0,2026-02-04,True
137.0,POR_DIA,tarifa estándar para moto,158853.0,2026-06-30,False
522.0,POR_HORA,tarifa estándar para carro,98573.0,2026-06-25,False
740.0,POR_DIA,tarifa estándar para camioneta,180150.0,2026-05-09,True
533.0,POR_MES,tarifa estándar para bicicleta,20726.0,2026-03-10,False
719.0,POR_HORA,tarifa estándar para bicicleta,29740.0,2026-05-18,True
603.0,POR_DIA,tarifa estándar para carro,166989.0,2026-04-14,False
929.0,POR_DIA,tarifa estándar para camioneta,92940.0,2026-06-25,False
466.0,POR_DIA,tarifa estándar para moto,122002.0,2026-05-05,True
341.0,POR_MES,tarifa estándar para camioneta,127251.0,2026-01-01,False
837.0,POR_DIA,tarifa estándar para moto,244550.0,2026-06-18,True
909.0,POR_DIA,tarifa estándar para moto,54134.0,2026-03-20,True
8.0,POR_MES,tarifa estándar para moto,163101.0,2026-03-13,False
89.0,POR_MES,tarifa estándar para carro,67444.0,2026-01-15,True
167.0,POR_DIA,tarifa estándar para moto,227008.0,2026-05-01,True
214.0,POR_MES,tarifa estándar para camioneta,228607.0,2026-01-01,True
431.0,POR_HORA,tarifa estándar para bicicleta,61783.0,2026-02-25,False
448.0,POR_HORA,tarifa estándar para carro,85509.0,2026-04-21,True
429.0,POR_HORA,tarifa estándar para carro,170627.0,2026-04-27,False
932.0,POR_MES,tarifa estándar para carro,180660.0,2026-03-15,True
421.0,POR_HORA,tarifa estándar para carro,238249.0,2026-04-24,False
345.0,POR_MES,tarifa estándar para camioneta,45655.0,2026-06-19,True
243.0,POR_MES,tarifa estándar para carro,184329.0,2026-04-08,False
553.0,POR_HORA,tarifa estándar para bicicleta,52190.0,2026-06-23,False
714.0,POR_HORA,tarifa estándar para moto,45656.0,2026-03-18,False
237.0,POR_DIA,tarifa estándar para carro,24629.0,2026-03-19,True
901.0,POR_HORA,tarifa estándar para camioneta,176482.0,2026-06-03,False
528.0,POR_HORA,tarifa estándar para moto,210706.0,2026-01-01,True
904.0,POR_MES,tarifa estándar para bicicleta,154999.0,2026-05-12,False
682.0,POR_DIA,tarifa estándar para camioneta,83266.0,2026-01-02,False
665.0,POR_HORA,tarifa estándar para camioneta,154200.0,2026-05-14,False
998.0,POR_MES,tarifa estándar para moto,89345.0,2026-06-14,True
828.0,POR_DIA,tarifa estándar para carro,73386.0,2026-03-16,False
171.0,POR_DIA,tarifa estándar para bicicleta,6502.0,2026-03-28,False
146.0,POR_HORA,tarifa estándar para camioneta,181995.0,2026-03-05,True
213.0,POR_MES,tarifa estándar para bicicleta,222976.0,2026-01-26,False
284.0,POR_HORA,tarifa estándar para carro,42806.0,2026-05-22,False
385.0,POR_DIA,tarifa estándar para bicicleta,77799.0,2026-06-03,True
912.0,POR_DIA,tarifa estándar para camioneta,181956.0,2026-01-01,True
68.0,POR_MES,tarifa estándar para bicicleta,135196.0,2026-05-13,True
339.0,POR_HORA,tarifa estándar para camioneta,149114.0,2026-01-01,True
708.0,POR_MES,tarifa estándar para carro,17359.0,2026-06-20,True
19.0,POR_MES,tarifa estándar para moto,161001.0,2026-05-27,False
283.0,POR_MES,tarifa estándar para camioneta,149986.0,2026-01-01,True
785.0,POR_MES,tarifa estándar para carro,116891.0,2026-01-01,True
685.0,POR_MES,tarifa estándar para carro,52791.0,2026-06-12,True
305.0,POR_MES,tarifa estándar para moto,58932.0,2026-03-08,False
709.0,POR_DIA,tarifa estándar para moto,160306.0,2026-01-22,True
911.0,POR_HORA,tarifa estándar para moto,75001.0,2026-05-29,True
472.0,POR_HORA,tarifa estándar para camioneta,94192.0,2026-01-09,True
130.0,POR_HORA,tarifa estándar para camioneta,47282.0,2026-02-10,False
423.0,POR_DIA,tarifa estándar para carro,15533.0,2026-05-18,False
73.0,POR_MES,tarifa estándar para bicicleta,238283.0,2026-06-14,True
911.0,POR_DIA,tarifa estándar para camioneta,113686.0,2026-01-01,True
724.0,POR_MES,tarifa estándar para carro,24604.0,2026-06-22,False
417.0,POR_HORA,tarifa estándar para moto,101275.0,2026-04-26,True
982.0,POR_HORA,tarifa estándar para moto,194593.0,2026-01-01,False
850.0,POR_MES,tarifa estándar para camioneta,99084.0,2026-01-01,True
207.0,POR_HORA,tarifa estándar para camioneta,119581.0,2026-03-20,True
502.0,POR_DIA,tarifa estándar para moto,164317.0,2026-02-15,True
859.0,POR_MES,tarifa estándar para camioneta,129253.0,2026-01-26,False
646.0,POR_DIA,tarifa estándar para moto,150791.0,2026-01-01,False
100.0,POR_HORA,tarifa estándar para moto,156635.0,2026-06-12,True
430.0,POR_HORA,tarifa estándar para bicicleta,139750.0,2026-01-01,True
711.0,POR_DIA,tarifa estándar para camioneta,200865.0,2026-03-12,False
523.0,POR_HORA,tarifa estándar para bicicleta,229959.0,2026-04-08,True
802.0,POR_MES,tarifa estándar para bicicleta,224622.0,2026-03-23,True
257.0,POR_MES,tarifa estándar para bicicleta,244560.0,2026-01-01,True
28.0,POR_MES,tarifa estándar para camioneta,211784.0,2026-01-13,True
782.0,POR_DIA,tarifa estándar para moto,52937.0,2026-06-30,True
582.0,POR_DIA,tarifa estándar para moto,230321.0,2026-06-18,True
165.0,POR_HORA,tarifa estándar para carro,210582.0,2026-06-09,False
376.0,POR_DIA,tarifa estándar para camioneta,248985.0,2026-01-01,True
427.0,POR_DIA,tarifa estándar para carro,189744.0,2026-01-01,False
183.0,POR_HORA,tarifa estándar para carro,81579.0,2026-01-16,False
561.0,POR_DIA,tarifa estándar para moto,43760.0,2026-04-03,True
574.0,POR_MES,tarifa estándar para camioneta,54845.0,2026-02-05,True
463.0,POR_HORA,tarifa estándar para moto,77474.0,2026-02-09,True
241.0,POR_DIA,tarifa estándar para bicicleta,74472.0,2026-01-01,True
808.0,POR_HORA,tarifa estándar para camioneta,227329.0,2026-04-20,True
386.0,POR_DIA,tarifa estándar para moto,197219.0,2026-06-26,False
219.0,POR_MES,tarifa estándar para camioneta,244201.0,2026-01-03,True
88.0,POR_HORA,tarifa estándar para bicicleta,216657.0,2026-01-05,False
230.0,POR_MES,tarifa estándar para camioneta,78895.0,2026-01-29,True
397.0,POR_DIA,tarifa estándar para camioneta,152520.0,2026-02-03,False
738.0,POR_DIA,tarifa estándar para carro,168213.0,2026-05-15,True
769.0,POR_HORA,tarifa estándar para carro,46392.0,2026-01-04,True
740.0,POR_DIA,tarifa estándar para camioneta,48088.0,2026-02-10,False
840.0,POR_HORA,tarifa estándar para bicicleta,3283.0,2026-02-09,False
5.0,POR_MES,tarifa estándar para bicicleta,87169.0,2026-02-14,False
12.0,POR_MES,tarifa estándar para carro,196695.0,2026-03-02,True
487.0,POR_MES,tarifa estándar para camioneta,135200.0,2026-05-18,False
391.0,POR_DIA,tarifa estándar para camioneta,167528.0,2026-05-05,False
993.0,POR_MES,tarifa estándar para camioneta,29286.0,2026-01-01,False
815.0,POR_DIA,tarifa estándar para carro,45915.0,2026-03-03,True
115.0,POR_DIA,tarifa estándar para bicicleta,32330.0,2026-06-15,True
764.0,POR_MES,tarifa estándar para bicicleta,78431.0,2026-02-07,False
325.0,POR_DIA,tarifa estándar para bicicleta,182587.0,2026-06-09,False
266.0,POR_MES,tarifa estándar para carro,170735.0,2026-03-16,False
950.0,POR_HORA,tarifa estándar para camioneta,38595.0,2026-01-17,True
545.0,POR_DIA,tarifa estándar para camioneta,206746.0,2026-02-18,False
519.0,POR_MES,tarifa estándar para bicicleta,223948.0,2026-06-21,False
61.0,POR_HORA,tarifa estándar para bicicleta,111043.0,2026-02-10,True
936.0,POR_HORA,tarifa estándar para bicicleta,192035.0,2026-02-06,False
5.0,POR_HORA,tarifa estándar para camioneta,224742.0,2026-01-31,True
471.0,POR_HORA,tarifa estándar para camioneta,131900.0,2026-01-01,True
779.0,POR_DIA,tarifa estándar para bicicleta,78506.0,2026-06-29,False
875.0,POR_HORA,tarifa estándar para moto,78752.0,2026-03-29,False
950.0,POR_HORA,tarifa estándar para bicicleta,101015.0,2026-01-01,False
137.0,POR_DIA,tarifa estándar para moto,83423.0,2026-01-05,True
863.0,POR_MES,tarifa estándar para moto,37127.0,2026-01-30,False
252.0,POR_HORA,tarifa estándar para camioneta,63648.0,2026-06-08,True
239.0,POR_HORA,tarifa estándar para moto,249004.0,2026-02-02,False
586.0,POR_DIA,tarifa estándar para carro,102844.0,2026-01-12,False
348.0,POR_DIA,tarifa estándar para moto,193512.0,2026-01-07,False
56.0,POR_DIA,tarifa estándar para bicicleta,199738.0,2026-02-22,True
545.0,POR_MES,tarifa estándar para carro,163480.0,2026-01-20,True
993.0,POR_DIA,tarifa estándar para moto,112249.0,2026-01-08,False
232.0,POR_DIA,tarifa estándar para carro,50636.0,2026-01-01,True
18.0,POR_MES,tarifa estándar para moto,243152.0,2026-01-01,False
838.0,POR_MES,tarifa estándar para bicicleta,84070.0,2026-01-01,True
802.0,POR_MES,tarifa estándar para carro,51423.0,2026-04-09,True
240.0,POR_HORA,tarifa estándar para moto,220518.0,2026-03-13,True
361.0,POR_HORA,tarifa estándar para camioneta,103979.0,2026-02-07,True
285.0,POR_MES,tarifa estándar para moto,241506.0,2026-05-07,False
752.0,POR_MES,tarifa estándar para moto,141108.0,2026-06-01,False
88.0,POR_DIA,tarifa estándar para moto,199522.0,2026-06-09,True
401.0,POR_MES,tarifa estándar para moto,189405.0,2026-03-04,False
916.0,POR_MES,tarifa estándar para moto,212183.0,2026-01-01,False
937.0,POR_MES,tarifa estándar para bicicleta,239591.0,2026-03-28,True
593.0,POR_DIA,tarifa estándar para bicicleta,62859.0,2026-04-15,True
898.0,POR_HORA,tarifa estándar para carro,32403.0,2026-01-01,True
518.0,POR_DIA,tarifa estándar para moto,70350.0,2026-06-06,True
647.0,POR_DIA,tarifa estándar para carro,220489.0,2026-04-16,False
284.0,POR_MES,tarifa estándar para carro,121990.0,2026-05-12,True
246.0,POR_DIA,tarifa estándar para bicicleta,38048.0,2026-03-07,True
950.0,POR_HORA,tarifa estándar para bicicleta,157511.0,2026-03-25,True
803.0,POR_MES,tarifa estándar para moto,147066.0,2026-05-27,True
201.0,POR_DIA,tarifa estándar para carro,135793.0,2026-01-18,False
131.0,POR_DIA,tarifa estándar para camioneta,170450.0,2026-06-17,True
909.0,POR_HORA,tarifa estándar para moto,223602.0,2026-01-02,False
554.0,POR_HORA,tarifa estándar para carro,25822.0,2026-01-01,True
431.0,POR_DIA,tarifa estándar para moto,243750.0,2026-02-16,True
501.0,POR_MES,tarifa estándar para moto,218000.0,2026-03-28,False
152.0,POR_DIA,tarifa estándar para camioneta,220044.0,2026-01-01,False
777.0,POR_DIA,tarifa estándar para camioneta,94999.0,2026-01-08,False
427.0,POR_MES,tarifa estándar para carro,49818.0,2026-01-01,False
76.0,POR_DIA,tarifa estándar para carro,132039.0,2026-05-29,False
968.0,POR_DIA,tarifa estándar para moto,217916.0,2026-01-08,False
822.0,POR_DIA,tarifa estándar para moto,217752.0,2026-01-01,True
172.0,POR_MES,tarifa estándar para moto,124114.0,2026-02-01,True
459.0,POR_MES,tarifa estándar para camioneta,12361.0,2026-02-17,False
169.0,POR_DIA,tarifa estándar para camioneta,124700.0,2026-05-01,False
649.0,POR_DIA,tarifa estándar para bicicleta,198939.0,2026-02-26,False
754.0,POR_DIA,tarifa estándar para carro,104955.0,2026-01-29,True
118.0,POR_DIA,tarifa estándar para moto,123793.0,2026-05-13,False
499.0,POR_DIA,tarifa estándar para moto,230725.0,2026-02-28,True
550.0,POR_MES,tarifa estándar para moto,45689.0,2026-01-21,False
948.0,POR_MES,tarifa estándar para moto,110272.0,2026-01-01,False
597.0,POR_DIA,tarifa estándar para camioneta,30730.0,2026-06-11,False
939.0,POR_MES,tarifa estándar para carro,54052.0,2026-03-25,False
706.0,POR_MES,tarifa estándar para camioneta,200667.0,2026-01-09,False
767.0,POR_MES,tarifa estándar para moto,184259.0,2026-03-06,True
76.0,POR_MES,tarifa estándar para bicicleta,78250.0,2026-04-09,True
26.0,POR_MES,tarifa estándar para bicicleta,94796.0,2026-06-14,False
279.0,POR_MES,tarifa estándar para camioneta,85773.0,2026-01-05,True
861.0,POR_HORA,tarifa estándar para moto,53097.0,2026-04-12,False
508.0,POR_HORA,tarifa estándar para camioneta,44210.0,2026-05-17,False
166.0,POR_HORA,tarifa estándar para moto,116821.0,2026-03-12,False
249.0,POR_MES,tarifa estándar para moto,234623.0,2026-04-28,False
53.0,POR_DIA,tarifa estándar para bicicleta,10097.0,2026-04-08,False
297.0,POR_HORA,tarifa estándar para carro,171813.0,2026-01-13,False
911.0,POR_DIA,tarifa estándar para bicicleta,13584.0,2026-03-27,True
683.0,POR_DIA,tarifa estándar para camioneta,98939.0,2026-05-11,False
426.0,POR_DIA,tarifa estándar para carro,62769.0,2026-02-05,True
121.0,POR_DIA,tarifa estándar para moto,230072.0,2026-04-09,False
67.0,POR_DIA,tarifa estándar para carro,140647.0,2026-05-17,False
243.0,POR_MES,tarifa estándar para carro,241912.0,2026-01-17,True
676.0,POR_MES,tarifa estándar para carro,34075.0,2026-01-20,False
938.0,POR_HORA,tarifa estándar para bicicleta,102485.0,2026-01-01,False
594.0,POR_DIA,tarifa estándar para carro,87895.0,2026-01-01,True
130.0,POR_MES,tarifa estándar para carro,139262.0,2026-02-13,True
650.0,POR_DIA,tarifa estándar para camioneta,206447.0,2026-01-01,False
948.0,POR_HORA,tarifa estándar para bicicleta,4104.0,2026-04-11,False
405.0,POR_MES,tarifa estándar para carro,220208.0,2026-01-01,False
950.0,POR_HORA,tarifa estándar para bicicleta,29280.0,2026-03-14,True
606.0,POR_DIA,tarifa estándar para moto,175495.0,2026-06-16,True
196.0,POR_DIA,tarifa estándar para moto,231381.0,2026-01-01,False
34.0,POR_HORA,tarifa estándar para camioneta,55669.0,2026-01-06,False
448.0,POR_MES,tarifa estándar para carro,177465.0,2026-05-07,False
734.0,POR_DIA,tarifa estándar para moto,205043.0,2026-02-01,False
819.0,POR_DIA,tarifa estándar para camioneta,155317.0,2026-02-27,False
874.0,POR_DIA,tarifa estándar para camioneta,71061.0,2026-01-13,True
85.0,POR_MES,tarifa estándar para bicicleta,29334.0,2026-04-17,False
10.0,POR_MES,tarifa estándar para moto,70977.0,2026-01-01,False
53.0,POR_MES,tarifa estándar para bicicleta,77019.0,2026-01-01,False
538.0,POR_HORA,tarifa estándar para carro,51761.0,2026-01-18,False
47.0,POR_MES,tarifa estándar para camioneta,198943.0,2026-01-01,False
727.0,POR_DIA,tarifa estándar para bicicleta,81931.0,2026-01-01,True
736.0,POR_HORA,tarifa estándar para camioneta,206374.0,2026-01-29,False
262.0,POR_MES,tarifa estándar para bicicleta,166908.0,2026-06-05,True
377.0,POR_HORA,tarifa estándar para camioneta,192609.0,2026-01-01,True
146.0,POR_MES,tarifa estándar para camioneta,230235.0,2026-04-17,True
266.0,POR_HORA,tarifa estándar para bicicleta,135001.0,2026-05-29,False
314.0,POR_DIA,tarifa estándar para carro,206268.0,2026-02-04,False
109.0,POR_HORA,tarifa estándar para carro,6013.0,2026-04-24,True
623.0,POR_HORA,tarifa estándar para bicicleta,103622.0,2026-04-11,True
466.0,POR_HORA,tarifa estándar para camioneta,77308.0,2026-05-29,True
910.0,POR_HORA,tarifa estándar para moto,123795.0,2026-01-01,True
626.0,POR_HORA,tarifa estándar para bicicleta,79475.0,2026-03-31,False
29.0,POR_MES,tarifa estándar para carro,176911.0,2026-01-01,True
462.0,POR_HORA,tarifa estándar para bicicleta,230542.0,2026-05-15,False
167.0,POR_DIA,tarifa estándar para bicicleta,159826.0,2026-06-01,True
934.0,POR_DIA,tarifa estándar para bicicleta,167493.0,2026-02-20,True
534.0,POR_HORA,tarifa estándar para carro,93364.0,2026-05-06,True
827.0,POR_HORA,tarifa estándar para carro,149285.0,2026-04-23,False
696.0,POR_MES,tarifa estándar para moto,60039.0,2026-04-03,True
848.0,POR_DIA,tarifa estándar para bicicleta,111512.0,2026-03-31,True
774.0,POR_MES,tarifa estándar para carro,210607.0,2026-01-01,False
956.0,POR_DIA,tarifa estándar para camioneta,73276.0,2026-06-29,True
102.0,POR_MES,tarifa estándar para carro,70824.0,2026-06-13,True
540.0,POR_DIA,tarifa estándar para camioneta,65787.0,2026-06-18,True
290.0,POR_DIA,tarifa estándar para bicicleta,96439.0,2026-02-12,False
318.0,POR_MES,tarifa estándar para camioneta,244102.0,2026-06-23,True
599.0,POR_MES,tarifa estándar para carro,220068.0,2026-06-25,True
364.0,POR_DIA,tarifa estándar para camioneta,55526.0,2026-03-21,True
675.0,POR_DIA,tarifa estándar para carro,124403.0,2026-06-21,True
631.0,POR_MES,tarifa estándar para bicicleta,113310.0,2026-01-01,False
951.0,POR_MES,tarifa estándar para bicicleta,142491.0,2026-04-01,True
217.0,POR_DIA,tarifa estándar para moto,53888.0,2026-06-16,False
108.0,POR_HORA,tarifa estándar para camioneta,150341.0,2026-01-01,True
297.0,POR_MES,tarifa estándar para bicicleta,30028.0,2026-02-09,False
56.0,POR_HORA,tarifa estándar para bicicleta,214986.0,2026-01-01,False
779.0,POR_MES,tarifa estándar para camioneta,236314.0,2026-03-10,False
677.0,POR_HORA,tarifa estándar para moto,39381.0,2026-05-11,False
312.0,POR_MES,tarifa estándar para moto,68756.0,2026-01-01,False
406.0,POR_HORA,tarifa estándar para carro,168268.0,2026-05-20,True
741.0,POR_MES,tarifa estándar para moto,12281.0,2026-02-09,True
276.0,POR_MES,tarifa estándar para carro,190666.0,2026-03-20,False
658.0,POR_HORA,tarifa estándar para camioneta,160176.0,2026-01-01,True
127.0,POR_DIA,tarifa estándar para moto,100093.0,2026-01-01,True
403.0,POR_MES,tarifa estándar para carro,233047.0,2026-02-09,True
275.0,POR_DIA,tarifa estándar para bicicleta,120095.0,2026-05-27,False
678.0,POR_DIA,tarifa estándar para bicicleta,50355.0,2026-01-01,True
145.0,POR_HORA,tarifa estándar para camioneta,227032.0,2026-02-16,False
49.0,POR_HORA,tarifa estándar para carro,43435.0,2026-01-01,True
840.0,POR_MES,tarifa estándar para bicicleta,235124.0,2026-01-15,True
452.0,POR_DIA,tarifa estándar para bicicleta,117388.0,2026-01-01,False
997.0,POR_MES,tarifa estándar para bicicleta,202942.0,2026-02-05,False
776.0,POR_DIA,tarifa estándar para moto,91704.0,2026-03-23,False
514.0,POR_DIA,tarifa estándar para moto,156776.0,2026-05-13,False
375.0,POR_DIA,tarifa estándar para carro,35051.0,2026-01-01,True
106.0,POR_DIA,tarifa estándar para moto,148029.0,2026-04-11,True
781.0,POR_MES,tarifa estándar para camioneta,242126.0,2026-01-01,True
801.0,POR_MES,tarifa estándar para carro,247508.0,2026-03-25,True
928.0,POR_MES,tarifa estándar para moto,145201.0,2026-03-05,True
84.0,POR_HORA,tarifa estándar para camioneta,177494.0,2026-05-06,True
191.0,POR_DIA,tarifa estándar para carro,198851.0,2026-01-01,False
729.0,POR_MES,tarifa estándar para carro,38603.0,2026-01-01,False
234.0,POR_MES,tarifa estándar para moto,40750.0,2026-02-22,False
509.0,POR_DIA,tarifa estándar para carro,139424.0,2026-01-27,False
317.0,POR_HORA,tarifa estándar para moto,98969.0,2026-01-14,False
187.0,POR_HORA,tarifa estándar para carro,13794.0,2026-04-03,True
210.0,POR_HORA,tarifa estándar para moto,135683.0,2026-03-07,False
394.0,POR_HORA,tarifa estándar para bicicleta,43372.0,2026-01-21,True
483.0,POR_DIA,tarifa estándar para bicicleta,165636.0,2026-06-29,True
268.0,POR_MES,tarifa estándar para moto,117157.0,2026-03-29,True
56.0,POR_HORA,tarifa estándar para carro,247501.0,2026-04-30,False
404.0,POR_DIA,tarifa estándar para camioneta,138293.0,2026-02-06,True
426.0,POR_MES,tarifa estándar para camioneta,137068.0,2026-06-03,True
245.0,POR_HORA,tarifa estándar para carro,7156.0,2026-03-29,False
312.0,POR_DIA,tarifa estándar para camioneta,111116.0,2026-03-30,True
145.0,POR_DIA,tarifa estándar para camioneta,217343.0,2026-01-01,True
329.0,POR_MES,tarifa estándar para bicicleta,42721.0,2026-01-20,False
223.0,POR_HORA,tarifa estándar para carro,228990.0,2026-01-01,True
654.0,POR_MES,tarifa estándar para carro,115016.0,2026-05-12,False
381.0,POR_MES,tarifa estándar para moto,192321.0,2026-06-28,True
926.0,POR_MES,tarifa estándar para camioneta,25053.0,2026-03-19,False
980.0,POR_DIA,tarifa estándar para camioneta,51403.0,2026-04-18,True
485.0,POR_MES,tarifa estándar para moto,15042.0,2026-01-01,False
655.0,POR_MES,tarifa estándar para bicicleta,214610.0,2026-01-01,True
216.0,POR_HORA,tarifa estándar para camioneta,108883.0,2026-01-01,True
391.0,POR_HORA,tarifa estándar para bicicleta,39897.0,2026-05-23,False
253.0,POR_HORA,tarifa estándar para carro,187920.0,2026-02-22,False
130.0,POR_HORA,tarifa estándar para bicicleta,170178.0,2026-06-21,True
839.0,POR_MES,tarifa estándar para bicicleta,78620.0,2026-02-23,False
362.0,POR_HORA,tarifa estándar para bicicleta,117910.0,2026-06-11,True
763.0,POR_MES,tarifa estándar para bicicleta,204690.0,2026-06-30,True
496.0,POR_DIA,tarifa estándar para moto,247566.0,2026-05-07,True
42.0,POR_DIA,tarifa estándar para camioneta,6335.0,2026-01-01,True
755.0,POR_MES,tarifa estándar para bicicleta,224497.0,2026-02-18,True
710.0,POR_MES,tarifa estándar para camioneta,229863.0,2026-01-01,True
910.0,POR_HORA,tarifa estándar para camioneta,119908.0,2026-01-01,True
453.0,POR_DIA,tarifa estándar para carro,61487.0,2026-05-20,True
737.0,POR_MES,tarifa estándar para bicicleta,160928.0,2026-01-01,False
96.0,POR_MES,tarifa estándar para carro,218635.0,2026-02-25,True
180.0,POR_MES,tarifa estándar para moto,132272.0,2026-05-03,False
353.0,POR_MES,tarifa estándar para carro,144624.0,2026-06-03,True
201.0,POR_MES,tarifa estándar para camioneta,145089.0,2026-05-16,True
524.0,POR_MES,tarifa estándar para bicicleta,107652.0,2026-01-01,False
961.0,POR_HORA,tarifa estándar para camioneta,113171.0,2026-03-30,True
222.0,POR_MES,tarifa estándar para carro,80859.0,2026-05-11,False
535.0,POR_HORA,tarifa estándar para bicicleta,110583.0,2026-01-11,False
335.0,POR_DIA,tarifa estándar para carro,124005.0,2026-06-08,False
429.0,POR_HORA,tarifa estándar para camioneta,85110.0,2026-04-25,True
871.0,POR_MES,tarifa estándar para carro,24045.0,2026-05-06,False
440.0,POR_DIA,tarifa estándar para moto,241476.0,2026-05-13,False
522.0,POR_MES,tarifa estándar para camioneta,192374.0,2026-01-22,False
440.0,POR_DIA,tarifa estándar para camioneta,25156.0,2026-06-13,False
826.0,POR_DIA,tarifa estándar para camioneta,63123.0,2026-02-15,True
939.0,POR_HORA,tarifa estándar para camioneta,158279.0,2026-05-15,False
271.0,POR_HORA,tarifa estándar para camioneta,202802.0,2026-01-01,True
679.0,POR_DIA,tarifa estándar para carro,12983.0,2026-02-26,True
128.0,POR_MES,tarifa estándar para moto,239026.0,2026-02-10,False
720.0,POR_HORA,tarifa estándar para bicicleta,18206.0,2026-01-01,False
152.0,POR_HORA,tarifa estándar para moto,32131.0,2026-05-16,False
355.0,POR_DIA,tarifa estándar para bicicleta,48719.0,2026-01-31,False
774.0,POR_DIA,tarifa estándar para bicicleta,101587.0,2026-01-01,False
820.0,POR_MES,tarifa estándar para bicicleta,15757.0,2026-02-06,True
820.0,POR_DIA,tarifa estándar para carro,131714.0,2026-05-10,False
713.0,POR_HORA,tarifa estándar para moto,91246.0,2026-05-31,False
95.0,POR_DIA,tarifa estándar para bicicleta,113997.0,2026-02-25,True
666.0,POR_HORA,tarifa estándar para moto,13098.0,2026-04-18,False
589.0,POR_DIA,tarifa estándar para carro,43343.0,2026-02-15,True
579.0,POR_DIA,tarifa estándar para bicicleta,83600.0,2026-03-22,True
548.0,POR_DIA,tarifa estándar para carro,207384.0,2026-02-04,False
471.0,POR_HORA,tarifa estándar para camioneta,7806.0,2026-02-25,False
271.0,POR_DIA,tarifa estándar para bicicleta,239575.0,2026-04-14,False
28.0,POR_DIA,tarifa estándar para camioneta,96132.0,2026-02-27,True
242.0,POR_MES,tarifa estándar para carro,29950.0,2026-01-13,False
850.0,POR_MES,tarifa estándar para bicicleta,84718.0,2026-05-21,True
22.0,POR_HORA,tarifa estándar para bicicleta,6948.0,2026-04-05,False
391.0,POR_MES,tarifa estándar para camioneta,200267.0,2026-03-18,False
411.0,POR_MES,tarifa estándar para bicicleta,63282.0,2026-01-01,True
259.0,POR_HORA,tarifa estándar para carro,80730.0,2026-05-02,False
223.0,POR_HORA,tarifa estándar para camioneta,242145.0,2026-05-16,False
746.0,POR_DIA,tarifa estándar para bicicleta,144640.0,2026-01-01,True
60.0,POR_HORA,tarifa estándar para camioneta,213000.0,2026-01-01,True
25.0,POR_MES,tarifa estándar para bicicleta,53010.0,2026-05-21,False
408.0,POR_DIA,tarifa estándar para carro,158144.0,2026-06-30,False
877.0,POR_DIA,tarifa estándar para bicicleta,120568.0,2026-01-01,False
932.0,POR_HORA,tarifa estándar para bicicleta,46306.0,2026-01-01,True
333.0,POR_HORA,tarifa estándar para carro,37734.0,2026-01-30,False
427.0,POR_MES,tarifa estándar para bicicleta,92630.0,2026-02-13,False
699.0,POR_HORA,tarifa estándar para bicicleta,242037.0,2026-04-19,True
560.0,POR_HORA,tarifa estándar para camioneta,99131.0,2026-02-25,True
12.0,POR_HORA,tarifa estándar para bicicleta,205243.0,2026-06-03,False
455.0,POR_DIA,tarifa estándar para bicicleta,202918.0,2026-01-23,True
205.0,POR_HORA,tarifa estándar para camioneta,59096.0,2026-03-24,False
436.0,POR_DIA,tarifa estándar para camioneta,186149.0,2026-01-16,False
811.0,POR_MES,tarifa estándar para carro,136389.0,2026-06-12,False
175.0,POR_MES,tarifa estándar para bicicleta,10820.0,2026-06-01,False
911.0,POR_DIA,tarifa estándar para camioneta,73194.0,2026-05-23,True
674.0,POR_MES,tarifa estándar para bicicleta,143651.0,2026-03-22,False
219.0,POR_HORA,tarifa estándar para camioneta,81681.0,2026-04-06,True
25.0,POR_MES,tarifa estándar para camioneta,126176.0,2026-02-03,True
94.0,POR_DIA,tarifa estándar para bicicleta,46469.0,2026-04-21,True
128.0,POR_HORA,tarifa estándar para carro,14376.0,2026-01-01,True
85.0,POR_DIA,tarifa estándar para carro,216786.0,2026-05-20,True
855.0,POR_MES,tarifa estándar para carro,164202.0,2026-05-05,True
623.0,POR_HORA,tarifa estándar para moto,136839.0,2026-01-28,True
366.0,POR_HORA,tarifa estándar para carro,74734.0,2026-02-23,True
372.0,POR_HORA,tarifa estándar para moto,32763.0,2026-01-01,True
29.0,POR_MES,tarifa estándar para camioneta,14964.0,2026-01-03,True
781.0,POR_HORA,tarifa estándar para carro,131608.0,2026-03-25,False
169.0,POR_HORA,tarifa estándar para camioneta,20276.0,2026-06-08,True
702.0,POR_HORA,tarifa estándar para camioneta,246037.0,2026-04-26,False
878.0,POR_DIA,tarifa estándar para carro,67734.0,2026-05-15,False
107.0,POR_DIA,tarifa estándar para camioneta,202226.0,2026-04-28,True
664.0,POR_DIA,tarifa estándar para bicicleta,106814.0,2026-01-01,True
939.0,POR_MES,tarifa estándar para moto,160998.0,2026-04-14,True
474.0,POR_HORA,tarifa estándar para moto,242242.0,2026-05-25,True
187.0,POR_DIA,tarifa estándar para carro,247495.0,2026-06-13,False
903.0,POR_DIA,tarifa estándar para moto,88423.0,2026-03-08,True
193.0,POR_MES,tarifa estándar para carro,171731.0,2026-02-26,True
104.0,POR_HORA,tarifa estándar para bicicleta,242353.0,2026-02-24,False
231.0,POR_HORA,tarifa estándar para carro,109737.0,2026-01-31,False
598.0,POR_HORA,tarifa estándar para camioneta,76477.0,2026-02-20,False
520.0,POR_MES,tarifa estándar para camioneta,127026.0,2026-06-19,True
546.0,POR_HORA,tarifa estándar para bicicleta,79352.0,2026-05-30,False
907.0,POR_HORA,tarifa estándar para bicicleta,87242.0,2026-01-10,True
118.0,POR_DIA,tarifa estándar para moto,137506.0,2026-01-01,False
32.0,POR_MES,tarifa estándar para moto,43226.0,2026-01-01,False
526.0,POR_HORA,tarifa estándar para bicicleta,213487.0,2026-06-30,True
236.0,POR_HORA,tarifa estándar para camioneta,188432.0,2026-05-29,False
498.0,POR_DIA,tarifa estándar para camioneta,73447.0,2026-01-01,False
401.0,POR_HORA,tarifa estándar para bicicleta,89230.0,2026-01-01,True
571.0,POR_DIA,tarifa estándar para camioneta,75729.0,2026-01-13,True
344.0,POR_HORA,tarifa estándar para bicicleta,96720.0,2026-04-04,True
516.0,POR_DIA,tarifa estándar para camioneta,23822.0,2026-01-01,True
903.0,POR_HORA,tarifa estándar para carro,169445.0,2026-04-23,False
533.0,POR_DIA,tarifa estándar para bicicleta,177403.0,2026-03-23,True
126.0,POR_HORA,tarifa estándar para camioneta,224220.0,2026-01-06,False
657.0,POR_HORA,tarifa estándar para carro,138700.0,2026-01-01,True
380.0,POR_DIA,tarifa estándar para moto,23193.0,2026-05-31,True
867.0,POR_DIA,tarifa estándar para carro,186848.0,2026-01-09,False
331.0,POR_HORA,tarifa estándar para bicicleta,248044.0,2026-05-22,False
523.0,POR_HORA,tarifa estándar para camioneta,157271.0,2026-05-16,False
526.0,POR_MES,tarifa estándar para camioneta,222095.0,2026-05-31,True
808.0,POR_MES,tarifa estándar para bicicleta,65080.0,2026-05-24,False
711.0,POR_MES,tarifa estándar para moto,189006.0,2026-01-01,True
707.0,POR_HORA,tarifa estándar para camioneta,23662.0,2026-01-22,False
807.0,POR_DIA,tarifa estándar para carro,177729.0,2026-03-09,True
427.0,POR_MES,tarifa estándar para moto,100831.0,2026-04-20,False
622.0,POR_MES,tarifa estándar para camioneta,117529.0,2026-05-27,True
398.0,POR_HORA,tarifa estándar para camioneta,54305.0,2026-03-01,False
704.0,POR_DIA,tarifa estándar para bicicleta,110372.0,2026-01-01,True
11.0,POR_MES,tarifa estándar para bicicleta,124936.0,2026-03-29,False
752.0,POR_MES,tarifa estándar para carro,102822.0,2026-01-26,False
77.0,POR_DIA,tarifa estándar para moto,170665.0,2026-01-01,True
427.0,POR_HORA,tarifa estándar para carro,242697.0,2026-06-21,False
860.0,POR_HORA,tarifa estándar para moto,22442.0,2026-06-09,False
797.0,POR_HORA,tarifa estándar para moto,192795.0,2026-05-06,False
321.0,POR_MES,tarifa estándar para moto,154604.0,2026-01-01,True
765.0,POR_DIA,tarifa estándar para carro,158363.0,2026-03-14,False
190.0,POR_HORA,tarifa estándar para camioneta,13053.0,2026-03-28,True
633.0,POR_DIA,tarifa estándar para moto,126500.0,2026-06-02,False
780.0,POR_HORA,tarifa estándar para moto,104894.0,2026-01-01,False
521.0,POR_HORA,tarifa estándar para camioneta,33494.0,2026-03-25,False
419.0,POR_DIA,tarifa estándar para bicicleta,111479.0,2026-05-24,True
550.0,POR_MES,tarifa estándar para carro,151950.0,2026-05-09,True
692.0,POR_HORA,tarifa estándar para bicicleta,176875.0,2026-01-01,False
194.0,POR_DIA,tarifa estándar para carro,131282.0,2026-01-01,False
626.0,POR_HORA,tarifa estándar para moto,85557.0,2026-01-01,False
754.0,POR_DIA,tarifa estándar para carro,89463.0,2026-03-09,False
678.0,POR_DIA,tarifa estándar para camioneta,193909.0,2026-01-01,False
780.0,POR_MES,tarifa estándar para bicicleta,66598.0,2026-03-11,True
868.0,POR_DIA,tarifa estándar para moto,208473.0,2026-01-01,True
973.0,POR_DIA,tarifa estándar para carro,14249.0,2026-01-30,False
496.0,POR_MES,tarifa estándar para moto,108102.0,2026-02-05,True
719.0,POR_HORA,tarifa estándar para moto,83769.0,2026-02-21,False
229.0,POR_MES,tarifa estándar para bicicleta,224517.0,2026-03-16,True
123.0,POR_HORA,tarifa estándar para camioneta,10431.0,2026-03-30,True
221.0,POR_HORA,tarifa estándar para carro,38667.0,2026-03-17,False
794.0,POR_MES,tarifa estándar para bicicleta,10137.0,2026-01-01,True
432.0,POR_DIA,tarifa estándar para camioneta,54339.0,2026-01-01,True
61.0,POR_MES,tarifa estándar para camioneta,88211.0,2026-04-21,True
970.0,POR_HORA,tarifa estándar para moto,182488.0,2026-01-19,False
506.0,POR_HORA,tarifa estándar para carro,15281.0,2026-01-01,True
502.0,POR_DIA,tarifa estándar para camioneta,151003.0,2026-02-01,False
901.0,POR_HORA,tarifa estándar para carro,189753.0,2026-04-23,True
892.0,POR_HORA,tarifa estándar para carro,236810.0,2026-01-01,False
563.0,POR_DIA,tarifa estándar para moto,185430.0,2026-01-01,True
776.0,POR_HORA,tarifa estándar para camioneta,190768.0,2026-02-27,False
783.0,POR_HORA,tarifa estándar para camioneta,220362.0,2026-05-20,True
180.0,POR_HORA,tarifa estándar para camioneta,177449.0,2026-01-28,True
114.0,POR_DIA,tarifa estándar para moto,188620.0,2026-01-01,True
890.0,POR_HORA,tarifa estándar para moto,224244.0,2026-06-28,False
902.0,POR_DIA,tarifa estándar para carro,43550.0,2026-01-03,True
352.0,POR_MES,tarifa estándar para moto,193556.0,2026-03-02,True
739.0,POR_DIA,tarifa estándar para carro,56047.0,2026-01-01,False
940.0,POR_DIA,tarifa estándar para moto,24478.0,2026-01-01,True
388.0,POR_HORA,tarifa estándar para camioneta,199290.0,2026-04-26,True
182.0,POR_HORA,tarifa estándar para camioneta,249049.0,2026-04-03,False
106.0,POR_DIA,tarifa estándar para camioneta,68887.0,2026-01-15,True
457.0,POR_MES,tarifa estándar para bicicleta,141004.0,2026-04-28,True
81.0,POR_MES,tarifa estándar para bicicleta,194351.0,2026-01-01,True
812.0,POR_HORA,tarifa estándar para camioneta,183144.0,2026-01-01,True
1000.0,POR_HORA,tarifa estándar para moto,73040.0,2026-02-10,False
68.0,POR_MES,tarifa estándar para bicicleta,26192.0,2026-01-06,False
218.0,POR_HORA,tarifa estándar para moto,179592.0,2026-01-04,False
363.0,POR_MES,tarifa estándar para moto,149163.0,2026-01-01,True
537.0,POR_HORA,tarifa estándar para camioneta,18440.0,2026-04-11,True
303.0,POR_HORA,tarifa estándar para carro,13110.0,2026-06-10,True
437.0,POR_DIA,tarifa estándar para bicicleta,206591.0,2026-06-18,False
907.0,POR_HORA,tarifa estándar para bicicleta,39480.0,2026-01-01,True
781.0,POR_DIA,tarifa estándar para bicicleta,128369.0,2026-01-01,False
1.0,POR_DIA,tarifa estándar para moto,139188.0,2026-04-01,True
917.0,POR_HORA,tarifa estándar para moto,76864.0,2026-05-29,False
904.0,POR_HORA,tarifa estándar para camioneta,105762.0,2026-02-26,False
721.0,POR_HORA,tarifa estándar para carro,242727.0,2026-01-31,True
318.0,POR_DIA,tarifa estándar para camioneta,88591.0,2026-06-15,False
245.0,POR_HORA,tarifa estándar para bicicleta,238563.0,2026-01-03,True
906.0,POR_DIA,tarifa estándar para camioneta,103112.0,2026-06-15,False
380.0,POR_HORA,tarifa estándar para moto,32761.0,2026-03-09,False
882.0,POR_HORA,tarifa estándar para moto,209522.0,2026-03-21,False
379.0,POR_MES,tarifa estándar para bicicleta,58278.0,2026-01-20,True
691.0,POR_HORA,tarifa estándar para bicicleta,81331.0,2026-05-29,True
9.0,POR_DIA,tarifa estándar para camioneta,8479.0,2026-03-29,True
969.0,POR_MES,tarifa estándar para camioneta,104055.0,2026-01-01,True
193.0,POR_HORA,tarifa estándar para camioneta,91740.0,2026-02-26,False
440.0,POR_HORA,tarifa estándar para bicicleta,248177.0,2026-05-27,False
779.0,POR_HORA,tarifa estándar para carro,27184.0,2026-01-23,True
364.0,POR_DIA,tarifa estándar para carro,39904.0,2026-04-21,False
673.0,POR_MES,tarifa estándar para carro,150270.0,2026-05-02,True
208.0,POR_HORA,tarifa estándar para moto,182436.0,2026-03-14,True
140.0,POR_DIA,tarifa estándar para camioneta,119934.0,2026-02-22,False
556.0,POR_HORA,tarifa estándar para carro,90337.0,2026-05-21,False
188.0,POR_DIA,tarifa estándar para carro,168594.0,2026-01-15,False
289.0,POR_DIA,tarifa estándar para carro,176468.0,2026-01-01,True
761.0,POR_MES,tarifa estándar para bicicleta,15261.0,2026-01-01,True
525.0,POR_HORA,tarifa estándar para moto,76004.0,2026-02-28,False
980.0,POR_MES,tarifa estándar para carro,22329.0,2026-01-29,False
826.0,POR_HORA,tarifa estándar para moto,196930.0,2026-01-01,True
585.0,POR_MES,tarifa estándar para carro,93874.0,2026-03-20,True
234.0,POR_DIA,tarifa estándar para bicicleta,12954.0,2026-04-22,True
63.0,POR_HORA,tarifa estándar para moto,58328.0,2026-06-22,False
459.0,POR_DIA,tarifa estándar para moto,108803.0,2026-01-01,False
867.0,POR_DIA,tarifa estándar para camioneta,21408.0,2026-06-01,True
940.0,POR_MES,tarifa estándar para camioneta,83574.0,2026-05-22,True
833.0,POR_MES,tarifa estándar para bicicleta,72497.0,2026-05-07,True
447.0,POR_DIA,tarifa estándar para carro,175355.0,2026-05-18,True
759.0,POR_MES,tarifa estándar para bicicleta,248612.0,2026-04-23,False
529.0,POR_MES,tarifa estándar para moto,246632.0,2026-03-02,True
920.0,POR_DIA,tarifa estándar para carro,107332.0,2026-04-16,False
135.0,POR_HORA,tarifa estándar para bicicleta,48691.0,2026-06-01,True
758.0,POR_HORA,tarifa estándar para carro,148622.0,2026-03-18,False
571.0,POR_DIA,tarifa estándar para carro,89781.0,2026-03-05,False
600.0,POR_DIA,tarifa estándar para carro,93639.0,2026-03-12,False
599.0,POR_HORA,tarifa estándar para camioneta,216391.0,2026-01-01,True
20.0,POR_HORA,tarifa estándar para bicicleta,115694.0,2026-01-15,False
783.0,POR_HORA,tarifa estándar para moto,179409.0,2026-03-18,True
624.0,POR_DIA,tarifa estándar para bicicleta,112992.0,2026-02-28,True
841.0,POR_MES,tarifa estándar para carro,34076.0,2026-05-06,True
702.0,POR_DIA,tarifa estándar para moto,29827.0,2026-01-01,True
994.0,POR_DIA,tarifa estándar para moto,203280.0,2026-06-07,True
340.0,POR_HORA,tarifa estándar para moto,240619.0,2026-01-11,False
908.0,POR_MES,tarifa estándar para bicicleta,115959.0,2026-01-01,True
329.0,POR_HORA,tarifa estándar para moto,212542.0,2026-01-01,True
464.0,POR_MES,tarifa estándar para carro,83701.0,2026-05-15,False
132.0,POR_HORA,tarifa estándar para carro,91096.0,2026-02-11,False
723.0,POR_DIA,tarifa estándar para bicicleta,34000.0,2026-02-10,False
648.0,POR_MES,tarifa estándar para carro,69019.0,2026-03-01,True
357.0,POR_DIA,tarifa estándar para carro,54007.0,2026-01-01,True
207.0,POR_DIA,tarifa estándar para carro,137756.0,2026-03-17,True
731.0,POR_MES,tarifa estándar para bicicleta,3197.0,2026-01-07,False
469.0,POR_MES,tarifa estándar para moto,128510.0,2026-06-03,True
647.0,POR_HORA,tarifa estándar para camioneta,76955.0,2026-04-15,False
210.0,POR_HORA,tarifa estándar para bicicleta,94690.0,2026-01-22,False
524.0,POR_DIA,tarifa estándar para bicicleta,178575.0,2026-01-01,True
729.0,POR_HORA,tarifa estándar para moto,31829.0,2026-03-25,False
68.0,POR_HORA,tarifa estándar para camioneta,36304.0,2026-06-20,True
388.0,POR_HORA,tarifa estándar para camioneta,32027.0,2026-02-12,False
866.0,POR_DIA,tarifa estándar para moto,194973.0,2026-01-30,True
244.0,POR_MES,tarifa estándar para camioneta,78907.0,2026-05-05,True
677.0,POR_DIA,tarifa estándar para bicicleta,247357.0,2026-01-21,True
735.0,POR_DIA,tarifa estándar para camioneta,148919.0,2026-01-01,True
838.0,POR_HORA,tarifa estándar para moto,240751.0,2026-06-26,False
340.0,POR_HORA,tarifa estándar para moto,74803.0,2026-05-14,True
781.0,POR_HORA,tarifa estándar para moto,113076.0,2026-03-19,True
385.0,POR_HORA,tarifa estándar para bicicleta,2372.0,2026-06-29,False
790.0,POR_HORA,tarifa estándar para carro,70230.0,2026-06-21,False
279.0,POR_MES,tarifa estándar para carro,20682.0,2026-03-19,True
192.0,POR_HORA,tarifa estándar para carro,173719.0,2026-03-23,True
682.0,POR_MES,tarifa estándar para camioneta,145971.0,2026-01-09,False
908.0,POR_MES,tarifa estándar para carro,98694.0,2026-02-13,False
607.0,POR_MES,tarifa estándar para bicicleta,50756.0,2026-01-01,False
720.0,POR_DIA,tarifa estándar para camioneta,116221.0,2026-03-22,True
464.0,POR_DIA,tarifa estándar para moto,67802.0,2026-06-23,True
774.0,POR_MES,tarifa estándar para bicicleta,163929.0,2026-03-19,True
345.0,POR_MES,tarifa estándar para carro,103609.0,2026-06-13,False
525.0,POR_HORA,tarifa estándar para camioneta,211009.0,2026-01-01,False
1.0,POR_HORA,tarifa estándar para bicicleta,204674.0,2026-04-08,False
279.0,POR_MES,tarifa estándar para camioneta,167298.0,2026-01-28,False
627.0,POR_HORA,tarifa estándar para carro,226791.0,2026-02-01,True
287.0,POR_HORA,tarifa estándar para carro,39993.0,2026-04-16,True
239.0,POR_MES,tarifa estándar para bicicleta,67892.0,2026-05-04,True
868.0,POR_HORA,tarifa estándar para bicicleta,112729.0,2026-01-01,True
908.0,POR_HORA,tarifa estándar para camioneta,117180.0,2026-01-20,True
490.0,POR_DIA,tarifa estándar para bicicleta,163571.0,2026-02-28,True
61.0,POR_MES,tarifa estándar para moto,141664.0,2026-05-29,True
348.0,POR_DIA,tarifa estándar para carro,108436.0,2026-04-21,False
863.0,POR_DIA,tarifa estándar para carro,105312.0,2026-01-10,False
482.0,POR_DIA,tarifa estándar para bicicleta,165654.0,2026-05-16,True
78.0,POR_DIA,tarifa estándar para camioneta,22789.0,2026-05-23,False
354.0,POR_DIA,tarifa estándar para bicicleta,134404.0,2026-01-07,False
410.0,POR_DIA,tarifa estándar para moto,10133.0,2026-01-06,False
806.0,POR_DIA,tarifa estándar para bicicleta,84327.0,2026-02-11,True
273.0,POR_HORA,tarifa estándar para carro,172239.0,2026-05-06,True
146.0,POR_HORA,tarifa estándar para bicicleta,58174.0,2026-04-20,False
640.0,POR_MES,tarifa estándar para carro,56644.0,2026-02-12,True
675.0,POR_MES,tarifa estándar para bicicleta,79333.0,2026-05-23,True
623.0,POR_DIA,tarifa estándar para moto,173468.0,2026-02-17,True
56.0,POR_MES,tarifa estándar para bicicleta,208752.0,2026-02-22,True
161.0,POR_DIA,tarifa estándar para moto,100682.0,2026-01-01,True
516.0,POR_DIA,tarifa estándar para bicicleta,68464.0,2026-03-08,True
16.0,POR_HORA,tarifa estándar para moto,168267.0,2026-03-21,False
637.0,POR_DIA,tarifa estándar para carro,51876.0,2026-03-27,False
269.0,POR_MES,tarifa estándar para moto,121893.0,2026-03-22,False
46.0,POR_HORA,tarifa estándar para camioneta,230101.0,2026-01-13,False
756.0,POR_DIA,tarifa estándar para carro,155689.0,2026-05-07,False
178.0,POR_MES,tarifa estándar para bicicleta,61453.0,2026-03-15,False
856.0,POR_DIA,tarifa estándar para bicicleta,81613.0,2026-01-01,False
530.0,POR_MES,tarifa estándar para carro,95017.0,2026-04-15,True
621.0,POR_MES,tarifa estándar para bicicleta,50848.0,2026-01-01,False
856.0,POR_MES,tarifa estándar para bicicleta,186227.0,2026-01-01,True
329.0,POR_MES,tarifa estándar para bicicleta,211729.0,2026-01-01,False
751.0,POR_MES,tarifa estándar para camioneta,213955.0,2026-03-05,True
565.0,POR_HORA,tarifa estándar para moto,224900.0,2026-03-12,False
448.0,POR_DIA,tarifa estándar para camioneta,220624.0,2026-03-25,True
360.0,POR_MES,tarifa estándar para carro,121812.0,2026-06-11,False
500.0,POR_DIA,tarifa estándar para bicicleta,132200.0,2026-01-18,True
76.0,POR_HORA,tarifa estándar para carro,50844.0,2026-02-24,True
639.0,POR_DIA,tarifa estándar para carro,28205.0,2026-01-07,True
544.0,POR_HORA,tarifa estándar para carro,85558.0,2026-04-11,True
758.0,POR_DIA,tarifa estándar para bicicleta,9580.0,2026-01-01,False
646.0,POR_MES,tarifa estándar para bicicleta,121733.0,2026-06-10,True
525.0,POR_DIA,tarifa estándar para camioneta,105480.0,2026-03-21,True
914.0,POR_MES,tarifa estándar para carro,135168.0,2026-01-12,True
396.0,POR_HORA,tarifa estándar para camioneta,108633.0,2026-06-21,False
431.0,POR_DIA,tarifa estándar para moto,186723.0,2026-01-01,False
421.0,POR_MES,tarifa estándar para carro,89894.0,2026-01-08,False
635.0,POR_DIA,tarifa estándar para carro,229684.0,2026-04-19,True
294.0,POR_MES,tarifa estándar para moto,193917.0,2026-01-01,True
844.0,POR_MES,tarifa estándar para carro,49259.0,2026-03-20,True
77.0,POR_HORA,tarifa estándar para moto,237546.0,2026-01-01,False
759.0,POR_HORA,tarifa estándar para camioneta,64699.0,2026-03-30,True
65.0,POR_MES,tarifa estándar para moto,22421.0,2026-02-18,True
601.0,POR_MES,tarifa estándar para moto,234679.0,2026-01-22,False
700.0,POR_DIA,tarifa estándar para camioneta,24444.0,2026-05-31,True
8.0,POR_DIA,tarifa estándar para bicicleta,188393.0,2026-01-26,True
791.0,POR_DIA,tarifa estándar para bicicleta,218731.0,2026-02-24,False
752.0,POR_HORA,tarifa estándar para camioneta,182640.0,2026-01-11,True
842.0,POR_MES,tarifa estándar para bicicleta,116225.0,2026-01-01,False
73.0,POR_HORA,tarifa estándar para carro,40338.0,2026-01-01,False
421.0,POR_MES,tarifa estándar para carro,59775.0,2026-03-29,True
684.0,POR_DIA,tarifa estándar para bicicleta,31889.0,2026-01-01,False
917.0,POR_HORA,tarifa estándar para moto,101312.0,2026-06-23,True
722.0,POR_HORA,tarifa estándar para bicicleta,37635.0,2026-04-19,False
695.0,POR_HORA,tarifa estándar para carro,231302.0,2026-06-12,True
995.0,POR_MES,tarifa estándar para bicicleta,34324.0,2026-02-03,True
96.0,POR_MES,tarifa estándar para camioneta,247014.0,2026-01-01,True
919.0,POR_MES,tarifa estándar para carro,74317.0,2026-05-05,False
479.0,POR_MES,tarifa estándar para bicicleta,124856.0,2026-01-27,True
426.0,POR_DIA,tarifa estándar para moto,229678.0,2026-03-18,True
465.0,POR_MES,tarifa estándar para bicicleta,76469.0,2026-01-24,False
987.0,POR_MES,tarifa estándar para carro,246517.0,2026-01-17,False
517.0,POR_DIA,tarifa estándar para carro,151052.0,2026-05-15,False
154.0,POR_MES,tarifa estándar para moto,195916.0,2026-06-24,True
304.0,POR_HORA,tarifa estándar para bicicleta,9918.0,2026-06-03,False
19.0,POR_HORA,tarifa estándar para moto,222519.0,2026-01-29,False
300.0,POR_DIA,tarifa estándar para moto,9653.0,2026-01-01,True
814.0,POR_HORA,tarifa estándar para bicicleta,195700.0,2026-01-20,False
452.0,POR_MES,tarifa estándar para bicicleta,246750.0,2026-01-01,False
77.0,POR_DIA,tarifa estándar para camioneta,180860.0,2026-04-29,True
707.0,POR_DIA,tarifa estándar para bicicleta,62083.0,2026-02-25,True
803.0,POR_MES,tarifa estándar para camioneta,59111.0,2026-06-27,True
552.0,POR_MES,tarifa estándar para carro,12443.0,2026-03-31,False
363.0,POR_DIA,tarifa estándar para carro,139554.0,2026-03-25,False
963.0,POR_DIA,tarifa estándar para bicicleta,158165.0,2026-01-01,True
634.0,POR_MES,tarifa estándar para bicicleta,5708.0,2026-06-05,True
525.0,POR_HORA,tarifa estándar para bicicleta,211691.0,2026-05-24,True
800.0,POR_MES,tarifa estándar para carro,244220.0,2026-01-01,False
193.0,POR_DIA,tarifa estándar para moto,140665.0,2026-02-19,True
928.0,POR_MES,tarifa estándar para moto,49766.0,2026-05-31,False
313.0,POR_MES,tarifa estándar para bicicleta,61231.0,2026-01-01,False
394.0,POR_DIA,tarifa estándar para camioneta,142286.0,2026-05-31,True
93.0,POR_HORA,tarifa estándar para moto,73889.0,2026-05-18,True
152.0,POR_MES,tarifa estándar para carro,65081.0,2026-04-15,False
834.0,POR_HORA,tarifa estándar para bicicleta,38319.0,2026-01-24,True
265.0,POR_MES,tarifa estándar para camioneta,173311.0,2026-06-13,False
713.0,POR_MES,tarifa estándar para carro,174933.0,2026-01-01,True
645.0,POR_DIA,tarifa estándar para camioneta,176791.0,2026-02-01,True
593.0,POR_HORA,tarifa estándar para moto,175528.0,2026-04-05,False
604.0,POR_HORA,tarifa estándar para bicicleta,40441.0,2026-02-14,True
218.0,POR_DIA,tarifa estándar para carro,100977.0,2026-01-22,False
960.0,POR_HORA,tarifa estándar para carro,200975.0,2026-05-31,False
704.0,POR_HORA,tarifa estándar para carro,49218.0,2026-03-04,True
833.0,POR_MES,tarifa estándar para bicicleta,43228.0,2026-01-14,False
193.0,POR_MES,tarifa estándar para bicicleta,99646.0,2026-03-30,True
934.0,POR_MES,tarifa estándar para bicicleta,180931.0,2026-05-18,True
712.0,POR_MES,tarifa estándar para bicicleta,201163.0,2026-01-16,False
725.0,POR_MES,tarifa estándar para carro,163731.0,2026-01-13,False
628.0,POR_MES,tarifa estándar para camioneta,2611.0,2026-01-01,True
697.0,POR_MES,tarifa estándar para camioneta,165311.0,2026-02-04,True
284.0,POR_DIA,tarifa estándar para camioneta,35466.0,2026-01-04,False
762.0,POR_MES,tarifa estándar para bicicleta,35436.0,2026-03-08,False
290.0,POR_HORA,tarifa estándar para bicicleta,247290.0,2026-06-29,False
991.0,POR_HORA,tarifa estándar para carro,213054.0,2026-01-06,False
915.0,POR_DIA,tarifa estándar para camioneta,116967.0,2026-01-22,True
419.0,POR_HORA,tarifa estándar para bicicleta,230360.0,2026-05-27,True
338.0,POR_MES,tarifa estándar para moto,3965.0,2026-05-30,False
352.0,POR_MES,tarifa estándar para bicicleta,249396.0,2026-01-01,False
509.0,POR_DIA,tarifa estándar para camioneta,226566.0,2026-05-19,False
109.0,POR_MES,tarifa estándar para carro,237435.0,2026-04-17,False
831.0,POR_DIA,tarifa estándar para bicicleta,176133.0,2026-02-15,False
319.0,POR_HORA,tarifa estándar para carro,139022.0,2026-06-17,True
840.0,POR_DIA,tarifa estándar para camioneta,182447.0,2026-04-12,True
221.0,POR_HORA,tarifa estándar para moto,53423.0,2026-01-01,True
31.0,POR_DIA,tarifa estándar para camioneta,29854.0,2026-04-24,False
199.0,POR_DIA,tarifa estándar para camioneta,40794.0,2026-01-19,False
948.0,POR_HORA,tarifa estándar para moto,155157.0,2026-05-04,False
242.0,POR_MES,tarifa estándar para carro,174144.0,2026-04-02,True
110.0,POR_MES,tarifa estándar para bicicleta,53091.0,2026-05-01,True
759.0,POR_HORA,tarifa estándar para bicicleta,248468.0,2026-02-01,True
654.0,POR_DIA,tarifa estándar para bicicleta,156611.0,2026-01-01,False
56.0,POR_DIA,tarifa estándar para camioneta,186438.0,2026-01-04,True
936.0,POR_HORA,tarifa estándar para bicicleta,246706.0,2026-03-12,False
462.0,POR_MES,tarifa estándar para carro,88932.0,2026-03-04,True
5.0,POR_HORA,tarifa estándar para camioneta,113743.0,2026-02-18,False
375.0,POR_DIA,tarifa estándar para bicicleta,112790.0,2026-01-01,False
716.0,POR_DIA,tarifa estándar para camioneta,159757.0,2026-03-07,False
925.0,POR_MES,tarifa estándar para bicicleta,84791.0,2026-06-16,False
383.0,POR_HORA,tarifa estándar para moto,167555.0,2026-04-16,False
968.0,POR_MES,tarifa estándar para camioneta,239333.0,2026-03-25,True
851.0,POR_MES,tarifa estándar para camioneta,49224.0,2026-01-01,True
202.0,POR_DIA,tarifa estándar para moto,160433.0,2026-05-09,True
862.0,POR_HORA,tarifa estándar para carro,99898.0,2026-03-25,False
276.0,POR_MES,tarifa estándar para camioneta,87052.0,2026-05-07,False
360.0,POR_HORA,tarifa estándar para carro,27554.0,2026-01-01,True
165.0,POR_HORA,tarifa estándar para bicicleta,73016.0,2026-06-01,False
323.0,POR_MES,tarifa estándar para bicicleta,139034.0,2026-01-06,False
324.0,POR_MES,tarifa estándar para moto,191340.0,2026-01-01,False
420.0,POR_DIA,tarifa estándar para carro,176806.0,2026-03-21,False
265.0,POR_MES,tarifa estándar para bicicleta,74224.0,2026-03-22,True
74.0,POR_HORA,tarifa estándar para camioneta,153197.0,2026-05-19,True
187.0,POR_MES,tarifa estándar para camioneta,219997.0,2026-06-26,False
270.0,POR_MES,tarifa estándar para carro,247046.0,2026-01-01,True
690.0,POR_DIA,tarifa estándar para moto,191485.0,2026-04-04,True
815.0,POR_MES,tarifa estándar para camioneta,119246.0,2026-02-12,True
327.0,POR_HORA,tarifa estándar para camioneta,30914.0,2026-05-04,True
801.0,POR_DIA,tarifa estándar para bicicleta,167641.0,2026-02-11,False
225.0,POR_DIA,tarifa estándar para moto,190723.0,2026-03-08,False
91.0,POR_DIA,tarifa estándar para camioneta,125189.0,2026-06-08,True
899.0,POR_HORA,tarifa estándar para carro,17855.0,2026-01-04,True
886.0,POR_HORA,tarifa estándar para camioneta,6769.0,2026-02-15,False
446.0,POR_DIA,tarifa estándar para carro,27075.0,2026-01-01,False
476.0,POR_DIA,tarifa estándar para moto,57108.0,2026-01-01,True
513.0,POR_DIA,tarifa estándar para camioneta,108119.0,2026-06-21,True
920.0,POR_HORA,tarifa estándar para moto,81065.0,2026-02-15,False
628.0,POR_HORA,tarifa estándar para bicicleta,89444.0,2026-04-02,True
468.0,POR_HORA,tarifa estándar para carro,144506.0,2026-01-01,True
917.0,POR_DIA,tarifa estándar para bicicleta,198993.0,2026-04-11,False
949.0,POR_MES,tarifa estándar para carro,45766.0,2026-01-01,True
190.0,POR_HORA,tarifa estándar para carro,63273.0,2026-03-18,True
760.0,POR_DIA,tarifa estándar para bicicleta,112616.0,2026-01-01,True
509.0,POR_DIA,tarifa estándar para camioneta,194611.0,2026-03-02,False
963.0,POR_DIA,tarifa estándar para carro,10245.0,2026-02-25,True
612.0,POR_DIA,tarifa estándar para moto,178485.0,2026-05-28,True
628.0,POR_MES,tarifa estándar para camioneta,136980.0,2026-06-03,True
291.0,POR_DIA,tarifa estándar para moto,139061.0,2026-03-27,True
297.0,POR_DIA,tarifa estándar para bicicleta,4216.0,2026-01-07,True
239.0,POR_DIA,tarifa estándar para bicicleta,190897.0,2026-01-16,True
889.0,POR_DIA,tarifa estándar para camioneta,44229.0,2026-01-01,True
1000.0,POR_DIA,tarifa estándar para bicicleta,131910.0,2026-04-17,False
855.0,POR_MES,tarifa estándar para camioneta,7464.0,2026-01-01,False
680.0,POR_MES,tarifa estándar para camioneta,155207.0,2026-05-17,True
75.0,POR_HORA,tarifa estándar para camioneta,8765.0,2026-01-19,True
24.0,POR_MES,tarifa estándar para camioneta,229526.0,2026-01-17,True
42.0,POR_HORA,tarifa estándar para carro,123823.0,2026-05-12,True
91.0,POR_HORA,tarifa estándar para moto,227601.0,2026-02-11,False
546.0,POR_HORA,tarifa estándar para camioneta,119098.0,2026-01-01,False
590.0,POR_HORA,tarifa estándar para carro,198221.0,2026-01-01,False
88.0,POR_DIA,tarifa estándar para camioneta,178946.0,2026-04-22,True
624.0,POR_DIA,tarifa estándar para moto,169707.0,2026-01-07,True
878.0,POR_DIA,tarifa estándar para moto,153811.0,2026-04-19,False
447.0,POR_DIA,tarifa estándar para bicicleta,15956.0,2026-06-07,True
354.0,POR_HORA,tarifa estándar para bicicleta,157898.0,2026-01-16,False
609.0,POR_MES,tarifa estándar para bicicleta,77480.0,2026-05-17,False
108.0,POR_DIA,tarifa estándar para moto,26987.0,2026-06-26,True
810.0,POR_DIA,tarifa estándar para carro,106830.0,2026-04-18,False
783.0,POR_HORA,tarifa estándar para carro,21191.0,2026-05-14,True
553.0,POR_HORA,tarifa estándar para carro,168322.0,2026-01-01,True
203.0,POR_DIA,tarifa estándar para camioneta,66391.0,2026-02-16,True
211.0,POR_DIA,tarifa estándar para carro,207792.0,2026-02-15,True
263.0,POR_MES,tarifa estándar para carro,32501.0,2026-06-24,True
525.0,POR_HORA,tarifa estándar para moto,238155.0,2026-01-13,False
843.0,POR_HORA,tarifa estándar para moto,223521.0,2026-01-01,True
875.0,POR_DIA,tarifa estándar para carro,110073.0,2026-04-18,False
901.0,POR_HORA,tarifa estándar para camioneta,240882.0,2026-05-30,False
542.0,POR_DIA,tarifa estándar para carro,183882.0,2026-01-15,True
607.0,POR_MES,tarifa estándar para camioneta,86023.0,2026-03-09,False
225.0,POR_HORA,tarifa estándar para carro,200962.0,2026-02-15,False
120.0,POR_HORA,tarifa estándar para carro,195998.0,2026-02-22,True
699.0,POR_DIA,tarifa estándar para carro,65993.0,2026-04-21,False
607.0,POR_MES,tarifa estándar para carro,163291.0,2026-06-21,True
146.0,POR_HORA,tarifa estándar para camioneta,117912.0,2026-06-19,True
231.0,POR_HORA,tarifa estándar para bicicleta,182203.0,2026-01-01,False
392.0,POR_DIA,tarifa estándar para moto,182561.0,2026-01-01,False
692.0,POR_DIA,tarifa estándar para carro,29824.0,2026-04-01,False
48.0,POR_DIA,tarifa estándar para camioneta,86051.0,2026-05-08,False
185.0,POR_DIA,tarifa estándar para moto,42820.0,2026-03-31,True
286.0,POR_HORA,tarifa estándar para camioneta,72500.0,2026-01-01,True
348.0,POR_DIA,tarifa estándar para carro,133134.0,2026-04-04,False
838.0,POR_DIA,tarifa estándar para moto,148649.0,2026-01-24,False
759.0,POR_MES,tarifa estándar para camioneta,152640.0,2026-01-01,True
360.0,POR_HORA,tarifa estándar para bicicleta,41453.0,2026-01-20,False
430.0,POR_DIA,tarifa estándar para bicicleta,213504.0,2026-02-16,True
106.0,POR_DIA,tarifa estándar para bicicleta,72539.0,2026-01-01,True
748.0,POR_MES,tarifa estándar para carro,248744.0,2026-01-03,True
45.0,POR_MES,tarifa estándar para bicicleta,127856.0,2026-03-23,True
161.0,POR_MES,tarifa estándar para camioneta,75579.0,2026-02-12,True
539.0,POR_DIA,tarifa estándar para bicicleta,4844.0,2026-01-01,False
921.0,POR_MES,tarifa estándar para moto,158775.0,2026-03-26,True
445.0,POR_DIA,tarifa estándar para carro,244158.0,2026-03-13,False
234.0,POR_HORA,tarifa estándar para carro,221365.0,2026-06-06,True
811.0,POR_HORA,tarifa estándar para bicicleta,244075.0,2026-05-20,False
763.0,POR_DIA,tarifa estándar para carro,150727.0,2026-05-04,False
838.0,POR_DIA,tarifa estándar para bicicleta,138237.0,2026-02-23,True
890.0,POR_HORA,tarifa estándar para carro,123745.0,2026-03-18,False
490.0,POR_MES,tarifa estándar para carro,135169.0,2026-05-07,False
594.0,POR_DIA,tarifa estándar para carro,34547.0,2026-01-19,False
173.0,POR_DIA,tarifa estándar para bicicleta,222053.0,2026-02-04,True
478.0,POR_MES,tarifa estándar para carro,6247.0,2026-03-15,False
511.0,POR_DIA,tarifa estándar para carro,243433.0,2026-03-22,True
535.0,POR_DIA,tarifa estándar para camioneta,9728.0,2026-02-18,False
115.0,POR_DIA,tarifa estándar para bicicleta,6116.0,2026-04-30,True
647.0,POR_DIA,tarifa estándar para camioneta,36104.0,2026-04-23,True
512.0,POR_HORA,tarifa estándar para camioneta,95093.0,2026-06-02,False
651.0,POR_HORA,tarifa estándar para bicicleta,237200.0,2026-02-04,True
12.0,POR_DIA,tarifa estándar para camioneta,178101.0,2026-01-01,True
725.0,POR_HORA,tarifa estándar para camioneta,58568.0,2026-05-23,True
351.0,POR_DIA,tarifa estándar para carro,153409.0,2026-01-01,False
222.0,POR_MES,tarifa estándar para carro,219561.0,2026-03-19,True
568.0,POR_HORA,tarifa estándar para bicicleta,244235.0,2026-03-16,False
115.0,POR_MES,tarifa estándar para camioneta,84602.0,2026-06-15,False
161.0,POR_DIA,tarifa estándar para camioneta,94932.0,2026-06-01,False
728.0,POR_HORA,tarifa estándar para camioneta,35006.0,2026-06-07,False
999.0,POR_DIA,tarifa estándar para bicicleta,21822.0,2026-01-11,False
877.0,POR_DIA,tarifa estándar para camioneta,108059.0,2026-01-09,False
320.0,POR_HORA,tarifa estándar para camioneta,219559.0,2026-01-01,False
987.0,POR_HORA,tarifa estándar para moto,56819.0,2026-01-01,True
343.0,POR_MES,tarifa estándar para bicicleta,218653.0,2026-02-08,True
879.0,POR_HORA,tarifa estándar para carro,118947.0,2026-01-01,True
663.0,POR_MES,tarifa estándar para moto,22795.0,2026-01-02,True
588.0,POR_MES,tarifa estándar para camioneta,158699.0,2026-04-13,False
615.0,POR_MES,tarifa estándar para bicicleta,178265.0,2026-01-01,True
928.0,POR_MES,tarifa estándar para carro,155498.0,2026-01-01,False
647.0,POR_MES,tarifa estándar para moto,26949.0,2026-02-04,True
228.0,POR_MES,tarifa estándar para camioneta,111341.0,2026-01-09,False
707.0,POR_DIA,tarifa estándar para camioneta,28522.0,2026-01-27,True
311.0,POR_DIA,tarifa estándar para carro,236432.0,2026-01-07,True
850.0,POR_MES,tarifa estándar para bicicleta,18403.0,2026-06-01,True
379.0,POR_DIA,tarifa estándar para bicicleta,145980.0,2026-01-27,True
814.0,POR_MES,tarifa estándar para camioneta,139983.0,2026-01-02,False
105.0,POR_MES,tarifa estándar para camioneta,3412.0,2026-01-01,False
377.0,POR_DIA,tarifa estándar para carro,45329.0,2026-01-01,True
561.0,POR_HORA,tarifa estándar para moto,90635.0,2026-03-02,False
512.0,POR_MES,tarifa estándar para bicicleta,44946.0,2026-02-06,True
572.0,POR_DIA,tarifa estándar para moto,213204.0,2026-04-29,True
501.0,POR_DIA,tarifa estándar para moto,32370.0,2026-01-01,True
467.0,POR_HORA,tarifa estándar para bicicleta,111884.0,2026-05-16,False
247.0,POR_HORA,tarifa estándar para moto,122389.0,2026-01-01,False
347.0,POR_HORA,tarifa estándar para bicicleta,39855.0,2026-02-24,False
769.0,POR_HORA,tarifa estándar para moto,222845.0,2026-02-22,True
629.0,POR_HORA,tarifa estándar para moto,71551.0,2026-01-01,False
567.0,POR_HORA,tarifa estándar para carro,217067.0,2026-01-01,True
644.0,POR_DIA,tarifa estándar para camioneta,106667.0,2026-05-12,False
911.0,POR_DIA,tarifa estándar para camioneta,81764.0,2026-03-24,True
83.0,POR_DIA,tarifa estándar para camioneta,174018.0,2026-02-02,False
333.0,POR_HORA,tarifa estándar para moto,45821.0,2026-01-23,True
414.0,POR_DIA,tarifa estándar para carro,2658.0,2026-05-14,True
868.0,POR_DIA,tarifa estándar para camioneta,161524.0,2026-05-12,False
606.0,POR_DIA,tarifa estándar para bicicleta,150727.0,2026-01-13,False
79.0,POR_DIA,tarifa estándar para moto,55130.0,2026-02-15,False
114.0,POR_MES,tarifa estándar para carro,223056.0,2026-02-20,False
339.0,POR_HORA,tarifa estándar para moto,32461.0,2026-06-10,False
67.0,POR_MES,tarifa estándar para camioneta,136468.0,2026-01-31,True
922.0,POR_DIA,tarifa estándar para moto,127848.0,2026-04-29,False
804.0,POR_MES,tarifa estándar para bicicleta,222914.0,2026-03-12,False
823.0,POR_DIA,tarifa estándar para moto,107503.0,2026-01-01,True
176.0,POR_HORA,tarifa estándar para camioneta,85444.0,2026-06-13,True
24.0,POR_DIA,tarifa estándar para bicicleta,41477.0,2026-01-01,True
623.0,POR_MES,tarifa estándar para moto,221389.0,2026-01-01,True
286.0,POR_DIA,tarifa estándar para carro,117713.0,2026-06-09,False
836.0,POR_MES,tarifa estándar para moto,32421.0,2026-01-29,False
863.0,POR_HORA,tarifa estándar para carro,177589.0,2026-02-01,False
389.0,POR_MES,tarifa estándar para bicicleta,92390.0,2026-06-03,False
933.0,POR_DIA,tarifa estándar para camioneta,196317.0,2026-03-04,True
528.0,POR_DIA,tarifa estándar para moto,146057.0,2026-06-19,False
387.0,POR_DIA,tarifa estándar para carro,140662.0,2026-01-01,False
273.0,POR_DIA,tarifa estándar para bicicleta,26148.0,2026-05-11,True
868.0,POR_MES,tarifa estándar para moto,192439.0,2026-06-02,False
517.0,POR_MES,tarifa estándar para moto,215798.0,2026-02-09,True
701.0,POR_DIA,tarifa estándar para carro,15288.0,2026-01-01,True
781.0,POR_HORA,tarifa estándar para bicicleta,221442.0,2026-05-23,False
689.0,POR_HORA,tarifa estándar para carro,157711.0,2026-01-01,True
210.0,POR_DIA,tarifa estándar para bicicleta,96297.0,2026-05-25,True
936.0,POR_MES,tarifa estándar para moto,142085.0,2026-03-30,False
749.0,POR_MES,tarifa estándar para moto,13037.0,2026-02-21,True
911.0,POR_HORA,tarifa estándar para moto,178277.0,2026-01-21,False
429.0,POR_HORA,tarifa estándar para carro,178922.0,2026-06-08,False
983.0,POR_HORA,tarifa estándar para carro,219576.0,2026-05-24,False
444.0,POR_MES,tarifa estándar para moto,108670.0,2026-01-01,True
430.0,POR_MES,tarifa estándar para moto,189011.0,2026-01-01,False
505.0,POR_DIA,tarifa estándar para moto,81969.0,2026-01-01,True
566.0,POR_HORA,tarifa estándar para bicicleta,226005.0,2026-06-08,False
350.0,POR_DIA,tarifa estándar para moto,79347.0,2026-01-01,True
797.0,POR_DIA,tarifa estándar para moto,238091.0,2026-06-27,True
739.0,POR_HORA,tarifa estándar para carro,121828.0,2026-04-24,True
729.0,POR_HORA,tarifa estándar para bicicleta,137799.0,2026-01-08,True
151.0,POR_MES,tarifa estándar para moto,187441.0,2026-05-02,False
996.0,POR_MES,tarifa estándar para moto,124589.0,2026-01-01,False
953.0,POR_HORA,tarifa estándar para bicicleta,11637.0,2026-01-15,True
662.0,POR_HORA,tarifa estándar para moto,233003.0,2026-05-21,False
504.0,POR_DIA,tarifa estándar para moto,11926.0,2026-06-29,True
319.0,POR_MES,tarifa estándar para carro,101845.0,2026-03-07,True
310.0,POR_HORA,tarifa estándar para moto,40650.0,2026-01-01,True
26.0,POR_DIA,tarifa estándar para camioneta,18287.0,2026-06-30,False
800.0,POR_HORA,tarifa estándar para moto,100465.0,2026-02-08,True
848.0,POR_MES,tarifa estándar para carro,69680.0,2026-06-14,True
186.0,POR_HORA,tarifa estándar para camioneta,96085.0,2026-01-01,False
352.0,POR_DIA,tarifa estándar para carro,52136.0,2026-02-18,True
271.0,POR_DIA,tarifa estándar para moto,121383.0,2026-04-22,True
700.0,POR_HORA,tarifa estándar para carro,249828.0,2026-01-01,False
292.0,POR_DIA,tarifa estándar para camioneta,12368.0,2026-02-12,True
472.0,POR_HORA,tarifa estándar para camioneta,156399.0,2026-05-18,False
76.0,POR_HORA,tarifa estándar para moto,102116.0,2026-03-23,True
572.0,POR_MES,tarifa estándar para camioneta,209740.0,2026-01-01,False
707.0,POR_DIA,tarifa estándar para carro,77291.0,2026-03-21,False
611.0,POR_DIA,tarifa estándar para bicicleta,188144.0,2026-01-01,True
750.0,POR_DIA,tarifa estándar para bicicleta,59570.0,2026-03-24,True
246.0,POR_DIA,tarifa estándar para carro,187049.0,2026-01-01,False
906.0,POR_HORA,tarifa estándar para carro,86341.0,2026-01-01,True
108.0,POR_HORA,tarifa estándar para moto,129422.0,2026-01-01,False
751.0,POR_DIA,tarifa estándar para carro,7920.0,2026-02-28,True
948.0,POR_MES,tarifa estándar para camioneta,188038.0,2026-04-20,True
561.0,POR_MES,tarifa estándar para bicicleta,25932.0,2026-05-18,True
862.0,POR_HORA,tarifa estándar para carro,114082.0,2026-02-27,True
413.0,POR_MES,tarifa estándar para carro,77058.0,2026-03-02,False
369.0,POR_HORA,tarifa estándar para bicicleta,152245.0,2026-01-18,False
629.0,POR_DIA,tarifa estándar para bicicleta,211552.0,2026-05-10,False
40.0,POR_MES,tarifa estándar para moto,235179.0,2026-05-07,False
20.0,POR_HORA,tarifa estándar para camioneta,114395.0,2026-05-13,True
392.0,POR_MES,tarifa estándar para moto,30238.0,2026-01-01,True
769.0,POR_HORA,tarifa estándar para moto,216675.0,2026-01-01,True
969.0,POR_HORA,tarifa estándar para moto,80700.0,2026-03-16,True
337.0,POR_HORA,tarifa estándar para moto,144835.0,2026-02-21,False
582.0,POR_HORA,tarifa estándar para camioneta,198858.0,2026-01-21,True
856.0,POR_HORA,tarifa estándar para camioneta,91810.0,2026-01-01,True
144.0,POR_MES,tarifa estándar para camioneta,61946.0,2026-02-17,False
492.0,POR_MES,tarifa estándar para carro,99276.0,2026-01-01,False
741.0,POR_DIA,tarifa estándar para moto,184576.0,2026-03-31,False
957.0,POR_DIA,tarifa estándar para carro,114161.0,2026-04-18,True
767.0,POR_HORA,tarifa estándar para carro,247254.0,2026-06-28,True
213.0,POR_DIA,tarifa estándar para carro,8852.0,2026-05-25,True
857.0,POR_HORA,tarifa estándar para bicicleta,24871.0,2026-04-11,True
871.0,POR_DIA,tarifa estándar para camioneta,126554.0,2026-01-16,False
947.0,POR_DIA,tarifa estándar para carro,212313.0,2026-01-01,False
581.0,POR_DIA,tarifa estándar para carro,45122.0,2026-03-13,True
645.0,POR_MES,tarifa estándar para carro,231426.0,2026-01-15,False
372.0,POR_DIA,tarifa estándar para moto,70422.0,2026-05-01,True
23.0,POR_MES,tarifa estándar para carro,171388.0,2026-03-25,False
318.0,POR_DIA,tarifa estándar para camioneta,55341.0,2026-02-14,True
416.0,POR_HORA,tarifa estándar para moto,137596.0,2026-06-20,True
207.0,POR_HORA,tarifa estándar para bicicleta,22909.0,2026-01-01,False
8.0,POR_HORA,tarifa estándar para moto,42571.0,2026-01-01,False
203.0,POR_HORA,tarifa estándar para camioneta,7712.0,2026-01-09,False
575.0,POR_HORA,tarifa estándar para carro,149041.0,2026-01-26,False
771.0,POR_HORA,tarifa estándar para camioneta,173424.0,2026-03-18,True
533.0,POR_DIA,tarifa estándar para camioneta,128727.0,2026-06-28,True
730.0,POR_DIA,tarifa estándar para bicicleta,167094.0,2026-02-18,True
174.0,POR_HORA,tarifa estándar para carro,178056.0,2026-01-01,False
188.0,POR_DIA,tarifa estándar para bicicleta,64346.0,2026-04-14,False
532.0,POR_DIA,tarifa estándar para moto,170645.0,2026-01-30,True
246.0,POR_DIA,tarifa estándar para carro,130101.0,2026-06-12,True
974.0,POR_DIA,tarifa estándar para carro,28715.0,2026-01-01,False
382.0,POR_HORA,tarifa estándar para bicicleta,86344.0,2026-02-18,True
619.0,POR_DIA,tarifa estándar para carro,213400.0,2026-01-01,False
756.0,POR_MES,tarifa estándar para carro,95950.0,2026-01-17,True
559.0,POR_MES,tarifa estándar para camioneta,227489.0,2026-06-05,False
247.0,POR_DIA,tarifa estándar para camioneta,54969.0,2026-05-19,True
699.0,POR_HORA,tarifa estándar para carro,238713.0,2026-04-02,True
943.0,POR_MES,tarifa estándar para carro,168610.0,2026-06-08,False
237.0,POR_HORA,tarifa estándar para moto,192813.0,2026-04-20,False
250.0,POR_MES,tarifa estándar para camioneta,235634.0,2026-05-23,True
273.0,POR_HORA,tarifa estándar para bicicleta,36380.0,2026-01-22,True
222.0,POR_HORA,tarifa estándar para bicicleta,178462.0,2026-06-03,False
600.0,POR_DIA,tarifa estándar para bicicleta,108247.0,2026-02-28,False
953.0,POR_DIA,tarifa estándar para camioneta,229700.0,2026-05-22,True
628.0,POR_MES,tarifa estándar para bicicleta,5114.0,2026-01-01,False
180.0,POR_HORA,tarifa estándar para carro,202827.0,2026-02-09,True
638.0,POR_MES,tarifa estándar para camioneta,101136.0,2026-01-01,False
74.0,POR_HORA,tarifa estándar para camioneta,220704.0,2026-05-15,False
783.0,POR_HORA,tarifa estándar para bicicleta,229517.0,2026-06-13,False
409.0,POR_HORA,tarifa estándar para moto,23750.0,2026-01-30,False
334.0,POR_DIA,tarifa estándar para moto,233407.0,2026-03-19,True
634.0,POR_HORA,tarifa estándar para bicicleta,64568.0,2026-01-21,True
8.0,POR_HORA,tarifa estándar para bicicleta,120157.0,2026-01-20,True
72.0,POR_DIA,tarifa estándar para bicicleta,88632.0,2026-01-01,True
331.0,POR_HORA,tarifa estándar para camioneta,220744.0,2026-01-01,True
340.0,POR_MES,tarifa estándar para carro,78853.0,2026-04-01,False
958.0,POR_DIA,tarifa estándar para camioneta,146478.0,2026-06-01,True
192.0,POR_MES,tarifa estándar para moto,28562.0,2026-04-12,False
841.0,POR_DIA,tarifa estándar para bicicleta,205643.0,2026-05-23,True
756.0,POR_DIA,tarifa estándar para bicicleta,177028.0,2026-01-01,False
172.0,POR_HORA,tarifa estándar para bicicleta,96307.0,2026-01-01,True
758.0,POR_MES,tarifa estándar para bicicleta,205025.0,2026-01-29,True
237.0,POR_HORA,tarifa estándar para carro,82712.0,2026-06-08,False
494.0,POR_DIA,tarifa estándar para moto,84482.0,2026-02-18,True
486.0,POR_HORA,tarifa estándar para moto,32407.0,2026-06-04,True
43.0,POR_MES,tarifa estándar para camioneta,133720.0,2026-01-11,True
842.0,POR_HORA,tarifa estándar para bicicleta,187970.0,2026-03-30,True
144.0,POR_MES,tarifa estándar para bicicleta,130793.0,2026-05-19,True
478.0,POR_DIA,tarifa estándar para camioneta,194570.0,2026-02-17,True
471.0,POR_HORA,tarifa estándar para carro,49216.0,2026-03-18,False
469.0,POR_HORA,tarifa estándar para moto,119771.0,2026-01-10,True
105.0,POR_HORA,tarifa estándar para camioneta,171688.0,2026-03-12,True
427.0,POR_MES,tarifa estándar para moto,142766.0,2026-04-10,False
703.0,POR_MES,tarifa estándar para bicicleta,110264.0,2026-01-01,True
424.0,POR_DIA,tarifa estándar para bicicleta,120819.0,2026-06-25,False
144.0,POR_MES,tarifa estándar para carro,51525.0,2026-06-23,True
638.0,POR_MES,tarifa estándar para carro,189391.0,2026-03-11,False
209.0,POR_DIA,tarifa estándar para bicicleta,63480.0,2026-04-18,True
296.0,POR_DIA,tarifa estándar para camioneta,233052.0,2026-04-16,True
664.0,POR_DIA,tarifa estándar para bicicleta,162236.0,2026-05-18,False
779.0,POR_DIA,tarifa estándar para bicicleta,187336.0,2026-01-16,True
385.0,POR_MES,tarifa estándar para carro,196459.0,2026-01-01,True
418.0,POR_DIA,tarifa estándar para moto,185358.0,2026-02-01,True
800.0,POR_MES,tarifa estándar para camioneta,79362.0,2026-01-01,True
318.0,POR_HORA,tarifa estándar para bicicleta,39840.0,2026-03-08,True
192.0,POR_HORA,tarifa estándar para moto,192851.0,2026-05-06,False
392.0,POR_DIA,tarifa estándar para camioneta,204314.0,2026-04-24,False
153.0,POR_MES,tarifa estándar para moto,123662.0,2026-03-10,True
818.0,POR_DIA,tarifa estándar para carro,104929.0,2026-05-09,False
366.0,POR_MES,tarifa estándar para carro,200291.0,2026-02-06,True
323.0,POR_DIA,tarifa estándar para camioneta,42952.0,2026-06-12,True
679.0,POR_MES,tarifa estándar para carro,122988.0,2026-01-21,False
172.0,POR_MES,tarifa estándar para carro,24703.0,2026-01-01,True
122.0,POR_MES,tarifa estándar para camioneta,17673.0,2026-06-18,True
594.0,POR_MES,tarifa estándar para moto,114958.0,2026-06-29,True
429.0,POR_MES,tarifa estándar para bicicleta,149109.0,2026-06-30,True
228.0,POR_DIA,tarifa estándar para carro,209481.0,2026-04-14,False
552.0,POR_DIA,tarifa estándar para moto,239908.0,2026-01-01,True
470.0,POR_DIA,tarifa estándar para moto,54487.0,2026-05-05,False
102.0,POR_MES,tarifa estándar para carro,139015.0,2026-04-15,True
528.0,POR_DIA,tarifa estándar para bicicleta,226551.0,2026-04-23,False
976.0,POR_DIA,tarifa estándar para bicicleta,177880.0,2026-01-06,False
545.0,POR_MES,tarifa estándar para bicicleta,22071.0,2026-01-01,True
282.0,POR_HORA,tarifa estándar para bicicleta,84392.0,2026-01-01,True
140.0,POR_DIA,tarifa estándar para bicicleta,66475.0,2026-03-14,True
391.0,POR_DIA,tarifa estándar para carro,62121.0,2026-06-24,True
678.0,POR_DIA,tarifa estándar para moto,153246.0,2026-01-01,True
111.0,POR_HORA,tarifa estándar para carro,94062.0,2026-01-01,True
641.0,POR_HORA,tarifa estándar para moto,138257.0,2026-03-11,False
474.0,POR_HORA,tarifa estándar para carro,48116.0,2026-05-14,True
991.0,POR_HORA,tarifa estándar para moto,99833.0,2026-06-24,True
873.0,POR_MES,tarifa estándar para camioneta,159425.0,2026-01-11,True
128.0,POR_HORA,tarifa estándar para moto,97822.0,2026-03-04,False
431.0,POR_DIA,tarifa estándar para camioneta,206562.0,2026-01-11,False
599.0,POR_HORA,tarifa estándar para camioneta,231106.0,2026-05-25,True
949.0,POR_MES,tarifa estándar para camioneta,21794.0,2026-04-12,True
502.0,POR_MES,tarifa estándar para carro,49406.0,2026-01-01,True
235.0,POR_HORA,tarifa estándar para carro,161677.0,2026-05-24,True
159.0,POR_MES,tarifa estándar para carro,184413.0,2026-03-19,False
97.0,POR_HORA,tarifa estándar para carro,26269.0,2026-01-10,False
696.0,POR_DIA,tarifa estándar para moto,178465.0,2026-03-13,False
441.0,POR_MES,tarifa estándar para camioneta,61208.0,2026-02-16,False
999.0,POR_DIA,tarifa estándar para bicicleta,211467.0,2026-02-08,True
455.0,POR_HORA,tarifa estándar para bicicleta,233555.0,2026-02-04,True
271.0,POR_MES,tarifa estándar para carro,13256.0,2026-01-01,True
464.0,POR_DIA,tarifa estándar para carro,117551.0,2026-03-14,True
408.0,POR_HORA,tarifa estándar para camioneta,59568.0,2026-01-01,False
973.0,POR_DIA,tarifa estándar para carro,38045.0,2026-01-28,True
109.0,POR_MES,tarifa estándar para bicicleta,211607.0,2026-03-22,False
66.0,POR_DIA,tarifa estándar para carro,113924.0,2026-01-01,True
794.0,POR_MES,tarifa estándar para bicicleta,197374.0,2026-01-14,False
637.0,POR_HORA,tarifa estándar para moto,24200.0,2026-01-11,False
668.0,POR_MES,tarifa estándar para moto,118088.0,2026-01-16,True
623.0,POR_HORA,tarifa estándar para bicicleta,207958.0,2026-04-14,True
291.0,POR_MES,tarifa estándar para camioneta,114856.0,2026-05-04,False
91.0,POR_HORA,tarifa estándar para bicicleta,53102.0,2026-01-01,False
55.0,POR_MES,tarifa estándar para camioneta,214356.0,2026-01-03,False
500.0,POR_MES,tarifa estándar para camioneta,115305.0,2026-01-01,False
349.0,POR_DIA,tarifa estándar para carro,122467.0,2026-06-01,False
725.0,POR_HORA,tarifa estándar para carro,26430.0,2026-06-23,True
29.0,POR_DIA,tarifa estándar para moto,66948.0,2026-02-24,True
705.0,POR_DIA,tarifa estándar para carro,53745.0,2026-06-16,False
532.0,POR_DIA,tarifa estándar para bicicleta,16247.0,2026-01-26,False
631.0,POR_DIA,tarifa estándar para carro,88800.0,2026-01-01,True
115.0,POR_DIA,tarifa estándar para carro,207471.0,2026-05-14,False
40.0,POR_HORA,tarifa estándar para bicicleta,168639.0,2026-04-18,False
722.0,POR_HORA,tarifa estándar para carro,5425.0,2026-05-02,False
886.0,POR_HORA,tarifa estándar para bicicleta,102223.0,2026-05-29,False
477.0,POR_HORA,tarifa estándar para bicicleta,48209.0,2026-05-27,False
405.0,POR_HORA,tarifa estándar para carro,214185.0,2026-02-23,True
312.0,POR_MES,tarifa estándar para moto,184912.0,2026-03-06,False
51.0,POR_MES,tarifa estándar para bicicleta,40844.0,2026-01-01,False
860.0,POR_HORA,tarifa estándar para carro,200526.0,2026-03-01,False
100.0,POR_HORA,tarifa estándar para camioneta,39410.0,2026-05-10,True
984.0,POR_HORA,tarifa estándar para moto,2961.0,2026-03-23,True
921.0,POR_HORA,tarifa estándar para bicicleta,242643.0,2026-06-05,True
45.0,POR_MES,tarifa estándar para moto,41136.0,2026-03-30,True
432.0,POR_HORA,tarifa estándar para moto,67691.0,2026-01-02,True
282.0,POR_DIA,tarifa estándar para camioneta,93908.0,2026-01-01,False
367.0,POR_HORA,tarifa estándar para moto,145040.0,2026-01-01,False
915.0,POR_HORA,tarifa estándar para moto,73943.0,2026-01-24,True
547.0,POR_HORA,tarifa estándar para camioneta,24972.0,2026-05-14,False
11.0,POR_MES,tarifa estándar para bicicleta,15395.0,2026-04-24,False
243.0,POR_MES,tarifa estándar para bicicleta,61715.0,2026-05-12,False
348.0,POR_HORA,tarifa estándar para carro,67493.0,2026-01-01,True
121.0,POR_MES,tarifa estándar para carro,76518.0,2026-01-30,False
931.0,POR_HORA,tarifa estándar para moto,56337.0,2026-02-19,False
301.0,POR_HORA,tarifa estándar para camioneta,55548.0,2026-03-29,False
133.0,POR_MES,tarifa estándar para carro,10552.0,2026-01-18,True
589.0,POR_MES,tarifa estándar para carro,69108.0,2026-03-07,True
979.0,POR_HORA,tarifa estándar para carro,83934.0,2026-04-04,True
58.0,POR_HORA,tarifa estándar para moto,242872.0,2026-01-24,False
541.0,POR_MES,tarifa estándar para carro,69706.0,2026-05-23,False
836.0,POR_MES,tarifa estándar para moto,109642.0,2026-01-04,False
32.0,POR_HORA,tarifa estándar para camioneta,190148.0,2026-03-09,True
691.0,POR_HORA,tarifa estándar para moto,223533.0,2026-04-26,True
141.0,POR_DIA,tarifa estándar para camioneta,150410.0,2026-01-19,True
427.0,POR_DIA,tarifa estándar para carro,102422.0,2026-06-23,False
802.0,POR_MES,tarifa estándar para moto,174090.0,2026-01-01,True
231.0,POR_HORA,tarifa estándar para bicicleta,220039.0,2026-02-10,False
951.0,POR_HORA,tarifa estándar para camioneta,50954.0,2026-02-12,True
391.0,POR_MES,tarifa estándar para carro,160019.0,2026-06-05,True
14.0,POR_HORA,tarifa estándar para camioneta,205011.0,2026-04-12,True
368.0,POR_MES,tarifa estándar para carro,153834.0,2026-03-17,True
290.0,POR_DIA,tarifa estándar para bicicleta,239408.0,2026-02-28,True
78.0,POR_DIA,tarifa estándar para camioneta,192332.0,2026-05-18,True
68.0,POR_MES,tarifa estándar para bicicleta,99325.0,2026-04-11,False
97.0,POR_HORA,tarifa estándar para camioneta,188732.0,2026-04-24,False
903.0,POR_DIA,tarifa estándar para carro,210301.0,2026-01-01,False
469.0,POR_DIA,tarifa estándar para bicicleta,33220.0,2026-05-02,True
83.0,POR_DIA,tarifa estándar para moto,131813.0,2026-04-22,False
536.0,POR_MES,tarifa estándar para moto,163382.0,2026-02-09,False
66.0,POR_DIA,tarifa estándar para bicicleta,6107.0,2026-05-27,False
583.0,POR_HORA,tarifa estándar para moto,76998.0,2026-06-05,False
20.0,POR_MES,tarifa estándar para bicicleta,181941.0,2026-03-18,False
119.0,POR_MES,tarifa estándar para bicicleta,121498.0,2026-01-01,True
327.0,POR_MES,tarifa estándar para moto,157677.0,2026-06-29,False
715.0,POR_MES,tarifa estándar para bicicleta,242849.0,2026-02-05,False
20.0,POR_DIA,tarifa estándar para moto,124161.0,2026-01-17,False
245.0,POR_MES,tarifa estándar para bicicleta,198908.0,2026-04-09,True
685.0,POR_HORA,tarifa estándar para carro,172622.0,2026-01-01,True
763.0,POR_DIA,tarifa estándar para moto,92646.0,2026-01-01,False
546.0,POR_HORA,tarifa estándar para moto,86753.0,2026-01-28,True
789.0,POR_HORA,tarifa estándar para bicicleta,88550.0,2026-02-08,False
942.0,POR_MES,tarifa estándar para bicicleta,162242.0,2026-01-01,True
541.0,POR_DIA,tarifa estándar para bicicleta,13450.0,2026-04-10,True
21.0,POR_DIA,tarifa estándar para moto,234347.0,2026-05-26,False
444.0,POR_HORA,tarifa estándar para moto,144263.0,2026-01-01,False
667.0,POR_MES,tarifa estándar para moto,99586.0,2026-01-01,True
452.0,POR_HORA,tarifa estándar para bicicleta,226302.0,2026-01-01,False
831.0,POR_MES,tarifa estándar para camioneta,130300.0,2026-02-17,True
863.0,POR_HORA,tarifa estándar para moto,242543.0,2026-06-05,True
414.0,POR_MES,tarifa estándar para moto,230862.0,2026-05-27,False
40.0,POR_DIA,tarifa estándar para moto,233827.0,2026-01-01,False
727.0,POR_MES,tarifa estándar para camioneta,125990.0,2026-02-17,False
894.0,POR_HORA,tarifa estándar para moto,235256.0,2026-01-01,True
413.0,POR_MES,tarifa estándar para camioneta,148585.0,2026-03-29,True
897.0,POR_HORA,tarifa estándar para camioneta,170313.0,2026-03-02,False
833.0,POR_HORA,tarifa estándar para carro,137813.0,2026-01-21,True
748.0,POR_MES,tarifa estándar para carro,98865.0,2026-01-03,True
906.0,POR_HORA,tarifa estándar para bicicleta,170092.0,2026-01-01,True
207.0,POR_MES,tarifa estándar para camioneta,85899.0,2026-05-10,True
533.0,POR_MES,tarifa estándar para camioneta,4256.0,2026-05-23,True
11.0,POR_DIA,tarifa estándar para camioneta,12611.0,2026-05-10,True
611.0,POR_HORA,tarifa estándar para moto,65864.0,2026-03-13,False
999.0,POR_DIA,tarifa estándar para bicicleta,18024.0,2026-01-23,True
764.0,POR_DIA,tarifa estándar para bicicleta,35331.0,2026-02-26,False
570.0,POR_HORA,tarifa estándar para camioneta,127427.0,2026-03-03,True
353.0,POR_HORA,tarifa estándar para camioneta,128998.0,2026-02-09,False
819.0,POR_HORA,tarifa estándar para moto,78319.0,2026-04-24,False
394.0,POR_HORA,tarifa estándar para moto,147074.0,2026-03-10,False
36.0,POR_DIA,tarifa estándar para carro,156686.0,2026-01-16,False
485.0,POR_HORA,tarifa estándar para bicicleta,200286.0,2026-02-18,True
671.0,POR_MES,tarifa estándar para moto,222469.0,2026-01-23,True
679.0,POR_HORA,tarifa estándar para camioneta,9919.0,2026-06-08,True
474.0,POR_HORA,tarifa estándar para carro,200623.0,2026-04-06,True
595.0,POR_MES,tarifa estándar para camioneta,186731.0,2026-03-10,True
404.0,POR_MES,tarifa estándar para carro,142358.0,2026-01-01,False
252.0,POR_MES,tarifa estándar para bicicleta,73879.0,2026-05-22,False
126.0,POR_MES,tarifa estándar para camioneta,189621.0,2026-03-25,False
690.0,POR_MES,tarifa estándar para carro,19290.0,2026-02-09,True
94.0,POR_HORA,tarifa estándar para camioneta,93354.0,2026-02-26,False
604.0,POR_HORA,tarifa estándar para moto,230001.0,2026-05-29,False
370.0,POR_HORA,tarifa estándar para carro,193958.0,2026-05-24,False
388.0,POR_DIA,tarifa estándar para bicicleta,152019.0,2026-01-06,False
39.0,POR_DIA,tarifa estándar para moto,60128.0,2026-01-16,False
405.0,POR_DIA,tarifa estándar para carro,47059.0,2026-04-07,True
454.0,POR_HORA,tarifa estándar para camioneta,205414.0,2026-06-20,False
65.0,POR_HORA,tarifa estándar para bicicleta,185626.0,2026-02-19,True
118.0,POR_HORA,tarifa estándar para moto,87832.0,2026-01-23,False
847.0,POR_MES,tarifa estándar para camioneta,130787.0,2026-02-24,False
16.0,POR_HORA,tarifa estándar para bicicleta,41607.0,2026-01-09,False
351.0,POR_HORA,tarifa estándar para bicicleta,135335.0,2026-06-17,True
293.0,POR_MES,tarifa estándar para bicicleta,118966.0,2026-02-27,True
281.0,POR_MES,tarifa estándar para bicicleta,19908.0,2026-02-03,True
614.0,POR_DIA,tarifa estándar para moto,30237.0,2026-05-23,True
136.0,POR_MES,tarifa estándar para bicicleta,184541.0,2026-04-30,False
761.0,POR_MES,tarifa estándar para moto,121809.0,2026-01-24,False
830.0,POR_DIA,tarifa estándar para carro,104599.0,2026-03-10,True
911.0,POR_DIA,tarifa estándar para camioneta,36703.0,2026-01-01,True
308.0,POR_DIA,tarifa estándar para carro,245799.0,2026-01-10,True
945.0,POR_HORA,tarifa estándar para camioneta,33150.0,2026-02-11,True
145.0,POR_DIA,tarifa estándar para bicicleta,54763.0,2026-04-28,False
775.0,POR_MES,tarifa estándar para camioneta,154295.0,2026-03-07,False
936.0,POR_HORA,tarifa estándar para camioneta,234332.0,2026-01-01,True
323.0,POR_HORA,tarifa estándar para moto,81605.0,2026-02-22,True
291.0,POR_DIA,tarifa estándar para moto,27300.0,2026-03-28,False
837.0,POR_MES,tarifa estándar para moto,52698.0,2026-01-05,True
787.0,POR_MES,tarifa estándar para camioneta,229261.0,2026-03-21,False
877.0,POR_HORA,tarifa estándar para carro,14237.0,2026-05-04,False
879.0,POR_DIA,tarifa estándar para moto,162415.0,2026-01-01,False
61.0,POR_MES,tarifa estándar para moto,53742.0,2026-06-13,False
42.0,POR_MES,tarifa estándar para camioneta,124005.0,2026-01-01,True
206.0,POR_MES,tarifa estándar para moto,242138.0,2026-02-24,True
662.0,POR_DIA,tarifa estándar para bicicleta,119125.0,2026-01-01,True
298.0,POR_MES,tarifa estándar para moto,219621.0,2026-02-17,True
931.0,POR_DIA,tarifa estándar para bicicleta,156015.0,2026-01-01,True
606.0,POR_HORA,tarifa estándar para moto,59201.0,2026-01-01,False
471.0,POR_DIA,tarifa estándar para moto,160506.0,2026-05-13,False
863.0,POR_HORA,tarifa estándar para carro,116929.0,2026-04-23,False
267.0,POR_DIA,tarifa estándar para bicicleta,5929.0,2026-01-01,True
673.0,POR_HORA,tarifa estándar para moto,116341.0,2026-03-23,True
836.0,POR_DIA,tarifa estándar para camioneta,151317.0,2026-01-01,True
876.0,POR_HORA,tarifa estándar para moto,59422.0,2026-04-01,False
93.0,POR_MES,tarifa estándar para moto,103944.0,2026-06-28,False
523.0,POR_DIA,tarifa estándar para camioneta,90770.0,2026-01-01,True
872.0,POR_DIA,tarifa estándar para camioneta,62286.0,2026-01-17,True
148.0,POR_DIA,tarifa estándar para bicicleta,64522.0,2026-03-30,False
476.0,POR_HORA,tarifa estándar para bicicleta,182993.0,2026-05-27,True
790.0,POR_DIA,tarifa estándar para bicicleta,63736.0,2026-01-01,True
487.0,POR_MES,tarifa estándar para carro,117434.0,2026-02-26,False
749.0,POR_DIA,tarifa estándar para carro,181609.0,2026-01-01,False
629.0,POR_DIA,tarifa estándar para carro,20729.0,2026-06-18,True
200.0,POR_HORA,tarifa estándar para bicicleta,71820.0,2026-06-18,False
210.0,POR_HORA,tarifa estándar para moto,182466.0,2026-06-15,True
841.0,POR_MES,tarifa estándar para moto,216421.0,2026-01-01,True
599.0,POR_HORA,tarifa estándar para moto,78498.0,2026-02-24,False
541.0,POR_MES,tarifa estándar para carro,45419.0,2026-06-27,False
153.0,POR_DIA,tarifa estándar para camioneta,175153.0,2026-01-08,False
844.0,POR_MES,tarifa estándar para bicicleta,129134.0,2026-05-20,True
634.0,POR_MES,tarifa estándar para moto,202320.0,2026-06-16,True
630.0,POR_DIA,tarifa estándar para carro,48550.0,2026-06-27,True
276.0,POR_HORA,tarifa estándar para camioneta,231152.0,2026-06-28,False
642.0,POR_DIA,tarifa estándar para carro,144469.0,2026-02-13,True
973.0,POR_DIA,tarifa estándar para bicicleta,49943.0,2026-04-08,True
53.0,POR_HORA,tarifa estándar para camioneta,135955.0,2026-02-26,True
849.0,POR_DIA,tarifa estándar para camioneta,206169.0,2026-02-06,True
620.0,POR_MES,tarifa estándar para camioneta,49676.0,2026-03-30,False
995.0,POR_DIA,tarifa estándar para bicicleta,213881.0,2026-03-06,True
965.0,POR_HORA,tarifa estándar para carro,165688.0,2026-06-22,True
542.0,POR_MES,tarifa estándar para bicicleta,126246.0,2026-02-28,False
118.0,POR_HORA,tarifa estándar para moto,18192.0,2026-04-16,False
214.0,POR_DIA,tarifa estándar para bicicleta,196653.0,2026-01-01,False
230.0,POR_HORA,tarifa estándar para carro,142311.0,2026-02-24,False
446.0,POR_MES,tarifa estándar para moto,183585.0,2026-05-11,True
501.0,POR_HORA,tarifa estándar para moto,50352.0,2026-01-22,False
995.0,POR_HORA,tarifa estándar para carro,132256.0,2026-02-23,True
195.0,POR_MES,tarifa estándar para moto,69151.0,2026-01-15,False
92.0,POR_HORA,tarifa estándar para bicicleta,199681.0,2026-05-16,True
852.0,POR_HORA,tarifa estándar para moto,137266.0,2026-01-01,True
193.0,POR_DIA,tarifa estándar para camioneta,36286.0,2026-01-01,True
217.0,POR_DIA,tarifa estándar para camioneta,217510.0,2026-01-05,True
353.0,POR_DIA,tarifa estándar para bicicleta,20581.0,2026-02-28,False
862.0,POR_MES,tarifa estándar para bicicleta,80775.0,2026-01-01,False
357.0,POR_DIA,tarifa estándar para moto,29365.0,2026-03-17,True
887.0,POR_MES,tarifa estándar para carro,194646.0,2026-01-01,True
510.0,POR_MES,tarifa estándar para bicicleta,31959.0,2026-05-01,False
253.0,POR_DIA,tarifa estándar para camioneta,94427.0,2026-01-17,True
694.0,POR_HORA,tarifa estándar para moto,9333.0,2026-05-14,True
595.0,POR_DIA,tarifa estándar para moto,193928.0,2026-05-18,False
644.0,POR_HORA,tarifa estándar para carro,204742.0,2026-03-06,True
713.0,POR_DIA,tarifa estándar para carro,34453.0,2026-02-11,False
757.0,POR_HORA,tarifa estándar para carro,248894.0,2026-05-31,False
597.0,POR_HORA,tarifa estándar para carro,94210.0,2026-06-07,False
404.0,POR_DIA,tarifa estándar para bicicleta,173778.0,2026-02-09,False
790.0,POR_MES,tarifa estándar para camioneta,75724.0,2026-02-02,True
336.0,POR_DIA,tarifa estándar para carro,57454.0,2026-03-14,True
833.0,POR_HORA,tarifa estándar para bicicleta,222660.0,2026-06-06,True
663.0,POR_DIA,tarifa estándar para moto,81116.0,2026-01-01,False
448.0,POR_HORA,tarifa estándar para camioneta,198437.0,2026-05-12,True
132.0,POR_DIA,tarifa estándar para moto,176514.0,2026-05-28,False
735.0,POR_MES,tarifa estándar para carro,208234.0,2026-02-14,True
724.0,POR_MES,tarifa estándar para carro,177667.0,2026-02-10,False
994.0,POR_HORA,tarifa estándar para camioneta,123299.0,2026-04-30,False
273.0,POR_HORA,tarifa estándar para moto,228986.0,2026-05-22,False
638.0,POR_MES,tarifa estándar para carro,119273.0,2026-05-05,True
514.0,POR_DIA,tarifa estándar para moto,167941.0,2026-06-23,True
250.0,POR_HORA,tarifa estándar para moto,34058.0,2026-05-09,False
769.0,POR_DIA,tarifa estándar para moto,23720.0,2026-03-12,True
362.0,POR_HORA,tarifa estándar para camioneta,120001.0,2026-02-26,False
814.0,POR_DIA,tarifa estándar para camioneta,144518.0,2026-03-28,False
352.0,POR_DIA,tarifa estándar para moto,207888.0,2026-01-02,False
182.0,POR_DIA,tarifa estándar para moto,214946.0,2026-03-22,False
281.0,POR_MES,tarifa estándar para moto,213343.0,2026-01-24,True
495.0,POR_DIA,tarifa estándar para carro,76629.0,2026-01-27,True
346.0,POR_MES,tarifa estándar para camioneta,181242.0,2026-01-01,False
835.0,POR_MES,tarifa estándar para camioneta,7047.0,2026-01-01,False
484.0,POR_MES,tarifa estándar para camioneta,206886.0,2026-05-12,False
792.0,POR_DIA,tarifa estándar para bicicleta,4209.0,2026-02-28,False
720.0,POR_MES,tarifa estándar para bicicleta,164188.0,2026-01-01,True
648.0,POR_DIA,tarifa estándar para camioneta,72477.0,2026-06-24,False
950.0,POR_HORA,tarifa estándar para moto,204188.0,2026-06-06,False
796.0,POR_DIA,tarifa estándar para camioneta,144923.0,2026-01-01,True
769.0,POR_DIA,tarifa estándar para camioneta,110187.0,2026-05-30,False
295.0,POR_DIA,tarifa estándar para camioneta,247553.0,2026-01-01,False
857.0,POR_DIA,tarifa estándar para bicicleta,92118.0,2026-01-01,True
594.0,POR_HORA,tarifa estándar para carro,202671.0,2026-04-09,False
842.0,POR_HORA,tarifa estándar para camioneta,168495.0,2026-02-16,True
863.0,POR_HORA,tarifa estándar para bicicleta,193906.0,2026-06-04,True
599.0,POR_MES,tarifa estándar para bicicleta,209335.0,2026-05-17,False
549.0,POR_MES,tarifa estándar para bicicleta,142688.0,2026-04-21,False
203.0,POR_HORA,tarifa estándar para bicicleta,182438.0,2026-06-15,True
131.0,POR_HORA,tarifa estándar para moto,54286.0,2026-01-10,True
524.0,POR_DIA,tarifa estándar para bicicleta,188144.0,2026-03-12,False
512.0,POR_HORA,tarifa estándar para bicicleta,215832.0,2026-01-01,False
324.0,POR_DIA,tarifa estándar para carro,78602.0,2026-06-28,False
825.0,POR_HORA,tarifa estándar para moto,190733.0,2026-01-01,False
157.0,POR_DIA,tarifa estándar para carro,93233.0,2026-01-01,False
906.0,POR_DIA,tarifa estándar para moto,220588.0,2026-04-08,True
958.0,POR_MES,tarifa estándar para bicicleta,135951.0,2026-03-29,False
922.0,POR_HORA,tarifa estándar para camioneta,99462.0,2026-02-14,True
564.0,POR_HORA,tarifa estándar para bicicleta,98431.0,2026-03-29,True
902.0,POR_MES,tarifa estándar para bicicleta,146065.0,2026-01-19,True
997.0,POR_HORA,tarifa estándar para bicicleta,79319.0,2026-01-05,False
530.0,POR_DIA,tarifa estándar para camioneta,158387.0,2026-06-02,True
334.0,POR_MES,tarifa estándar para bicicleta,55631.0,2026-02-20,True
796.0,POR_MES,tarifa estándar para camioneta,237221.0,2026-05-10,False
493.0,POR_DIA,tarifa estándar para bicicleta,3303.0,2026-04-21,True
687.0,POR_MES,tarifa estándar para carro,72282.0,2026-02-08,False
294.0,POR_DIA,tarifa estándar para bicicleta,102035.0,2026-04-09,True
355.0,POR_DIA,tarifa estándar para camioneta,87952.0,2026-02-15,False
565.0,POR_HORA,tarifa estándar para bicicleta,138873.0,2026-04-21,False
488.0,POR_HORA,tarifa estándar para moto,22410.0,2026-02-22,True
696.0,POR_DIA,tarifa estándar para moto,67298.0,2026-06-22,False
919.0,POR_MES,tarifa estándar para moto,172765.0,2026-01-01,True
957.0,POR_DIA,tarifa estándar para bicicleta,70718.0,2026-03-06,True
354.0,POR_MES,tarifa estándar para camioneta,203359.0,2026-01-01,False
450.0,POR_HORA,tarifa estándar para carro,199821.0,2026-06-24,True
624.0,POR_HORA,tarifa estándar para camioneta,243351.0,2026-01-21,True
102.0,POR_MES,tarifa estándar para bicicleta,12918.0,2026-02-10,True
617.0,POR_HORA,tarifa estándar para camioneta,180013.0,2026-02-28,True
998.0,POR_HORA,tarifa estándar para carro,5088.0,2026-05-09,True
700.0,POR_DIA,tarifa estándar para bicicleta,74914.0,2026-06-30,True
494.0,POR_DIA,tarifa estándar para camioneta,39210.0,2026-04-17,False
204.0,POR_MES,tarifa estándar para carro,4399.0,2026-01-01,False
436.0,POR_HORA,tarifa estándar para camioneta,32810.0,2026-04-04,True
982.0,POR_MES,tarifa estándar para moto,116144.0,2026-03-22,False
895.0,POR_MES,tarifa estándar para moto,181474.0,2026-05-28,False
686.0,POR_DIA,tarifa estándar para carro,172807.0,2026-01-26,False
10.0,POR_DIA,tarifa estándar para carro,30630.0,2026-01-21,False
413.0,POR_HORA,tarifa estándar para camioneta,71471.0,2026-05-14,True
53.0,POR_DIA,tarifa estándar para carro,87454.0,2026-01-01,False
383.0,POR_HORA,tarifa estándar para camioneta,11002.0,2026-01-01,True
146.0,POR_MES,tarifa estándar para camioneta,25128.0,2026-04-29,False
61.0,POR_DIA,tarifa estándar para moto,184530.0,2026-01-01,True
922.0,POR_MES,tarifa estándar para carro,24697.0,2026-05-02,True
336.0,POR_HORA,tarifa estándar para bicicleta,62458.0,2026-01-01,True
856.0,POR_MES,tarifa estándar para camioneta,113430.0,2026-01-26,True
613.0,POR_DIA,tarifa estándar para moto,81279.0,2026-02-02,True
713.0,POR_HORA,tarifa estándar para bicicleta,46456.0,2026-01-17,True
561.0,POR_MES,tarifa estándar para moto,77964.0,2026-02-04,True
31.0,POR_HORA,tarifa estándar para camioneta,100365.0,2026-02-07,False
113.0,POR_HORA,tarifa estándar para camioneta,88295.0,2026-05-11,True
810.0,POR_DIA,tarifa estándar para moto,222141.0,2026-01-19,True
910.0,POR_MES,tarifa estándar para carro,52057.0,2026-05-06,False
143.0,POR_HORA,tarifa estándar para camioneta,232758.0,2026-01-01,True
168.0,POR_DIA,tarifa estándar para carro,246476.0,2026-02-07,False
2.0,POR_DIA,tarifa estándar para camioneta,118460.0,2026-01-01,False
963.0,POR_HORA,tarifa estándar para camioneta,221744.0,2026-01-01,True
847.0,POR_DIA,tarifa estándar para moto,169584.0,2026-02-01,False
329.0,POR_DIA,tarifa estándar para moto,119262.0,2026-06-19,True
631.0,POR_HORA,tarifa estándar para carro,161283.0,2026-04-16,True
929.0,POR_DIA,tarifa estándar para moto,114254.0,2026-01-02,False
983.0,POR_MES,tarifa estándar para carro,163967.0,2026-01-27,True
823.0,POR_DIA,tarifa estándar para bicicleta,6973.0,2026-05-24,True
811.0,POR_DIA,tarifa estándar para camioneta,189134.0,2026-04-10,False
301.0,POR_HORA,tarifa estándar para camioneta,62493.0,2026-04-14,False
62.0,POR_HORA,tarifa estándar para carro,199290.0,2026-01-28,False
942.0,POR_HORA,tarifa estándar para carro,61737.0,2026-06-07,True
914.0,POR_MES,tarifa estándar para camioneta,222806.0,2026-01-01,True
257.0,POR_MES,tarifa estándar para camioneta,234705.0,2026-02-23,True
634.0,POR_DIA,tarifa estándar para carro,204912.0,2026-01-01,True
779.0,POR_HORA,tarifa estándar para moto,113459.0,2026-01-14,False
622.0,POR_MES,tarifa estándar para camioneta,197829.0,2026-05-17,True
103.0,POR_HORA,tarifa estándar para bicicleta,189236.0,2026-04-05,False
451.0,POR_MES,tarifa estándar para moto,98216.0,2026-03-16,False
388.0,POR_HORA,tarifa estándar para camioneta,81057.0,2026-01-01,True
889.0,POR_DIA,tarifa estándar para carro,219049.0,2026-02-08,True
154.0,POR_HORA,tarifa estándar para camioneta,30655.0,2026-06-07,True
716.0,POR_MES,tarifa estándar para bicicleta,142121.0,2026-01-10,True
848.0,POR_MES,tarifa estándar para bicicleta,129170.0,2026-04-05,True
620.0,POR_DIA,tarifa estándar para carro,191651.0,2026-01-21,False
110.0,POR_MES,tarifa estándar para moto,48157.0,2026-01-01,True
488.0,POR_HORA,tarifa estándar para bicicleta,7417.0,2026-04-08,True
439.0,POR_MES,tarifa estándar para moto,172502.0,2026-05-14,True
32.0,POR_MES,tarifa estándar para moto,216002.0,2026-06-24,True
928.0,POR_MES,tarifa estándar para camioneta,215925.0,2026-01-01,False
360.0,POR_HORA,tarifa estándar para carro,151167.0,2026-05-20,False
38.0,POR_MES,tarifa estándar para camioneta,75599.0,2026-01-01,True
168.0,POR_HORA,tarifa estándar para moto,43379.0,2026-05-08,False
441.0,POR_DIA,tarifa estándar para moto,105082.0,2026-01-01,True
998.0,POR_DIA,tarifa estándar para carro,190279.0,2026-02-14,False
418.0,POR_DIA,tarifa estándar para moto,125597.0,2026-01-01,True
985.0,POR_DIA,tarifa estándar para carro,138724.0,2026-03-29,True
459.0,POR_MES,tarifa estándar para moto,155391.0,2026-06-04,True
822.0,POR_DIA,tarifa estándar para bicicleta,3693.0,2026-01-01,False
910.0,POR_DIA,tarifa estándar para bicicleta,215200.0,2026-02-05,True
423.0,POR_HORA,tarifa estándar para bicicleta,41350.0,2026-01-12,True
57.0,POR_MES,tarifa estándar para moto,166325.0,2026-06-11,True
451.0,POR_MES,tarifa estándar para bicicleta,153645.0,2026-04-22,True
521.0,POR_HORA,tarifa estándar para moto,25011.0,2026-01-17,True
759.0,POR_DIA,tarifa estándar para moto,13594.0,2026-06-27,False
398.0,POR_MES,tarifa estándar para bicicleta,28459.0,2026-01-01,False
242.0,POR_MES,tarifa estándar para bicicleta,235680.0,2026-01-01,True
962.0,POR_DIA,tarifa estándar para bicicleta,81522.0,2026-01-01,True
734.0,POR_HORA,tarifa estándar para bicicleta,216702.0,2026-05-15,False
833.0,POR_DIA,tarifa estándar para carro,71267.0,2026-05-29,True
61.0,POR_MES,tarifa estándar para moto,60561.0,2026-01-01,True
530.0,POR_DIA,tarifa estándar para camioneta,187883.0,2026-06-17,False
560.0,POR_MES,tarifa estándar para camioneta,25035.0,2026-03-04,True
1.0,POR_HORA,tarifa estándar para camioneta,147371.0,2026-03-13,False
165.0,POR_HORA,tarifa estándar para carro,26961.0,2026-01-01,False
844.0,POR_DIA,tarifa estándar para bicicleta,213884.0,2026-03-05,True
726.0,POR_MES,tarifa estándar para carro,149822.0,2026-03-18,False
768.0,POR_MES,tarifa estándar para moto,184300.0,2026-03-19,False
116.0,POR_HORA,tarifa estándar para bicicleta,49555.0,2026-01-14,True
433.0,POR_HORA,tarifa estándar para camioneta,201431.0,2026-03-07,False
114.0,POR_HORA,tarifa estándar para carro,38435.0,2026-04-16,False
990.0,POR_MES,tarifa estándar para moto,90766.0,2026-03-21,False
305.0,POR_HORA,tarifa estándar para bicicleta,224817.0,2026-05-29,True
376.0,POR_HORA,tarifa estándar para moto,75286.0,2026-05-31,False
208.0,POR_HORA,tarifa estándar para camioneta,238345.0,2026-01-01,False
946.0,POR_HORA,tarifa estándar para bicicleta,140367.0,2026-03-13,False
428.0,POR_DIA,tarifa estándar para bicicleta,202853.0,2026-01-13,False
968.0,POR_HORA,tarifa estándar para bicicleta,19549.0,2026-05-06,False
376.0,POR_MES,tarifa estándar para bicicleta,141817.0,2026-01-27,True
306.0,POR_MES,tarifa estándar para camioneta,133014.0,2026-01-13,True
632.0,POR_MES,tarifa estándar para carro,161703.0,2026-01-01,False
903.0,POR_DIA,tarifa estándar para bicicleta,249589.0,2026-01-07,False
374.0,POR_MES,tarifa estándar para bicicleta,82778.0,2026-01-01,True
635.0,POR_DIA,tarifa estándar para carro,178330.0,2026-02-25,True
664.0,POR_MES,tarifa estándar para camioneta,61840.0,2026-01-01,False
65.0,POR_HORA,tarifa estándar para moto,86982.0,2026-02-11,False
121.0,POR_HORA,tarifa estándar para moto,191874.0,2026-01-26,False
656.0,POR_HORA,tarifa estándar para bicicleta,173370.0,2026-06-03,False
971.0,POR_DIA,tarifa estándar para moto,206157.0,2026-01-22,True
628.0,POR_DIA,tarifa estándar para camioneta,109811.0,2026-03-04,False
911.0,POR_DIA,tarifa estándar para moto,25601.0,2026-05-30,True
57.0,POR_DIA,tarifa estándar para carro,46201.0,2026-04-22,True
973.0,POR_DIA,tarifa estándar para moto,224215.0,2026-04-04,False
858.0,POR_MES,tarifa estándar para moto,64468.0,2026-06-29,True
8.0,POR_MES,tarifa estándar para bicicleta,75416.0,2026-04-12,False
568.0,POR_MES,tarifa estándar para moto,248679.0,2026-01-09,False
598.0,POR_DIA,tarifa estándar para carro,55704.0,2026-03-08,True
693.0,POR_HORA,tarifa estándar para moto,217798.0,2026-03-21,False
905.0,POR_MES,tarifa estándar para moto,29146.0,2026-01-01,False
397.0,POR_MES,tarifa estándar para bicicleta,122348.0,2026-01-06,False
290.0,POR_MES,tarifa estándar para moto,18126.0,2026-01-14,False
194.0,POR_DIA,tarifa estándar para carro,238624.0,2026-02-01,False
559.0,POR_DIA,tarifa estándar para carro,80689.0,2026-01-20,True
864.0,POR_DIA,tarifa estándar para carro,9244.0,2026-03-05,True
930.0,POR_HORA,tarifa estándar para carro,230167.0,2026-05-03,False
913.0,POR_DIA,tarifa estándar para moto,247178.0,2026-01-02,True
165.0,POR_MES,tarifa estándar para bicicleta,113877.0,2026-02-20,True
424.0,POR_MES,tarifa estándar para moto,31829.0,2026-01-01,False
851.0,POR_HORA,tarifa estándar para camioneta,134101.0,2026-01-06,True
443.0,POR_DIA,tarifa estándar para carro,157327.0,2026-06-24,True
872.0,POR_DIA,tarifa estándar para camioneta,137110.0,2026-06-23,True
174.0,POR_MES,tarifa estándar para bicicleta,212710.0,2026-04-21,False
303.0,POR_HORA,tarifa estándar para camioneta,214213.0,2026-04-17,True
402.0,POR_DIA,tarifa estándar para moto,10150.0,2026-02-02,False
92.0,POR_MES,tarifa estándar para camioneta,151976.0,2026-03-15,False
590.0,POR_DIA,tarifa estándar para bicicleta,238407.0,2026-01-07,False
343.0,POR_HORA,tarifa estándar para carro,181754.0,2026-01-01,False
101.0,POR_HORA,tarifa estándar para carro,32695.0,2026-03-30,False
6.0,POR_DIA,tarifa estándar para moto,123112.0,2026-01-01,False
153.0,POR_HORA,tarifa estándar para camioneta,73965.0,2026-03-01,True
154.0,POR_HORA,tarifa estándar para bicicleta,31738.0,2026-06-27,False
606.0,POR_DIA,tarifa estándar para camioneta,221581.0,2026-01-01,False
823.0,POR_DIA,tarifa estándar para moto,68761.0,2026-03-31,True
392.0,POR_MES,tarifa estándar para camioneta,192381.0,2026-04-03,True
60.0,POR_DIA,tarifa estándar para bicicleta,177832.0,2026-05-26,True
385.0,POR_DIA,tarifa estándar para moto,52868.0,2026-02-11,True
9.0,POR_DIA,tarifa estándar para carro,21328.0,2026-03-16,False
378.0,POR_DIA,tarifa estándar para bicicleta,66502.0,2026-01-09,False
308.0,POR_DIA,tarifa estándar para bicicleta,25319.0,2026-04-30,True
280.0,POR_MES,tarifa estándar para camioneta,159301.0,2026-01-01,True
25.0,POR_HORA,tarifa estándar para carro,187351.0,2026-03-01,False
197.0,POR_HORA,tarifa estándar para moto,13498.0,2026-05-06,False
164.0,POR_HORA,tarifa estándar para bicicleta,40088.0,2026-01-01,False
118.0,POR_MES,tarifa estándar para carro,10820.0,2026-04-29,True
90.0,POR_HORA,tarifa estándar para moto,36267.0,2026-03-15,True
338.0,POR_MES,tarifa estándar para bicicleta,2242.0,2026-02-15,False
213.0,POR_DIA,tarifa estándar para carro,173785.0,2026-06-19,True
671.0,POR_DIA,tarifa estándar para moto,43352.0,2026-01-01,False
162.0,POR_DIA,tarifa estándar para bicicleta,64094.0,2026-05-26,True
984.0,POR_HORA,tarifa estándar para moto,231032.0,2026-06-30,True
133.0,POR_MES,tarifa estándar para moto,217410.0,2026-06-03,True
248.0,POR_DIA,tarifa estándar para carro,6581.0,2026-02-03,False
490.0,POR_DIA,tarifa estándar para camioneta,102633.0,2026-05-26,True
31.0,POR_MES,tarifa estándar para camioneta,184429.0,2026-01-01,True
499.0,POR_DIA,tarifa estándar para bicicleta,58496.0,2026-06-05,False
369.0,POR_MES,tarifa estándar para moto,226713.0,2026-04-30,False
507.0,POR_HORA,tarifa estándar para moto,177610.0,2026-02-21,False
865.0,POR_MES,tarifa estándar para bicicleta,27685.0,2026-01-15,True
870.0,POR_DIA,tarifa estándar para moto,208812.0,2026-03-29,True
113.0,POR_HORA,tarifa estándar para camioneta,123263.0,2026-04-28,True
374.0,POR_DIA,tarifa estándar para carro,12714.0,2026-02-20,True
554.0,POR_DIA,tarifa estándar para camioneta,126366.0,2026-04-30,False
343.0,POR_DIA,tarifa estándar para bicicleta,140126.0,2026-02-02,False
127.0,POR_HORA,tarifa estándar para carro,221524.0,2026-05-16,False
156.0,POR_HORA,tarifa estándar para moto,124727.0,2026-06-24,False
196.0,POR_HORA,tarifa estándar para bicicleta,126353.0,2026-06-11,False
771.0,POR_HORA,tarifa estándar para carro,210657.0,2026-01-01,False
937.0,POR_HORA,tarifa estándar para moto,192779.0,2026-06-18,True
387.0,POR_DIA,tarifa estándar para bicicleta,203454.0,2026-03-09,True
529.0,POR_MES,tarifa estándar para bicicleta,238986.0,2026-02-01,True
358.0,POR_DIA,tarifa estándar para carro,77664.0,2026-01-12,False
464.0,POR_MES,tarifa estándar para camioneta,37868.0,2026-04-14,False
378.0,POR_HORA,tarifa estándar para bicicleta,50000.0,2026-04-04,False
800.0,POR_MES,tarifa estándar para bicicleta,4894.0,2026-06-16,True
237.0,POR_HORA,tarifa estándar para carro,10600.0,2026-05-27,True
539.0,POR_MES,tarifa estándar para carro,224366.0,2026-04-23,False
429.0,POR_DIA,tarifa estándar para carro,178587.0,2026-06-12,False
255.0,POR_HORA,tarifa estándar para carro,18311.0,2026-06-17,True
799.0,POR_DIA,tarifa estándar para camioneta,213450.0,2026-06-23,True
218.0,POR_DIA,tarifa estándar para bicicleta,201691.0,2026-05-17,False
240.0,POR_HORA,tarifa estándar para bicicleta,214204.0,2026-05-24,False
643.0,POR_HORA,tarifa estándar para moto,114451.0,2026-06-19,True
481.0,POR_DIA,tarifa estándar para bicicleta,210482.0,2026-06-22,True
690.0,POR_HORA,tarifa estándar para carro,81752.0,2026-01-24,False
906.0,POR_DIA,tarifa estándar para carro,196162.0,2026-04-11,False
548.0,POR_MES,tarifa estándar para moto,249118.0,2026-05-29,False
124.0,POR_HORA,tarifa estándar para camioneta,73507.0,2026-03-22,True
496.0,POR_DIA,tarifa estándar para carro,240563.0,2026-06-10,False
170.0,POR_HORA,tarifa estándar para moto,96002.0,2026-01-14,True
732.0,POR_MES,tarifa estándar para moto,65452.0,2026-05-22,False
723.0,POR_DIA,tarifa estándar para carro,223979.0,2026-06-12,True
298.0,POR_HORA,tarifa estándar para carro,194625.0,2026-02-28,False
53.0,POR_DIA,tarifa estándar para bicicleta,127310.0,2026-02-02,False
387.0,POR_HORA,tarifa estándar para moto,221217.0,2026-04-15,False
357.0,POR_DIA,tarifa estándar para camioneta,188354.0,2026-03-27,True
92.0,POR_DIA,tarifa estándar para camioneta,81448.0,2026-02-09,False
661.0,POR_DIA,tarifa estándar para bicicleta,63821.0,2026-01-23,False
637.0,POR_HORA,tarifa estándar para carro,105933.0,2026-05-20,True
281.0,POR_HORA,tarifa estándar para camioneta,86388.0,2026-01-01,False
561.0,POR_MES,tarifa estándar para bicicleta,149933.0,2026-01-01,False
26.0,POR_MES,tarifa estándar para moto,200737.0,2026-01-08,False
107.0,POR_MES,tarifa estándar para camioneta,59741.0,2026-03-25,True
629.0,POR_MES,tarifa estándar para carro,232533.0,2026-04-06,True
666.0,POR_MES,tarifa estándar para moto,243820.0,2026-02-25,True
515.0,POR_DIA,tarifa estándar para bicicleta,230648.0,2026-02-16,True
954.0,POR_MES,tarifa estándar para camioneta,52329.0,2026-01-13,True
217.0,POR_HORA,tarifa estándar para bicicleta,93315.0,2026-05-07,False
899.0,POR_HORA,tarifa estándar para carro,65265.0,2026-01-01,True
263.0,POR_HORA,tarifa estándar para carro,169550.0,2026-01-01,False
494.0,POR_MES,tarifa estándar para bicicleta,141997.0,2026-02-01,True
61.0,POR_MES,tarifa estándar para bicicleta,130599.0,2026-06-25,False
818.0,POR_DIA,tarifa estándar para moto,6081.0,2026-01-01,False
415.0,POR_DIA,tarifa estándar para bicicleta,16057.0,2026-06-19,True
993.0,POR_HORA,tarifa estándar para camioneta,124386.0,2026-01-28,False
95.0,POR_HORA,tarifa estándar para carro,177088.0,2026-01-01,False
513.0,POR_MES,tarifa estándar para bicicleta,219684.0,2026-01-01,False
902.0,POR_MES,tarifa estándar para camioneta,85707.0,2026-01-01,False
902.0,POR_MES,tarifa estándar para moto,69368.0,2026-03-30,True
957.0,POR_MES,tarifa estándar para camioneta,160701.0,2026-01-01,False
460.0,POR_HORA,tarifa estándar para moto,175642.0,2026-01-01,False
258.0,POR_MES,tarifa estándar para camioneta,50599.0,2026-04-26,False
441.0,POR_DIA,tarifa estándar para carro,93196.0,2026-02-04,True
716.0,POR_HORA,tarifa estándar para camioneta,30002.0,2026-03-29,True
332.0,POR_MES,tarifa estándar para carro,86876.0,2026-01-26,False
684.0,POR_MES,tarifa estándar para moto,235405.0,2026-01-28,False
231.0,POR_DIA,tarifa estándar para carro,188343.0,2026-06-26,True
713.0,POR_DIA,tarifa estándar para moto,224492.0,2026-01-01,False
921.0,POR_HORA,tarifa estándar para moto,85415.0,2026-04-09,True
389.0,POR_HORA,tarifa estándar para moto,94303.0,2026-05-02,True
996.0,POR_MES,tarifa estándar para camioneta,68758.0,2026-03-03,True
701.0,POR_HORA,tarifa estándar para camioneta,233331.0,2026-04-23,False
625.0,POR_HORA,tarifa estándar para camioneta,134181.0,2026-01-01,True
145.0,POR_DIA,tarifa estándar para bicicleta,118688.0,2026-06-02,True
506.0,POR_HORA,tarifa estándar para carro,151172.0,2026-03-12,False
132.0,POR_HORA,tarifa estándar para camioneta,167598.0,2026-01-07,True
749.0,POR_DIA,tarifa estándar para carro,237283.0,2026-03-03,False
633.0,POR_DIA,tarifa estándar para moto,109267.0,2026-01-01,False
216.0,POR_DIA,tarifa estándar para camioneta,212023.0,2026-04-25,True
159.0,POR_DIA,tarifa estándar para moto,6128.0,2026-06-26,False
849.0,POR_HORA,tarifa estándar para camioneta,171083.0,2026-02-15,True
766.0,POR_MES,tarifa estándar para camioneta,107526.0,2026-06-24,False
887.0,POR_DIA,tarifa estándar para camioneta,249740.0,2026-03-17,False
116.0,POR_MES,tarifa estándar para camioneta,20398.0,2026-04-30,True
531.0,POR_MES,tarifa estándar para moto,195977.0,2026-04-08,False
477.0,POR_DIA,tarifa estándar para bicicleta,58861.0,2026-03-02,True
615.0,POR_MES,tarifa estándar para camioneta,124675.0,2026-01-01,False
297.0,POR_DIA,tarifa estándar para camioneta,33218.0,2026-02-27,False
102.0,POR_DIA,tarifa estándar para camioneta,118236.0,2026-05-01,True
804.0,POR_DIA,tarifa estándar para moto,131766.0,2026-01-01,True
656.0,POR_DIA,tarifa estándar para bicicleta,150190.0,2026-01-31,False
971.0,POR_HORA,tarifa estándar para camioneta,131810.0,2026-01-01,False
302.0,POR_MES,tarifa estándar para camioneta,180788.0,2026-01-05,False
271.0,POR_DIA,tarifa estándar para carro,168701.0,2026-02-03,False
961.0,POR_DIA,tarifa estándar para bicicleta,179429.0,2026-03-15,True
972.0,POR_HORA,tarifa estándar para camioneta,16628.0,2026-02-02,True
661.0,POR_DIA,tarifa estándar para bicicleta,189552.0,2026-04-21,True
559.0,POR_MES,tarifa estándar para camioneta,136048.0,2026-01-01,False
211.0,POR_HORA,tarifa estándar para bicicleta,74114.0,2026-06-11,False
951.0,POR_MES,tarifa estándar para carro,45978.0,2026-06-23,False
124.0,POR_HORA,tarifa estándar para carro,63434.0,2026-01-01,False
539.0,POR_MES,tarifa estándar para bicicleta,189439.0,2026-01-03,True
752.0,POR_DIA,tarifa estándar para moto,215125.0,2026-05-07,False
343.0,POR_DIA,tarifa estándar para carro,67412.0,2026-01-01,True
943.0,POR_MES,tarifa estándar para bicicleta,140974.0,2026-03-23,False
431.0,POR_HORA,tarifa estándar para camioneta,101654.0,2026-02-02,True
754.0,POR_HORA,tarifa estándar para moto,174484.0,2026-01-23,True
470.0,POR_MES,tarifa estándar para bicicleta,35393.0,2026-01-01,True
798.0,POR_DIA,tarifa estándar para camioneta,110334.0,2026-06-25,True
312.0,POR_HORA,tarifa estándar para bicicleta,196911.0,2026-04-09,True
625.0,POR_MES,tarifa estándar para carro,51495.0,2026-01-29,True
364.0,POR_HORA,tarifa estándar para moto,15340.0,2026-01-01,False
856.0,POR_DIA,tarifa estándar para carro,85524.0,2026-01-01,False
739.0,POR_HORA,tarifa estándar para carro,143358.0,2026-03-07,False
436.0,POR_HORA,tarifa estándar para bicicleta,62279.0,2026-03-26,True
817.0,POR_MES,tarifa estándar para carro,174261.0,2026-05-09,True
345.0,POR_DIA,tarifa estándar para moto,42554.0,2026-06-07,False
677.0,POR_HORA,tarifa estándar para bicicleta,63919.0,2026-06-22,False
358.0,POR_DIA,tarifa estándar para carro,155342.0,2026-06-16,True
281.0,POR_DIA,tarifa estándar para bicicleta,30803.0,2026-01-22,True
265.0,POR_DIA,tarifa estándar para moto,205460.0,2026-06-13,True
831.0,POR_MES,tarifa estándar para carro,235124.0,2026-06-21,True
887.0,POR_MES,tarifa estándar para camioneta,203591.0,2026-05-04,True
502.0,POR_HORA,tarifa estándar para bicicleta,149809.0,2026-03-15,False
248.0,POR_MES,tarifa estándar para moto,63916.0,2026-05-16,True
308.0,POR_MES,tarifa estándar para camioneta,160958.0,2026-05-30,False
577.0,POR_DIA,tarifa estándar para camioneta,130138.0,2026-01-13,True
858.0,POR_MES,tarifa estándar para camioneta,122098.0,2026-01-01,True
617.0,POR_HORA,tarifa estándar para carro,167990.0,2026-01-01,False
26.0,POR_MES,tarifa estándar para camioneta,27750.0,2026-02-22,False
24.0,POR_DIA,tarifa estándar para moto,38799.0,2026-01-01,False
788.0,POR_HORA,tarifa estándar para bicicleta,40754.0,2026-01-01,False
595.0,POR_DIA,tarifa estándar para carro,58153.0,2026-03-14,False
267.0,POR_DIA,tarifa estándar para moto,244002.0,2026-03-26,True
513.0,POR_MES,tarifa estándar para carro,205095.0,2026-01-01,True
834.0,POR_MES,tarifa estándar para camioneta,5683.0,2026-05-05,False
429.0,POR_MES,tarifa estándar para carro,163514.0,2026-01-26,False
742.0,POR_MES,tarifa estándar para bicicleta,87000.0,2026-02-03,False
517.0,POR_DIA,tarifa estándar para moto,215584.0,2026-02-19,False
482.0,POR_HORA,tarifa estándar para camioneta,96720.0,2026-03-20,False
682.0,POR_MES,tarifa estándar para moto,64244.0,2026-04-08,False
984.0,POR_HORA,tarifa estándar para camioneta,2204.0,2026-01-02,False
892.0,POR_DIA,tarifa estándar para bicicleta,116079.0,2026-06-27,False
455.0,POR_HORA,tarifa estándar para camioneta,107897.0,2026-04-25,True
322.0,POR_MES,tarifa estándar para moto,70549.0,2026-01-01,True
956.0,POR_MES,tarifa estándar para moto,42707.0,2026-01-19,False
22.0,POR_MES,tarifa estándar para camioneta,23994.0,2026-02-08,True
704.0,POR_HORA,tarifa estándar para camioneta,37814.0,2026-06-11,True
829.0,POR_HORA,tarifa estándar para carro,223692.0,2026-03-17,True
241.0,POR_HORA,tarifa estándar para camioneta,158643.0,2026-03-20,False
771.0,POR_HORA,tarifa estándar para camioneta,145834.0,2026-06-09,False
372.0,POR_MES,tarifa estándar para carro,176449.0,2026-01-01,True
326.0,POR_DIA,tarifa estándar para carro,246432.0,2026-05-04,False
473.0,POR_DIA,tarifa estándar para bicicleta,132721.0,2026-01-01,False
91.0,POR_HORA,tarifa estándar para camioneta,198447.0,2026-02-26,False
415.0,POR_MES,tarifa estándar para camioneta,132329.0,2026-01-01,False
755.0,POR_MES,tarifa estándar para bicicleta,73999.0,2026-03-18,True
385.0,POR_MES,tarifa estándar para moto,139477.0,2026-02-24,True
291.0,POR_HORA,tarifa estándar para bicicleta,189294.0,2026-03-05,True
772.0,POR_HORA,tarifa estándar para moto,192408.0,2026-03-31,True
366.0,POR_DIA,tarifa estándar para carro,86530.0,2026-05-07,False
964.0,POR_MES,tarifa estándar para camioneta,133472.0,2026-03-07,True
305.0,POR_MES,tarifa estándar para bicicleta,192422.0,2026-05-21,True
41.0,POR_HORA,tarifa estándar para bicicleta,58955.0,2026-04-28,False
484.0,POR_MES,tarifa estándar para carro,145636.0,2026-01-01,False
648.0,POR_HORA,tarifa estándar para carro,63567.0,2026-04-26,True
991.0,POR_DIA,tarifa estándar para moto,170851.0,2026-02-12,False
777.0,POR_HORA,tarifa estándar para camioneta,203028.0,2026-02-02,True
11.0,POR_MES,tarifa estándar para carro,81373.0,2026-02-19,True
824.0,POR_MES,tarifa estándar para bicicleta,209071.0,2026-01-22,True
746.0,POR_DIA,tarifa estándar para bicicleta,142447.0,2026-03-02,False
117.0,POR_HORA,tarifa estándar para bicicleta,125220.0,2026-04-29,True
612.0,POR_MES,tarifa estándar para moto,134914.0,2026-01-01,True
501.0,POR_HORA,tarifa estándar para camioneta,217111.0,2026-04-17,True
384.0,POR_DIA,tarifa estándar para bicicleta,145055.0,2026-02-14,True
52.0,POR_MES,tarifa estándar para moto,225035.0,2026-06-04,False
5.0,POR_DIA,tarifa estándar para carro,222669.0,2026-03-01,False
335.0,POR_MES,tarifa estándar para bicicleta,134891.0,2026-03-15,False
525.0,POR_DIA,tarifa estándar para camioneta,9998.0,2026-01-18,True
347.0,POR_HORA,tarifa estándar para camioneta,101286.0,2026-04-02,False
298.0,POR_MES,tarifa estándar para camioneta,29899.0,2026-01-01,True
358.0,POR_HORA,tarifa estándar para bicicleta,94608.0,2026-01-01,False
928.0,POR_MES,tarifa estándar para bicicleta,61325.0,2026-05-17,False
208.0,POR_MES,tarifa estándar para moto,14143.0,2026-03-08,True
229.0,POR_DIA,tarifa estándar para carro,192503.0,2026-04-24,False
822.0,POR_MES,tarifa estándar para camioneta,140964.0,2026-04-04,True
128.0,POR_MES,tarifa estándar para moto,61609.0,2026-03-06,False
252.0,POR_DIA,tarifa estándar para carro,226266.0,2026-01-01,False
735.0,POR_MES,tarifa estándar para carro,188403.0,2026-06-14,False
60.0,POR_MES,tarifa estándar para carro,97780.0,2026-06-23,True
74.0,POR_HORA,tarifa estándar para carro,121194.0,2026-01-01,True
520.0,POR_DIA,tarifa estándar para bicicleta,8793.0,2026-01-23,True
984.0,POR_HORA,tarifa estándar para camioneta,74945.0,2026-03-16,True
422.0,POR_MES,tarifa estándar para bicicleta,87310.0,2026-05-31,True
999.0,POR_HORA,tarifa estándar para camioneta,57173.0,2026-02-08,True
933.0,POR_DIA,tarifa estándar para moto,184367.0,2026-02-28,True
343.0,POR_HORA,tarifa estándar para carro,169049.0,2026-05-23,False
443.0,POR_MES,tarifa estándar para camioneta,75882.0,2026-01-31,False
508.0,POR_MES,tarifa estándar para moto,42501.0,2026-03-11,True
113.0,POR_HORA,tarifa estándar para moto,20269.0,2026-03-30,True
519.0,POR_MES,tarifa estándar para moto,242106.0,2026-02-28,True
520.0,POR_MES,tarifa estándar para bicicleta,172836.0,2026-04-17,False
847.0,POR_HORA,tarifa estándar para carro,114675.0,2026-03-10,True
365.0,POR_MES,tarifa estándar para bicicleta,105688.0,2026-05-18,True
315.0,POR_HORA,tarifa estándar para carro,15667.0,2026-06-17,True
421.0,POR_HORA,tarifa estándar para bicicleta,157796.0,2026-05-12,False
111.0,POR_HORA,tarifa estándar para camioneta,12455.0,2026-03-17,False
633.0,POR_MES,tarifa estándar para bicicleta,48715.0,2026-01-13,True
770.0,POR_DIA,tarifa estándar para camioneta,52394.0,2026-06-12,True
919.0,POR_MES,tarifa estándar para camioneta,151679.0,2026-06-07,True
190.0,POR_HORA,tarifa estándar para camioneta,114472.0,2026-06-18,True
708.0,POR_HORA,tarifa estándar para carro,158292.0,2026-02-09,False
792.0,POR_HORA,tarifa estándar para bicicleta,29480.0,2026-02-19,False
334.0,POR_DIA,tarifa estándar para camioneta,188329.0,2026-04-28,True
215.0,POR_MES,tarifa estándar para camioneta,18092.0,2026-01-28,True
695.0,POR_DIA,tarifa estándar para bicicleta,53866.0,2026-01-01,True
580.0,POR_MES,tarifa estándar para bicicleta,51768.0,2026-01-01,False
291.0,POR_MES,tarifa estándar para moto,73454.0,2026-01-01,True
284.0,POR_HORA,tarifa estándar para bicicleta,248179.0,2026-03-20,False
816.0,POR_HORA,tarifa estándar para camioneta,81750.0,2026-03-01,False
475.0,POR_DIA,tarifa estándar para bicicleta,187895.0,2026-06-22,False
758.0,POR_HORA,tarifa estándar para moto,205010.0,2026-01-01,True
114.0,POR_DIA,tarifa estándar para moto,118534.0,2026-03-14,True
696.0,POR_DIA,tarifa estándar para moto,29018.0,2026-02-16,True
651.0,POR_MES,tarifa estándar para carro,247465.0,2026-02-18,False
414.0,POR_HORA,tarifa estándar para moto,184157.0,2026-05-04,False
768.0,POR_MES,tarifa estándar para carro,195856.0,2026-02-26,False
825.0,POR_DIA,tarifa estándar para moto,242123.0,2026-01-28,True
991.0,POR_HORA,tarifa estándar para camioneta,120144.0,2026-02-28,False
889.0,POR_DIA,tarifa estándar para moto,116547.0,2026-01-01,False
560.0,POR_HORA,tarifa estándar para carro,133646.0,2026-06-06,True
540.0,POR_HORA,tarifa estándar para carro,208187.0,2026-01-31,False
624.0,POR_DIA,tarifa estándar para camioneta,214903.0,2026-06-08,False
961.0,POR_DIA,tarifa estándar para bicicleta,181623.0,2026-02-09,False
835.0,POR_HORA,tarifa estándar para moto,49010.0,2026-05-03,True
34.0,POR_DIA,tarifa estándar para bicicleta,7063.0,2026-01-15,False
699.0,POR_HORA,tarifa estándar para carro,123938.0,2026-01-01,False
915.0,POR_DIA,tarifa estándar para bicicleta,34674.0,2026-01-01,True
909.0,POR_DIA,tarifa estándar para carro,127821.0,2026-03-09,True
488.0,POR_HORA,tarifa estándar para carro,113397.0,2026-05-21,True
557.0,POR_DIA,tarifa estándar para moto,219598.0,2026-05-29,True
937.0,POR_HORA,tarifa estándar para carro,217458.0,2026-02-06,False
190.0,POR_DIA,tarifa estándar para moto,179740.0,2026-05-08,True
46.0,POR_HORA,tarifa estándar para camioneta,190984.0,2026-04-05,False
120.0,POR_DIA,tarifa estándar para bicicleta,83204.0,2026-06-04,False
234.0,POR_HORA,tarifa estándar para camioneta,46144.0,2026-01-01,False
364.0,POR_HORA,tarifa estándar para camioneta,128313.0,2026-04-16,True
782.0,POR_DIA,tarifa estándar para bicicleta,157010.0,2026-03-27,True
173.0,POR_DIA,tarifa estándar para bicicleta,152689.0,2026-04-30,True
972.0,POR_MES,tarifa estándar para moto,17432.0,2026-01-01,True
664.0,POR_HORA,tarifa estándar para carro,172013.0,2026-04-01,True
144.0,POR_HORA,tarifa estándar para camioneta,96731.0,2026-01-15,False
574.0,POR_HORA,tarifa estándar para camioneta,39472.0,2026-01-16,False
51.0,POR_HORA,tarifa estándar para moto,160029.0,2026-01-14,True
325.0,POR_DIA,tarifa estándar para moto,161524.0,2026-04-10,False
809.0,POR_DIA,tarifa estándar para camioneta,182797.0,2026-01-19,True
472.0,POR_HORA,tarifa estándar para bicicleta,215239.0,2026-06-04,True
18.0,POR_HORA,tarifa estándar para moto,133444.0,2026-05-31,True
378.0,POR_DIA,tarifa estándar para carro,12599.0,2026-01-28,False
701.0,POR_MES,tarifa estándar para moto,89336.0,2026-01-01,False
838.0,POR_HORA,tarifa estándar para moto,213482.0,2026-01-01,True
880.0,POR_MES,tarifa estándar para carro,242087.0,2026-02-26,True
299.0,POR_DIA,tarifa estándar para bicicleta,123334.0,2026-01-01,True
138.0,POR_HORA,tarifa estándar para moto,37292.0,2026-06-14,True
650.0,POR_DIA,tarifa estándar para bicicleta,234197.0,2026-01-31,True
339.0,POR_HORA,tarifa estándar para carro,124421.0,2026-01-01,False
846.0,POR_MES,tarifa estándar para bicicleta,77432.0,2026-01-01,True
495.0,POR_DIA,tarifa estándar para camioneta,65074.0,2026-01-17,True
270.0,POR_HORA,tarifa estándar para bicicleta,222520.0,2026-01-01,False
46.0,POR_HORA,tarifa estándar para moto,123397.0,2026-04-24,True
649.0,POR_HORA,tarifa estándar para camioneta,114038.0,2026-05-04,True
214.0,POR_DIA,tarifa estándar para camioneta,107883.0,2026-01-06,False
905.0,POR_DIA,tarifa estándar para bicicleta,176574.0,2026-06-14,True
303.0,POR_DIA,tarifa estándar para moto,45905.0,2026-05-13,False
880.0,POR_HORA,tarifa estándar para camioneta,195544.0,2026-06-16,True
722.0,POR_DIA,tarifa estándar para moto,249445.0,2026-06-17,True
745.0,POR_DIA,tarifa estándar para bicicleta,149799.0,2026-03-06,True
186.0,POR_HORA,tarifa estándar para camioneta,91849.0,2026-01-01,True
388.0,POR_MES,tarifa estándar para carro,246056.0,2026-06-23,False
561.0,POR_MES,tarifa estándar para bicicleta,204852.0,2026-05-30,False
176.0,POR_HORA,tarifa estándar para moto,190104.0,2026-03-27,False
458.0,POR_DIA,tarifa estándar para bicicleta,238398.0,2026-01-28,False
474.0,POR_DIA,tarifa estándar para bicicleta,29671.0,2026-02-13,False
412.0,POR_MES,tarifa estándar para bicicleta,94298.0,2026-01-01,True
360.0,POR_HORA,tarifa estándar para moto,234882.0,2026-03-09,True
122.0,POR_DIA,tarifa estándar para bicicleta,15922.0,2026-01-01,True
230.0,POR_HORA,tarifa estándar para moto,160044.0,2026-04-12,False
614.0,POR_DIA,tarifa estándar para bicicleta,108615.0,2026-02-09,True
589.0,POR_HORA,tarifa estándar para camioneta,46481.0,2026-04-14,True
371.0,POR_MES,tarifa estándar para camioneta,188046.0,2026-06-16,True
792.0,POR_HORA,tarifa estándar para carro,215097.0,2026-01-01,False
85.0,POR_DIA,tarifa estándar para camioneta,29154.0,2026-02-13,True
149.0,POR_DIA,tarifa estándar para bicicleta,16643.0,2026-04-28,False
690.0,POR_HORA,tarifa estándar para bicicleta,82455.0,2026-05-25,True
879.0,POR_DIA,tarifa estándar para carro,199767.0,2026-05-28,True
131.0,POR_MES,tarifa estándar para camioneta,193659.0,2026-04-26,False
917.0,POR_MES,tarifa estándar para bicicleta,86177.0,2026-04-26,False
883.0,POR_HORA,tarifa estándar para bicicleta,98622.0,2026-04-19,False
424.0,POR_MES,tarifa estándar para carro,134927.0,2026-01-31,True
801.0,POR_MES,tarifa estándar para carro,53183.0,2026-04-11,True
676.0,POR_HORA,tarifa estándar para bicicleta,116696.0,2026-01-01,False
722.0,POR_HORA,tarifa estándar para moto,133959.0,2026-01-01,False
350.0,POR_DIA,tarifa estándar para camioneta,212307.0,2026-04-05,True
948.0,POR_HORA,tarifa estándar para camioneta,165993.0,2026-01-01,False
426.0,POR_DIA,tarifa estándar para bicicleta,94767.0,2026-03-03,True
284.0,POR_DIA,tarifa estándar para carro,164321.0,2026-03-19,False
488.0,POR_HORA,tarifa estándar para camioneta,150885.0,2026-06-18,True
531.0,POR_DIA,tarifa estándar para carro,169685.0,2026-01-17,True
124.0,POR_MES,tarifa estándar para camioneta,248173.0,2026-03-20,False
974.0,POR_MES,tarifa estándar para camioneta,55446.0,2026-01-06,True
38.0,POR_HORA,tarifa estándar para moto,143806.0,2026-04-03,False
744.0,POR_DIA,tarifa estándar para camioneta,211643.0,2026-01-01,False
617.0,POR_HORA,tarifa estándar para moto,187252.0,2026-03-17,True
275.0,POR_HORA,tarifa estándar para camioneta,236411.0,2026-05-04,False
219.0,POR_DIA,tarifa estándar para camioneta,47194.0,2026-03-08,False
826.0,POR_HORA,tarifa estándar para carro,226982.0,2026-05-13,False
890.0,POR_DIA,tarifa estándar para moto,9353.0,2026-05-08,False
305.0,POR_HORA,tarifa estándar para camioneta,75272.0,2026-01-01,True
382.0,POR_MES,tarifa estándar para moto,79801.0,2026-06-10,True
993.0,POR_MES,tarifa estándar para carro,135751.0,2026-01-01,True
288.0,POR_DIA,tarifa estándar para bicicleta,197545.0,2026-04-04,False
775.0,POR_DIA,tarifa estándar para camioneta,10700.0,2026-01-25,True
567.0,POR_HORA,tarifa estándar para bicicleta,87052.0,2026-01-19,False
778.0,POR_MES,tarifa estándar para carro,129701.0,2026-01-28,False
620.0,POR_DIA,tarifa estándar para bicicleta,202915.0,2026-05-24,True
997.0,POR_HORA,tarifa estándar para moto,227843.0,2026-02-17,False
539.0,POR_MES,tarifa estándar para moto,67725.0,2026-01-01,True
893.0,POR_HORA,tarifa estándar para bicicleta,54293.0,2026-01-01,True
689.0,POR_HORA,tarifa estándar para moto,204837.0,2026-04-21,True
531.0,POR_DIA,tarifa estándar para moto,82194.0,2026-05-13,True
931.0,POR_DIA,tarifa estándar para camioneta,208577.0,2026-05-20,True
631.0,POR_HORA,tarifa estándar para moto,55347.0,2026-06-30,True
120.0,POR_DIA,tarifa estándar para camioneta,42391.0,2026-01-01,True
183.0,POR_MES,tarifa estándar para carro,109791.0,2026-04-11,True
436.0,POR_DIA,tarifa estándar para camioneta,198506.0,2026-01-31,False
737.0,POR_MES,tarifa estándar para moto,42948.0,2026-06-12,False
796.0,POR_HORA,tarifa estándar para moto,238496.0,2026-06-24,True
620.0,POR_MES,tarifa estándar para bicicleta,212800.0,2026-04-25,False
476.0,POR_DIA,tarifa estándar para moto,125888.0,2026-02-22,False
404.0,POR_HORA,tarifa estándar para moto,105283.0,2026-05-01,True
237.0,POR_HORA,tarifa estándar para carro,62510.0,2026-01-08,False
133.0,POR_MES,tarifa estándar para bicicleta,87910.0,2026-02-22,True
716.0,POR_MES,tarifa estándar para bicicleta,189305.0,2026-03-07,False
400.0,POR_HORA,tarifa estándar para moto,217392.0,2026-01-01,False
629.0,POR_MES,tarifa estándar para carro,67683.0,2026-01-28,False
93.0,POR_MES,tarifa estándar para bicicleta,8014.0,2026-02-12,True
251.0,POR_DIA,tarifa estándar para moto,214679.0,2026-04-29,True
210.0,POR_HORA,tarifa estándar para carro,160055.0,2026-01-01,False
809.0,POR_MES,tarifa estándar para moto,152941.0,2026-01-18,True
662.0,POR_DIA,tarifa estándar para moto,18803.0,2026-06-27,True
812.0,POR_HORA,tarifa estándar para camioneta,14161.0,2026-03-23,False
277.0,POR_HORA,tarifa estándar para camioneta,249820.0,2026-06-13,False
255.0,POR_DIA,tarifa estándar para bicicleta,166402.0,2026-06-22,False
107.0,POR_DIA,tarifa estándar para bicicleta,144038.0,2026-04-05,True
599.0,POR_MES,tarifa estándar para moto,64131.0,2026-05-21,False
313.0,POR_MES,tarifa estándar para moto,144672.0,2026-05-22,True
849.0,POR_MES,tarifa estándar para camioneta,177052.0,2026-06-19,False
926.0,POR_HORA,tarifa estándar para carro,138481.0,2026-01-01,False
280.0,POR_HORA,tarifa estándar para bicicleta,119202.0,2026-01-29,False
663.0,POR_DIA,tarifa estándar para camioneta,47800.0,2026-01-01,True
885.0,POR_DIA,tarifa estándar para carro,163383.0,2026-01-02,False
777.0,POR_HORA,tarifa estándar para moto,239777.0,2026-01-29,True
837.0,POR_HORA,tarifa estándar para carro,59866.0,2026-01-08,False
843.0,POR_DIA,tarifa estándar para carro,182215.0,2026-06-09,True
489.0,POR_DIA,tarifa estándar para bicicleta,175228.0,2026-03-06,True
502.0,POR_HORA,tarifa estándar para bicicleta,46457.0,2026-06-06,True
16.0,POR_HORA,tarifa estándar para moto,167914.0,2026-01-25,True
661.0,POR_MES,tarifa estándar para camioneta,60846.0,2026-06-13,True
123.0,POR_HORA,tarifa estándar para moto,71574.0,2026-05-11,True
210.0,POR_MES,tarifa estándar para moto,197933.0,2026-04-03,False
531.0,POR_DIA,tarifa estándar para carro,196624.0,2026-01-10,True
403.0,POR_MES,tarifa estándar para camioneta,240131.0,2026-04-22,False
354.0,POR_MES,tarifa estándar para carro,55502.0,2026-01-31,False
512.0,POR_MES,tarifa estándar para carro,223728.0,2026-05-31,False
202.0,POR_DIA,tarifa estándar para carro,122566.0,2026-01-11,True
357.0,POR_MES,tarifa estándar para bicicleta,75565.0,2026-01-23,False
1000.0,POR_DIA,tarifa estándar para carro,59271.0,2026-03-23,True
329.0,POR_DIA,tarifa estándar para camioneta,27641.0,2026-01-01,False
960.0,POR_MES,tarifa estándar para bicicleta,80214.0,2026-01-29,False
549.0,POR_HORA,tarifa estándar para moto,157140.0,2026-04-27,True
402.0,POR_MES,tarifa estándar para carro,171762.0,2026-03-05,False
287.0,POR_MES,tarifa estándar para carro,202201.0,2026-06-26,False
753.0,POR_DIA,tarifa estándar para bicicleta,107445.0,2026-05-12,False
491.0,POR_DIA,tarifa estándar para moto,98025.0,2026-05-29,True
88.0,POR_DIA,tarifa estándar para moto,43347.0,2026-06-18,True
525.0,POR_MES,tarifa estándar para bicicleta,188774.0,2026-05-24,False
441.0,POR_HORA,tarifa estándar para camioneta,229625.0,2026-03-29,False
351.0,POR_MES,tarifa estándar para carro,91277.0,2026-04-02,True
650.0,POR_HORA,tarifa estándar para camioneta,162356.0,2026-02-17,False
545.0,POR_MES,tarifa estándar para bicicleta,19470.0,2026-01-08,True
425.0,POR_HORA,tarifa estándar para camioneta,115755.0,2026-03-14,False
179.0,POR_MES,tarifa estándar para carro,178956.0,2026-01-19,True
873.0,POR_MES,tarifa estándar para camioneta,111479.0,2026-05-02,True
167.0,POR_DIA,tarifa estándar para carro,53861.0,2026-02-05,True
619.0,POR_DIA,tarifa estándar para bicicleta,110727.0,2026-02-10,True
691.0,POR_DIA,tarifa estándar para camioneta,190292.0,2026-03-07,False
519.0,POR_HORA,tarifa estándar para carro,231161.0,2026-06-05,True
951.0,POR_MES,tarifa estándar para bicicleta,115205.0,2026-06-12,False
405.0,POR_HORA,tarifa estándar para camioneta,13160.0,2026-02-12,False
370.0,POR_HORA,tarifa estándar para camioneta,45861.0,2026-06-19,True
566.0,POR_DIA,tarifa estándar para carro,211316.0,2026-01-29,False
731.0,POR_MES,tarifa estándar para camioneta,94510.0,2026-01-01,False
999.0,POR_MES,tarifa estándar para bicicleta,233997.0,2026-01-11,True
825.0,POR_DIA,tarifa estándar para carro,220455.0,2026-03-16,True
813.0,POR_HORA,tarifa estándar para bicicleta,123784.0,2026-06-30,True
634.0,POR_MES,tarifa estándar para camioneta,44663.0,2026-04-04,False
156.0,POR_HORA,tarifa estándar para bicicleta,124617.0,2026-01-01,True
468.0,POR_HORA,tarifa estándar para carro,47837.0,2026-01-01,True
449.0,POR_MES,tarifa estándar para moto,59751.0,2026-01-12,True
